order_id,order_date,sku_id,quantity,unit_price,discount,promotion
SKU-001-20240101,2024-01-01,SKU-001,11,39.6,0.0,False
SKU-001-20240102,2024-01-02,SKU-001,14,39.6,0.0,False
SKU-001-20240103,2024-01-03,SKU-001,19,39.6,0.0,False
SKU-001-20240104,2024-01-04,SKU-001,7,39.6,0.0,False
SKU-001-20240105,2024-01-05,SKU-001,18,39.6,0.0,False
SKU-001-20240106,2024-01-06,SKU-001,11,39.6,0.0,False
SKU-001-20240107,2024-01-07,SKU-001,11,39.6,0.0,False
SKU-001-20240108,2024-01-08,SKU-001,11,39.6,0.0,False
SKU-001-20240109,2024-01-09,SKU-001,16,39.6,0.0,False
SKU-001-20240110,2024-01-10,SKU-001,8,39.6,0.0,False
SKU-001-20240111,2024-01-11,SKU-001,11,39.6,0.0,False
SKU-001-20240112,2024-01-12,SKU-001,7,39.6,0.0,False
SKU-001-20240113,2024-01-13,SKU-001,16,39.6,0.0,False
SKU-001-20240114,2024-01-14,SKU-001,20,39.6,0.1,True
SKU-001-20240115,2024-01-15,SKU-001,16,39.6,0.0,False
SKU-001-20240116,2024-01-16,SKU-001,10,39.6,0.0,False
SKU-001-20240117,2024-01-17,SKU-001,8,39.6,0.0,False
SKU-001-20240118,2024-01-18,SKU-001,15,39.6,0.0,False
SKU-001-20240119,2024-01-19,SKU-001,15,39.6,0.0,False
SKU-001-20240120,2024-01-20,SKU-001,21,39.6,0.0,False
SKU-001-20240121,2024-01-21,SKU-001,17,39.6,0.0,False
SKU-001-20240122,2024-01-22,SKU-001,14,39.6,0.0,False
SKU-001-20240123,2024-01-23,SKU-001,17,39.6,0.0,False
SKU-001-20240124,2024-01-24,SKU-001,13,39.6,0.0,False
SKU-001-20240125,2024-01-25,SKU-001,10,39.6,0.0,False
SKU-001-20240126,2024-01-26,SKU-001,11,39.6,0.0,False
SKU-001-20240127,2024-01-27,SKU-001,21,39.6,0.0,False
SKU-001-20240128,2024-01-28,SKU-001,15,39.6,0.0,False
SKU-001-20240129,2024-01-29,SKU-001,11,39.6,0.0,False
SKU-001-20240130,2024-01-30,SKU-001,12,39.6,0.0,False
SKU-001-20240131,2024-01-31,SKU-001,18,39.6,0.0,False
SKU-001-20240201,2024-02-01,SKU-001,16,39.6,0.1,True
SKU-001-20240202,2024-02-02,SKU-001,13,39.6,0.0,False
SKU-001-20240203,2024-02-03,SKU-001,21,39.6,0.0,False
SKU-001-20240204,2024-02-04,SKU-001,19,39.6,0.0,False
SKU-001-20240205,2024-02-05,SKU-001,12,39.6,0.0,False
SKU-001-20240206,2024-02-06,SKU-001,11,39.6,0.0,False
SKU-001-20240207,2024-02-07,SKU-001,10,39.6,0.0,False
SKU-001-20240208,2024-02-08,SKU-001,5,39.6,0.0,False
SKU-001-20240209,2024-02-09,SKU-001,9,39.6,0.0,False
SKU-001-20240210,2024-02-10,SKU-001,23,39.6,0.0,False
SKU-001-20240211,2024-02-11,SKU-001,15,39.6,0.0,False
SKU-001-20240212,2024-02-12,SKU-001,12,39.6,0.0,False
SKU-001-20240213,2024-02-13,SKU-001,9,39.6,0.0,False
SKU-001-20240214,2024-02-14,SKU-001,9,39.6,0.0,False
SKU-001-20240215,2024-02-15,SKU-001,16,39.6,0.0,False
SKU-001-20240216,2024-02-16,SKU-001,11,39.6,0.0,False
SKU-001-20240217,2024-02-17,SKU-001,19,39.6,0.0,False
SKU-001-20240218,2024-02-18,SKU-001,13,39.6,0.0,False
SKU-001-20240219,2024-02-19,SKU-001,15,39.6,0.0,False
SKU-001-20240220,2024-02-20,SKU-001,15,39.6,0.0,False
SKU-001-20240221,2024-02-21,SKU-001,12,39.6,0.0,False
SKU-001-20240222,2024-02-22,SKU-001,16,39.6,0.0,False
SKU-001-20240223,2024-02-23,SKU-001,17,39.6,0.0,False
SKU-001-20240224,2024-02-24,SKU-001,11,39.6,0.0,False
SKU-001-20240225,2024-02-25,SKU-001,17,39.6,0.0,False
SKU-001-20240226,2024-02-26,SKU-001,11,39.6,0.0,False
SKU-001-20240227,2024-02-27,SKU-001,19,39.6,0.0,False
SKU-001-20240228,2024-02-28,SKU-001,11,39.6,0.0,False
SKU-001-20240229,2024-02-29,SKU-001,18,39.6,0.0,False
SKU-001-20240301,2024-03-01,SKU-001,18,39.6,0.0,False
SKU-001-20240302,2024-03-02,SKU-001,21,39.6,0.0,False
SKU-001-20240303,2024-03-03,SKU-001,19,39.6,0.0,False
SKU-001-20240304,2024-03-04,SKU-001,12,39.6,0.0,False
SKU-001-20240305,2024-03-05,SKU-001,20,39.6,0.0,False
SKU-001-20240306,2024-03-06,SKU-001,16,39.6,0.0,False
SKU-001-20240307,2024-03-07,SKU-001,11,39.6,0.0,False
SKU-001-20240308,2024-03-08,SKU-001,12,39.6,0.0,False
SKU-001-20240309,2024-03-09,SKU-001,23,39.6,0.0,False
SKU-001-20240310,2024-03-10,SKU-001,23,39.6,0.0,False
SKU-001-20240311,2024-03-11,SKU-001,10,39.6,0.0,False
SKU-001-20240312,2024-03-12,SKU-001,12,39.6,0.0,False
SKU-001-20240313,2024-03-13,SKU-001,10,39.6,0.0,False
SKU-001-20240314,2024-03-14,SKU-001,16,39.6,0.0,False
SKU-001-20240315,2024-03-15,SKU-001,18,39.6,0.0,False
SKU-001-20240316,2024-03-16,SKU-001,10,39.6,0.0,False
SKU-001-20240317,2024-03-17,SKU-001,17,39.6,0.0,False
SKU-001-20240318,2024-03-18,SKU-001,15,39.6,0.0,False
SKU-001-20240319,2024-03-19,SKU-001,15,39.6,0.0,False
SKU-001-20240320,2024-03-20,SKU-001,12,39.6,0.0,False
SKU-001-20240321,2024-03-21,SKU-001,9,39.6,0.0,False
SKU-001-20240322,2024-03-22,SKU-001,12,39.6,0.0,False
SKU-001-20240323,2024-03-23,SKU-001,15,39.6,0.0,False
SKU-001-20240324,2024-03-24,SKU-001,20,39.6,0.0,False
SKU-001-20240325,2024-03-25,SKU-001,15,39.6,0.0,False
SKU-001-20240326,2024-03-26,SKU-001,11,39.6,0.0,False
SKU-001-20240327,2024-03-27,SKU-001,11,39.6,0.0,False
SKU-001-20240328,2024-03-28,SKU-001,14,39.6,0.0,False
SKU-001-20240329,2024-03-29,SKU-001,18,39.6,0.0,False
SKU-001-20240330,2024-03-30,SKU-001,20,39.6,0.0,False
SKU-001-20240331,2024-03-31,SKU-001,18,39.6,0.0,False
SKU-001-20240401,2024-04-01,SKU-001,10,39.6,0.0,False
SKU-001-20240402,2024-04-02,SKU-001,18,39.6,0.0,False
SKU-001-20240403,2024-04-03,SKU-001,20,39.6,0.0,False
SKU-001-20240404,2024-04-04,SKU-001,14,39.6,0.0,False
SKU-001-20240405,2024-04-05,SKU-001,17,39.6,0.0,False
SKU-001-20240406,2024-04-06,SKU-001,14,39.6,0.0,False
SKU-001-20240407,2024-04-07,SKU-001,19,39.6,0.0,False
SKU-001-20240408,2024-04-08,SKU-001,10,39.6,0.0,False
SKU-001-20240409,2024-04-09,SKU-001,17,39.6,0.0,False
SKU-001-20240410,2024-04-10,SKU-001,14,39.6,0.0,False
SKU-001-20240411,2024-04-11,SKU-001,18,39.6,0.0,False
SKU-001-20240412,2024-04-12,SKU-001,14,39.6,0.0,False
SKU-001-20240413,2024-04-13,SKU-001,17,39.6,0.0,False
SKU-001-20240414,2024-04-14,SKU-001,13,39.6,0.0,False
SKU-001-20240415,2024-04-15,SKU-001,9,39.6,0.0,False
SKU-001-20240416,2024-04-16,SKU-001,12,39.6,0.0,False
SKU-001-20240417,2024-04-17,SKU-001,17,39.6,0.0,False
SKU-001-20240418,2024-04-18,SKU-001,13,39.6,0.0,False
SKU-001-20240419,2024-04-19,SKU-001,24,39.6,0.0,False
SKU-001-20240420,2024-04-20,SKU-001,8,39.6,0.0,False
SKU-001-20240421,2024-04-21,SKU-001,18,39.6,0.0,False
SKU-001-20240422,2024-04-22,SKU-001,13,39.6,0.0,False
SKU-001-20240423,2024-04-23,SKU-001,15,39.6,0.0,False
SKU-001-20240424,2024-04-24,SKU-001,8,39.6,0.0,False
SKU-001-20240425,2024-04-25,SKU-001,8,39.6,0.0,False
SKU-001-20240426,2024-04-26,SKU-001,9,39.6,0.0,False
SKU-001-20240427,2024-04-27,SKU-001,19,39.6,0.0,False
SKU-001-20240428,2024-04-28,SKU-001,18,39.6,0.0,False
SKU-001-20240429,2024-04-29,SKU-001,12,39.6,0.0,False
SKU-001-20240430,2024-04-30,SKU-001,15,39.6,0.0,False
SKU-001-20240501,2024-05-01,SKU-001,16,39.6,0.0,False
SKU-001-20240502,2024-05-02,SKU-001,11,39.6,0.0,False
SKU-001-20240503,2024-05-03,SKU-001,16,39.6,0.0,False
SKU-001-20240504,2024-05-04,SKU-001,21,39.6,0.0,False
SKU-001-20240505,2024-05-05,SKU-001,14,39.6,0.0,False
SKU-001-20240506,2024-05-06,SKU-001,14,39.6,0.0,False
SKU-001-20240507,2024-05-07,SKU-001,6,39.6,0.0,False
SKU-001-20240508,2024-05-08,SKU-001,17,39.6,0.0,False
SKU-001-20240509,2024-05-09,SKU-001,20,39.6,0.0,False
SKU-001-20240510,2024-05-10,SKU-001,11,39.6,0.0,False
SKU-001-20240511,2024-05-11,SKU-001,20,39.6,0.0,False
SKU-001-20240512,2024-05-12,SKU-001,25,39.6,0.0,False
SKU-001-20240513,2024-05-13,SKU-001,15,39.6,0.0,False
SKU-001-20240514,2024-05-14,SKU-001,12,39.6,0.0,False
SKU-001-20240515,2024-05-15,SKU-001,12,39.6,0.0,False
SKU-001-20240516,2024-05-16,SKU-001,16,39.6,0.0,False
SKU-001-20240517,2024-05-17,SKU-001,12,39.6,0.0,False
SKU-001-20240518,2024-05-18,SKU-001,17,39.6,0.0,False
SKU-001-20240519,2024-05-19,SKU-001,17,39.6,0.1,True
SKU-001-20240520,2024-05-20,SKU-001,16,39.6,0.0,False
SKU-001-20240521,2024-05-21,SKU-001,16,39.6,0.0,False
SKU-001-20240522,2024-05-22,SKU-001,10,39.6,0.0,False
SKU-001-20240523,2024-05-23,SKU-001,17,39.6,0.0,False
SKU-001-20240524,2024-05-24,SKU-001,14,39.6,0.0,False
SKU-001-20240525,2024-05-25,SKU-001,14,39.6,0.0,False
SKU-001-20240526,2024-05-26,SKU-001,11,39.6,0.0,False
SKU-001-20240527,2024-05-27,SKU-001,12,39.6,0.0,False
SKU-001-20240528,2024-05-28,SKU-001,11,39.6,0.0,False
SKU-001-20240529,2024-05-29,SKU-001,10,39.6,0.0,False
SKU-001-20240530,2024-05-30,SKU-001,13,39.6,0.0,False
SKU-001-20240531,2024-05-31,SKU-001,9,39.6,0.0,False
SKU-001-20240601,2024-06-01,SKU-001,18,39.6,0.0,False
SKU-001-20240602,2024-06-02,SKU-001,21,39.6,0.0,False
SKU-001-20240603,2024-06-03,SKU-001,14,39.6,0.0,False
SKU-001-20240604,2024-06-04,SKU-001,14,39.6,0.0,False
SKU-001-20240605,2024-06-05,SKU-001,12,39.6,0.0,False
SKU-001-20240606,2024-06-06,SKU-001,16,39.6,0.0,False
SKU-001-20240607,2024-06-07,SKU-001,13,39.6,0.0,False
SKU-001-20240608,2024-06-08,SKU-001,10,39.6,0.0,False
SKU-001-20240609,2024-06-09,SKU-001,22,39.6,0.0,False
SKU-001-20240610,2024-06-10,SKU-001,18,39.6,0.1,True
SKU-001-20240611,2024-06-11,SKU-001,15,39.6,0.0,False
SKU-001-20240612,2024-06-12,SKU-001,15,39.6,0.0,False
SKU-001-20240613,2024-06-13,SKU-001,12,39.6,0.0,False
SKU-001-20240614,2024-06-14,SKU-001,12,39.6,0.0,False
SKU-001-20240615,2024-06-15,SKU-001,13,39.6,0.0,False
SKU-001-20240616,2024-06-16,SKU-001,12,39.6,0.0,False
SKU-001-20240617,2024-06-17,SKU-001,10,39.6,0.0,False
SKU-001-20240618,2024-06-18,SKU-001,19,39.6,0.0,False
SKU-001-20240619,2024-06-19,SKU-001,6,39.6,0.0,False
SKU-001-20240620,2024-06-20,SKU-001,19,39.6,0.0,False
SKU-001-20240621,2024-06-21,SKU-001,11,39.6,0.0,False
SKU-001-20240622,2024-06-22,SKU-001,15,39.6,0.0,False
SKU-001-20240623,2024-06-23,SKU-001,13,39.6,0.0,False
SKU-001-20240624,2024-06-24,SKU-001,8,39.6,0.0,False
SKU-001-20240625,2024-06-25,SKU-001,13,39.6,0.0,False
SKU-001-20240626,2024-06-26,SKU-001,12,39.6,0.0,False
SKU-001-20240627,2024-06-27,SKU-001,16,39.6,0.0,False
SKU-001-20240628,2024-06-28,SKU-001,12,39.6,0.0,False
SKU-001-20240629,2024-06-29,SKU-001,14,39.6,0.0,False
SKU-001-20240630,2024-06-30,SKU-001,15,39.6,0.0,False
SKU-001-20240701,2024-07-01,SKU-001,13,39.6,0.0,False
SKU-001-20240702,2024-07-02,SKU-001,11,39.6,0.0,False
SKU-001-20240703,2024-07-03,SKU-001,12,39.6,0.0,False
SKU-001-20240704,2024-07-04,SKU-001,15,39.6,0.1,True
SKU-001-20240705,2024-07-05,SKU-001,9,39.6,0.0,False
SKU-001-20240706,2024-07-06,SKU-001,12,39.6,0.0,False
SKU-001-20240707,2024-07-07,SKU-001,13,39.6,0.1,True
SKU-001-20240708,2024-07-08,SKU-001,16,39.6,0.0,False
SKU-001-20240709,2024-07-09,SKU-001,10,39.6,0.0,False
SKU-001-20240710,2024-07-10,SKU-001,11,39.6,0.0,False
SKU-001-20240711,2024-07-11,SKU-001,13,39.6,0.0,False
SKU-001-20240712,2024-07-12,SKU-001,18,39.6,0.1,True
SKU-001-20240713,2024-07-13,SKU-001,8,39.6,0.0,False
SKU-001-20240714,2024-07-14,SKU-001,16,39.6,0.0,False
SKU-001-20240715,2024-07-15,SKU-001,10,39.6,0.0,False
SKU-001-20240716,2024-07-16,SKU-001,21,39.6,0.1,True
SKU-001-20240717,2024-07-17,SKU-001,11,39.6,0.0,False
SKU-001-20240718,2024-07-18,SKU-001,14,39.6,0.0,False
SKU-001-20240719,2024-07-19,SKU-001,8,39.6,0.0,False
SKU-001-20240720,2024-07-20,SKU-001,14,39.6,0.0,False
SKU-001-20240721,2024-07-21,SKU-001,12,39.6,0.0,False
SKU-001-20240722,2024-07-22,SKU-001,15,39.6,0.0,False
SKU-001-20240723,2024-07-23,SKU-001,8,39.6,0.0,False
SKU-001-20240724,2024-07-24,SKU-001,15,39.6,0.1,True
SKU-001-20240725,2024-07-25,SKU-001,7,39.6,0.0,False
SKU-001-20240726,2024-07-26,SKU-001,14,39.6,0.0,False
SKU-001-20240727,2024-07-27,SKU-001,10,39.6,0.0,False
SKU-001-20240728,2024-07-28,SKU-001,15,39.6,0.0,False
SKU-001-20240729,2024-07-29,SKU-001,14,39.6,0.0,False
SKU-001-20240730,2024-07-30,SKU-001,13,39.6,0.0,False
SKU-001-20240731,2024-07-31,SKU-001,12,39.6,0.0,False
SKU-001-20240801,2024-08-01,SKU-001,13,39.6,0.0,False
SKU-001-20240802,2024-08-02,SKU-001,13,39.6,0.0,False
SKU-001-20240803,2024-08-03,SKU-001,16,39.6,0.0,False
SKU-001-20240804,2024-08-04,SKU-001,10,39.6,0.0,False
SKU-001-20240805,2024-08-05,SKU-001,14,39.6,0.0,False
SKU-001-20240806,2024-08-06,SKU-001,13,39.6,0.0,False
SKU-001-20240807,2024-08-07,SKU-001,8,39.6,0.0,False
SKU-001-20240808,2024-08-08,SKU-001,7,39.6,0.0,False
SKU-001-20240809,2024-08-09,SKU-001,4,39.6,0.0,False
SKU-001-20240810,2024-08-10,SKU-001,12,39.6,0.0,False
SKU-001-20240811,2024-08-11,SKU-001,16,39.6,0.0,False
SKU-001-20240812,2024-08-12,SKU-001,11,39.6,0.0,False
SKU-001-20240813,2024-08-13,SKU-001,11,39.6,0.0,False
SKU-001-20240814,2024-08-14,SKU-001,16,39.6,0.0,False
SKU-001-20240815,2024-08-15,SKU-001,5,39.6,0.0,False
SKU-001-20240816,2024-08-16,SKU-001,7,39.6,0.0,False
SKU-001-20240817,2024-08-17,SKU-001,11,39.6,0.0,False
SKU-001-20240818,2024-08-18,SKU-001,11,39.6,0.0,False
SKU-001-20240819,2024-08-19,SKU-001,11,39.6,0.0,False
SKU-001-20240820,2024-08-20,SKU-001,18,39.6,0.0,False
SKU-001-20240821,2024-08-21,SKU-001,15,39.6,0.0,False
SKU-001-20240822,2024-08-22,SKU-001,12,39.6,0.0,False
SKU-001-20240823,2024-08-23,SKU-001,10,39.6,0.0,False
SKU-001-20240824,2024-08-24,SKU-001,15,39.6,0.0,False
SKU-001-20240825,2024-08-25,SKU-001,11,39.6,0.0,False
SKU-001-20240826,2024-08-26,SKU-001,14,39.6,0.0,False
SKU-001-20240827,2024-08-27,SKU-001,14,39.6,0.0,False
SKU-001-20240828,2024-08-28,SKU-001,11,39.6,0.0,False
SKU-001-20240829,2024-08-29,SKU-001,8,39.6,0.0,False
SKU-001-20240830,2024-08-30,SKU-001,10,39.6,0.0,False
SKU-001-20240831,2024-08-31,SKU-001,11,39.6,0.0,False
SKU-001-20240901,2024-09-01,SKU-001,13,39.6,0.0,False
SKU-001-20240902,2024-09-02,SKU-001,12,39.6,0.0,False
SKU-001-20240903,2024-09-03,SKU-001,10,39.6,0.0,False
SKU-001-20240904,2024-09-04,SKU-001,12,39.6,0.0,False
SKU-001-20240905,2024-09-05,SKU-001,11,39.6,0.0,False
SKU-001-20240906,2024-09-06,SKU-001,13,39.6,0.0,False
SKU-001-20240907,2024-09-07,SKU-001,6,39.6,0.0,False
SKU-001-20240908,2024-09-08,SKU-001,12,39.6,0.0,False
SKU-001-20240909,2024-09-09,SKU-001,8,39.6,0.0,False
SKU-001-20240910,2024-09-10,SKU-001,8,39.6,0.0,False
SKU-001-20240911,2024-09-11,SKU-001,11,39.6,0.0,False
SKU-001-20240912,2024-09-12,SKU-001,7,39.6,0.0,False
SKU-001-20240913,2024-09-13,SKU-001,8,39.6,0.0,False
SKU-001-20240914,2024-09-14,SKU-001,15,39.6,0.0,False
SKU-001-20240915,2024-09-15,SKU-001,12,39.6,0.0,False
SKU-001-20240916,2024-09-16,SKU-001,16,39.6,0.0,False
SKU-001-20240917,2024-09-17,SKU-001,12,39.6,0.0,False
SKU-001-20240918,2024-09-18,SKU-001,9,39.6,0.0,False
SKU-001-20240919,2024-09-19,SKU-001,9,39.6,0.0,False
SKU-001-20240920,2024-09-20,SKU-001,5,39.6,0.0,False
SKU-001-20240921,2024-09-21,SKU-001,13,39.6,0.0,False
SKU-001-20240922,2024-09-22,SKU-001,15,39.6,0.1,True
SKU-001-20240923,2024-09-23,SKU-001,11,39.6,0.0,False
SKU-001-20240924,2024-09-24,SKU-001,4,39.6,0.0,False
SKU-001-20240925,2024-09-25,SKU-001,8,39.6,0.0,False
SKU-001-20240926,2024-09-26,SKU-001,14,39.6,0.0,False
SKU-001-20240927,2024-09-27,SKU-001,10,39.6,0.0,False
SKU-001-20240928,2024-09-28,SKU-001,11,39.6,0.0,False
SKU-001-20240929,2024-09-29,SKU-001,4,39.6,0.0,False
SKU-001-20240930,2024-09-30,SKU-001,9,39.6,0.0,False
SKU-001-20241001,2024-10-01,SKU-001,12,39.6,0.0,False
SKU-001-20241002,2024-10-02,SKU-001,6,39.6,0.0,False
SKU-001-20241003,2024-10-03,SKU-001,7,39.6,0.0,False
SKU-001-20241004,2024-10-04,SKU-001,7,39.6,0.0,False
SKU-001-20241005,2024-10-05,SKU-001,14,39.6,0.0,False
SKU-001-20241006,2024-10-06,SKU-001,13,39.6,0.0,False
SKU-001-20241007,2024-10-07,SKU-001,11,39.6,0.0,False
SKU-001-20241008,2024-10-08,SKU-001,8,39.6,0.0,False
SKU-001-20241009,2024-10-09,SKU-001,13,39.6,0.0,False
SKU-001-20241010,2024-10-10,SKU-001,24,39.6,0.1,True
SKU-001-20241011,2024-10-11,SKU-001,9,39.6,0.0,False
SKU-001-20241012,2024-10-12,SKU-001,8,39.6,0.0,False
SKU-001-20241013,2024-10-13,SKU-001,7,39.6,0.0,False
SKU-001-20241014,2024-10-14,SKU-001,9,39.6,0.0,False
SKU-001-20241015,2024-10-15,SKU-001,7,39.6,0.0,False
SKU-001-20241016,2024-10-16,SKU-001,9,39.6,0.0,False
SKU-001-20241017,2024-10-17,SKU-001,11,39.6,0.0,False
SKU-001-20241018,2024-10-18,SKU-001,11,39.6,0.0,False
SKU-001-20241019,2024-10-19,SKU-001,10,39.6,0.0,False
SKU-001-20241020,2024-10-20,SKU-001,15,39.6,0.0,False
SKU-001-20241021,2024-10-21,SKU-001,7,39.6,0.0,False
SKU-001-20241022,2024-10-22,SKU-001,6,39.6,0.0,False
SKU-001-20241023,2024-10-23,SKU-001,19,39.6,0.1,True
SKU-001-20241024,2024-10-24,SKU-001,9,39.6,0.0,False
SKU-001-20241025,2024-10-25,SKU-001,8,39.6,0.0,False
SKU-001-20241026,2024-10-26,SKU-001,10,39.6,0.0,False
SKU-001-20241027,2024-10-27,SKU-001,18,39.6,0.0,False
SKU-001-20241028,2024-10-28,SKU-001,6,39.6,0.0,False
SKU-001-20241029,2024-10-29,SKU-001,9,39.6,0.0,False
SKU-001-20241030,2024-10-30,SKU-001,10,39.6,0.0,False
SKU-001-20241031,2024-10-31,SKU-001,13,39.6,0.0,False
SKU-001-20241101,2024-11-01,SKU-001,7,39.6,0.0,False
SKU-001-20241102,2024-11-02,SKU-001,14,39.6,0.0,False
SKU-001-20241103,2024-11-03,SKU-001,10,39.6,0.0,False
SKU-001-20241104,2024-11-04,SKU-001,13,39.6,0.0,False
SKU-001-20241105,2024-11-05,SKU-001,10,39.6,0.0,False
SKU-001-20241106,2024-11-06,SKU-001,9,39.6,0.0,False
SKU-001-20241107,2024-11-07,SKU-001,9,39.6,0.0,False
SKU-001-20241108,2024-11-08,SKU-001,9,39.6,0.0,False
SKU-001-20241109,2024-11-09,SKU-001,10,39.6,0.0,False
SKU-001-20241110,2024-11-10,SKU-001,9,39.6,0.0,False
SKU-001-20241111,2024-11-11,SKU-001,9,39.6,0.0,False
SKU-001-20241112,2024-11-12,SKU-001,12,39.6,0.0,False
SKU-001-20241113,2024-11-13,SKU-001,8,39.6,0.0,False
SKU-001-20241114,2024-11-14,SKU-001,10,39.6,0.0,False
SKU-001-20241115,2024-11-15,SKU-001,12,39.6,0.0,False
SKU-001-20241116,2024-11-16,SKU-001,17,39.6,0.0,False
SKU-001-20241117,2024-11-17,SKU-001,7,39.6,0.0,False
SKU-001-20241118,2024-11-18,SKU-001,9,39.6,0.0,False
SKU-001-20241119,2024-11-19,SKU-001,10,39.6,0.0,False
SKU-001-20241120,2024-11-20,SKU-001,15,39.6,0.0,False
SKU-001-20241121,2024-11-21,SKU-001,8,39.6,0.0,False
SKU-001-20241122,2024-11-22,SKU-001,7,39.6,0.0,False
SKU-001-20241123,2024-11-23,SKU-001,14,39.6,0.0,False
SKU-001-20241124,2024-11-24,SKU-001,19,39.6,0.0,False
SKU-001-20241125,2024-11-25,SKU-001,9,39.6,0.0,False
SKU-001-20241126,2024-11-26,SKU-001,16,39.6,0.0,False
SKU-001-20241127,2024-11-27,SKU-001,7,39.6,0.0,False
SKU-001-20241128,2024-11-28,SKU-001,12,39.6,0.0,False
SKU-001-20241129,2024-11-29,SKU-001,19,39.6,0.0,False
SKU-001-20241130,2024-11-30,SKU-001,12,39.6,0.0,False
SKU-001-20241201,2024-12-01,SKU-001,20,39.6,0.0,False
SKU-001-20241202,2024-12-02,SKU-001,13,39.6,0.0,False
SKU-001-20241203,2024-12-03,SKU-001,10,39.6,0.0,False
SKU-001-20241204,2024-12-04,SKU-001,13,39.6,0.0,False
SKU-001-20241205,2024-12-05,SKU-001,7,39.6,0.0,False
SKU-001-20241206,2024-12-06,SKU-001,8,39.6,0.0,False
SKU-001-20241207,2024-12-07,SKU-001,12,39.6,0.0,False
SKU-001-20241208,2024-12-08,SKU-001,11,39.6,0.0,False
SKU-001-20241209,2024-12-09,SKU-001,13,39.6,0.0,False
SKU-001-20241210,2024-12-10,SKU-001,16,39.6,0.0,False
SKU-001-20241211,2024-12-11,SKU-001,6,39.6,0.0,False
SKU-001-20241212,2024-12-12,SKU-001,8,39.6,0.0,False
SKU-001-20241213,2024-12-13,SKU-001,13,39.6,0.0,False
SKU-001-20241214,2024-12-14,SKU-001,13,39.6,0.0,False
SKU-001-20241215,2024-12-15,SKU-001,14,39.6,0.0,False
SKU-001-20241216,2024-12-16,SKU-001,10,39.6,0.0,False
SKU-001-20241217,2024-12-17,SKU-001,8,39.6,0.0,False
SKU-001-20241218,2024-12-18,SKU-001,11,39.6,0.0,False
SKU-001-20241219,2024-12-19,SKU-001,3,39.6,0.0,False
SKU-001-20241220,2024-12-20,SKU-001,9,39.6,0.0,False
SKU-001-20241221,2024-12-21,SKU-001,12,39.6,0.0,False
SKU-001-20241222,2024-12-22,SKU-001,15,39.6,0.0,False
SKU-001-20241223,2024-12-23,SKU-001,12,39.6,0.0,False
SKU-001-20241224,2024-12-24,SKU-001,19,39.6,0.0,False
SKU-001-20241225,2024-12-25,SKU-001,20,39.6,0.0,False
SKU-001-20241226,2024-12-26,SKU-001,7,39.6,0.0,False
SKU-001-20241227,2024-12-27,SKU-001,7,39.6,0.0,False
SKU-001-20241228,2024-12-28,SKU-001,11,39.6,0.0,False
SKU-001-20241229,2024-12-29,SKU-001,17,39.6,0.0,False
SKU-001-20241230,2024-12-30,SKU-001,15,39.6,0.0,False
SKU-001-20241231,2024-12-31,SKU-001,12,39.6,0.0,False
SKU-001-20250101,2025-01-01,SKU-001,13,39.6,0.0,False
SKU-001-20250102,2025-01-02,SKU-001,13,39.6,0.0,False
SKU-001-20250103,2025-01-03,SKU-001,16,39.6,0.0,False
SKU-001-20250104,2025-01-04,SKU-001,17,39.6,0.0,False
SKU-001-20250105,2025-01-05,SKU-001,17,39.6,0.0,False
SKU-001-20250106,2025-01-06,SKU-001,11,39.6,0.0,False
SKU-001-20250107,2025-01-07,SKU-001,9,39.6,0.0,False
SKU-001-20250108,2025-01-08,SKU-001,7,39.6,0.0,False
SKU-001-20250109,2025-01-09,SKU-001,18,39.6,0.0,False
SKU-001-20250110,2025-01-10,SKU-001,8,39.6,0.0,False
SKU-001-20250111,2025-01-11,SKU-001,20,39.6,0.0,False
SKU-001-20250112,2025-01-12,SKU-001,18,39.6,0.0,False
SKU-001-20250113,2025-01-13,SKU-001,11,39.6,0.1,True
SKU-001-20250114,2025-01-14,SKU-001,10,39.6,0.0,False
SKU-001-20250115,2025-01-15,SKU-001,28,39.6,0.1,True
SKU-001-20250116,2025-01-16,SKU-001,11,39.6,0.0,False
SKU-001-20250117,2025-01-17,SKU-001,5,39.6,0.0,False
SKU-001-20250118,2025-01-18,SKU-001,16,39.6,0.0,False
SKU-001-20250119,2025-01-19,SKU-001,17,39.6,0.0,False
SKU-001-20250120,2025-01-20,SKU-001,17,39.6,0.1,True
SKU-001-20250121,2025-01-21,SKU-001,9,39.6,0.0,False
SKU-001-20250122,2025-01-22,SKU-001,10,39.6,0.0,False
SKU-001-20250123,2025-01-23,SKU-001,17,39.6,0.0,False
SKU-001-20250124,2025-01-24,SKU-001,15,39.6,0.0,False
SKU-001-20250125,2025-01-25,SKU-001,19,39.6,0.1,True
SKU-001-20250126,2025-01-26,SKU-001,31,39.6,0.0,False
SKU-001-20250127,2025-01-27,SKU-001,11,39.6,0.0,False
SKU-001-20250128,2025-01-28,SKU-001,12,39.6,0.0,False
SKU-001-20250129,2025-01-29,SKU-001,11,39.6,0.0,False
SKU-001-20250130,2025-01-30,SKU-001,11,39.6,0.0,False
SKU-001-20250131,2025-01-31,SKU-001,6,39.6,0.0,False
SKU-001-20250201,2025-02-01,SKU-001,23,39.6,0.1,True
SKU-001-20250202,2025-02-02,SKU-001,20,39.6,0.0,False
SKU-001-20250203,2025-02-03,SKU-001,10,39.6,0.0,False
SKU-001-20250204,2025-02-04,SKU-001,12,39.6,0.0,False
SKU-001-20250205,2025-02-05,SKU-001,15,39.6,0.0,False
SKU-001-20250206,2025-02-06,SKU-001,10,39.6,0.0,False
SKU-001-20250207,2025-02-07,SKU-001,10,39.6,0.0,False
SKU-001-20250208,2025-02-08,SKU-001,16,39.6,0.1,True
SKU-001-20250209,2025-02-09,SKU-001,15,39.6,0.0,False
SKU-001-20250210,2025-02-10,SKU-001,24,39.6,0.1,True
SKU-001-20250211,2025-02-11,SKU-001,11,39.6,0.0,False
SKU-001-20250212,2025-02-12,SKU-001,5,39.6,0.0,False
SKU-001-20250213,2025-02-13,SKU-001,15,39.6,0.0,False
SKU-001-20250214,2025-02-14,SKU-001,13,39.6,0.0,False
SKU-001-20250215,2025-02-15,SKU-001,13,39.6,0.0,False
SKU-001-20250216,2025-02-16,SKU-001,13,39.6,0.0,False
SKU-001-20250217,2025-02-17,SKU-001,8,39.6,0.0,False
SKU-001-20250218,2025-02-18,SKU-001,5,39.6,0.0,False
SKU-001-20250219,2025-02-19,SKU-001,21,39.6,0.0,False
SKU-001-20250220,2025-02-20,SKU-001,12,39.6,0.0,False
SKU-001-20250221,2025-02-21,SKU-001,13,39.6,0.0,False
SKU-001-20250222,2025-02-22,SKU-001,14,39.6,0.0,False
SKU-001-20250223,2025-02-23,SKU-001,12,39.6,0.0,False
SKU-001-20250224,2025-02-24,SKU-001,18,39.6,0.0,False
SKU-001-20250225,2025-02-25,SKU-001,17,39.6,0.1,True
SKU-001-20250226,2025-02-26,SKU-001,6,39.6,0.0,False
SKU-001-20250227,2025-02-27,SKU-001,15,39.6,0.0,False
SKU-001-20250228,2025-02-28,SKU-001,14,39.6,0.0,False
SKU-001-20250301,2025-03-01,SKU-001,17,39.6,0.0,False
SKU-001-20250302,2025-03-02,SKU-001,19,39.6,0.0,False
SKU-001-20250303,2025-03-03,SKU-001,12,39.6,0.0,False
SKU-001-20250304,2025-03-04,SKU-001,12,39.6,0.0,False
SKU-001-20250305,2025-03-05,SKU-001,16,39.6,0.0,False
SKU-001-20250306,2025-03-06,SKU-001,16,39.6,0.0,False
SKU-001-20250307,2025-03-07,SKU-001,14,39.6,0.0,False
SKU-001-20250308,2025-03-08,SKU-001,25,39.6,0.0,False
SKU-001-20250309,2025-03-09,SKU-001,19,39.6,0.0,False
SKU-001-20250310,2025-03-10,SKU-001,12,39.6,0.0,False
SKU-001-20250311,2025-03-11,SKU-001,27,39.6,0.0,False
SKU-001-20250312,2025-03-12,SKU-001,10,39.6,0.0,False
SKU-001-20250313,2025-03-13,SKU-001,16,39.6,0.0,False
SKU-001-20250314,2025-03-14,SKU-001,13,39.6,0.0,False
SKU-001-20250315,2025-03-15,SKU-001,13,39.6,0.0,False
SKU-001-20250316,2025-03-16,SKU-001,18,39.6,0.0,False
SKU-001-20250317,2025-03-17,SKU-001,9,39.6,0.0,False
SKU-001-20250318,2025-03-18,SKU-001,15,39.6,0.0,False
SKU-001-20250319,2025-03-19,SKU-001,9,39.6,0.0,False
SKU-001-20250320,2025-03-20,SKU-001,12,39.6,0.0,False
SKU-001-20250321,2025-03-21,SKU-001,27,39.6,0.1,True
SKU-001-20250322,2025-03-22,SKU-001,18,39.6,0.0,False
SKU-001-20250323,2025-03-23,SKU-001,12,39.6,0.0,False
SKU-001-20250324,2025-03-24,SKU-001,13,39.6,0.0,False
SKU-001-20250325,2025-03-25,SKU-001,21,39.6,0.0,False
SKU-001-20250326,2025-03-26,SKU-001,18,39.6,0.0,False
SKU-001-20250327,2025-03-27,SKU-001,13,39.6,0.0,False
SKU-001-20250328,2025-03-28,SKU-001,20,39.6,0.0,False
SKU-001-20250329,2025-03-29,SKU-001,18,39.6,0.0,False
SKU-001-20250330,2025-03-30,SKU-001,20,39.6,0.0,False
SKU-001-20250331,2025-03-31,SKU-001,14,39.6,0.0,False
SKU-001-20250401,2025-04-01,SKU-001,11,39.6,0.0,False
SKU-001-20250402,2025-04-02,SKU-001,16,39.6,0.0,False
SKU-001-20250403,2025-04-03,SKU-001,14,39.6,0.0,False
SKU-001-20250404,2025-04-04,SKU-001,15,39.6,0.0,False
SKU-001-20250405,2025-04-05,SKU-001,17,39.6,0.0,False
SKU-001-20250406,2025-04-06,SKU-001,17,39.6,0.0,False
SKU-001-20250407,2025-04-07,SKU-001,13,39.6,0.0,False
SKU-001-20250408,2025-04-08,SKU-001,12,39.6,0.0,False
SKU-001-20250409,2025-04-09,SKU-001,18,39.6,0.0,False
SKU-001-20250410,2025-04-10,SKU-001,18,39.6,0.0,False
SKU-001-20250411,2025-04-11,SKU-001,9,39.6,0.0,False
SKU-001-20250412,2025-04-12,SKU-001,19,39.6,0.0,False
SKU-001-20250413,2025-04-13,SKU-001,23,39.6,0.0,False
SKU-001-20250414,2025-04-14,SKU-001,23,39.6,0.0,False
SKU-001-20250415,2025-04-15,SKU-001,21,39.6,0.0,False
SKU-001-20250416,2025-04-16,SKU-001,11,39.6,0.0,False
SKU-001-20250417,2025-04-17,SKU-001,16,39.6,0.0,False
SKU-001-20250418,2025-04-18,SKU-001,21,39.6,0.1,True
SKU-001-20250419,2025-04-19,SKU-001,13,39.6,0.0,False
SKU-001-20250420,2025-04-20,SKU-001,23,39.6,0.1,True
SKU-001-20250421,2025-04-21,SKU-001,9,39.6,0.0,False
SKU-001-20250422,2025-04-22,SKU-001,16,39.6,0.0,False
SKU-001-20250423,2025-04-23,SKU-001,15,39.6,0.0,False
SKU-001-20250424,2025-04-24,SKU-001,8,39.6,0.0,False
SKU-001-20250425,2025-04-25,SKU-001,12,39.6,0.1,True
SKU-001-20250426,2025-04-26,SKU-001,19,39.6,0.1,True
SKU-001-20250427,2025-04-27,SKU-001,21,39.6,0.0,False
SKU-001-20250428,2025-04-28,SKU-001,15,39.6,0.0,False
SKU-001-20250429,2025-04-29,SKU-001,20,39.6,0.0,False
SKU-001-20250430,2025-04-30,SKU-001,14,39.6,0.0,False
SKU-001-20250501,2025-05-01,SKU-001,10,39.6,0.0,False
SKU-001-20250502,2025-05-02,SKU-001,11,39.6,0.0,False
SKU-001-20250503,2025-05-03,SKU-001,14,39.6,0.0,False
SKU-001-20250504,2025-05-04,SKU-001,26,39.6,0.1,True
SKU-001-20250505,2025-05-05,SKU-001,15,39.6,0.0,False
SKU-001-20250506,2025-05-06,SKU-001,9,39.6,0.1,True
SKU-001-20250507,2025-05-07,SKU-001,19,39.6,0.0,False
SKU-001-20250508,2025-05-08,SKU-001,19,39.6,0.0,False
SKU-001-20250509,2025-05-09,SKU-001,8,39.6,0.0,False
SKU-001-20250510,2025-05-10,SKU-001,16,39.6,0.0,False
SKU-001-20250511,2025-05-11,SKU-001,23,39.6,0.0,False
SKU-001-20250512,2025-05-12,SKU-001,12,39.6,0.0,False
SKU-001-20250513,2025-05-13,SKU-001,15,39.6,0.0,False
SKU-001-20250514,2025-05-14,SKU-001,13,39.6,0.0,False
SKU-001-20250515,2025-05-15,SKU-001,2,39.6,0.0,False
SKU-001-20250516,2025-05-16,SKU-001,10,39.6,0.0,False
SKU-001-20250517,2025-05-17,SKU-001,22,39.6,0.0,False
SKU-001-20250518,2025-05-18,SKU-001,17,39.6,0.0,False
SKU-001-20250519,2025-05-19,SKU-001,17,39.6,0.0,False
SKU-001-20250520,2025-05-20,SKU-001,12,39.6,0.0,False
SKU-001-20250521,2025-05-21,SKU-001,17,39.6,0.0,False
SKU-001-20250522,2025-05-22,SKU-001,16,39.6,0.0,False
SKU-001-20250523,2025-05-23,SKU-001,11,39.6,0.0,False
SKU-001-20250524,2025-05-24,SKU-001,25,39.6,0.1,True
SKU-001-20250525,2025-05-25,SKU-001,20,39.6,0.0,False
SKU-001-20250526,2025-05-26,SKU-001,8,39.6,0.0,False
SKU-001-20250527,2025-05-27,SKU-001,15,39.6,0.1,True
SKU-001-20250528,2025-05-28,SKU-001,15,39.6,0.0,False
SKU-001-20250529,2025-05-29,SKU-001,12,39.6,0.0,False
SKU-001-20250530,2025-05-30,SKU-001,9,39.6,0.0,False
SKU-001-20250531,2025-05-31,SKU-001,17,39.6,0.0,False
SKU-001-20250601,2025-06-01,SKU-001,21,39.6,0.0,False
SKU-001-20250602,2025-06-02,SKU-001,19,39.6,0.0,False
SKU-001-20250603,2025-06-03,SKU-001,10,39.6,0.0,False
SKU-001-20250604,2025-06-04,SKU-001,8,39.6,0.0,False
SKU-001-20250605,2025-06-05,SKU-001,6,39.6,0.0,False
SKU-001-20250606,2025-06-06,SKU-001,11,39.6,0.0,False
SKU-001-20250607,2025-06-07,SKU-001,14,39.6,0.0,False
SKU-001-20250608,2025-06-08,SKU-001,13,39.6,0.0,False
SKU-001-20250609,2025-06-09,SKU-001,13,39.6,0.1,True
SKU-001-20250610,2025-06-10,SKU-001,13,39.6,0.0,False
SKU-001-20250611,2025-06-11,SKU-001,15,39.6,0.0,False
SKU-001-20250612,2025-06-12,SKU-001,13,39.6,0.0,False
SKU-001-20250613,2025-06-13,SKU-001,16,39.6,0.0,False
SKU-001-20250614,2025-06-14,SKU-001,18,39.6,0.0,False
SKU-001-20250615,2025-06-15,SKU-001,20,39.6,0.0,False
SKU-001-20250616,2025-06-16,SKU-001,8,39.6,0.0,False
SKU-001-20250617,2025-06-17,SKU-001,22,39.6,0.1,True
SKU-001-20250618,2025-06-18,SKU-001,8,39.6,0.0,False
SKU-001-20250619,2025-06-19,SKU-001,13,39.6,0.0,False
SKU-001-20250620,2025-06-20,SKU-001,13,39.6,0.0,False
SKU-001-20250621,2025-06-21,SKU-001,19,39.6,0.0,False
SKU-001-20250622,2025-06-22,SKU-001,23,39.6,0.1,True
SKU-001-20250623,2025-06-23,SKU-001,11,39.6,0.0,False
SKU-002-20240101,2024-01-01,SKU-002,6,17.6,0.0,False
SKU-002-20240102,2024-01-02,SKU-002,14,17.6,0.0,False
SKU-002-20240103,2024-01-03,SKU-002,16,17.6,0.0,False
SKU-002-20240104,2024-01-04,SKU-002,15,17.6,0.0,False
SKU-002-20240105,2024-01-05,SKU-002,19,17.6,0.0,False
SKU-002-20240106,2024-01-06,SKU-002,21,17.6,0.0,False
SKU-002-20240107,2024-01-07,SKU-002,26,17.6,0.1,True
SKU-002-20240108,2024-01-08,SKU-002,21,17.6,0.0,False
SKU-002-20240109,2024-01-09,SKU-002,16,17.6,0.1,True
SKU-002-20240110,2024-01-10,SKU-002,15,17.6,0.0,False
SKU-002-20240111,2024-01-11,SKU-002,13,17.6,0.1,True
SKU-002-20240112,2024-01-12,SKU-002,15,17.6,0.0,False
SKU-002-20240113,2024-01-13,SKU-002,16,17.6,0.0,False
SKU-002-20240114,2024-01-14,SKU-002,17,17.6,0.0,False
SKU-002-20240115,2024-01-15,SKU-002,16,17.6,0.0,False
SKU-002-20240116,2024-01-16,SKU-002,22,17.6,0.0,False
SKU-002-20240117,2024-01-17,SKU-002,19,17.6,0.0,False
SKU-002-20240118,2024-01-18,SKU-002,22,17.6,0.0,False
SKU-002-20240119,2024-01-19,SKU-002,24,17.6,0.0,False
SKU-002-20240120,2024-01-20,SKU-002,23,17.6,0.0,False
SKU-002-20240121,2024-01-21,SKU-002,26,17.6,0.0,False
SKU-002-20240122,2024-01-22,SKU-002,17,17.6,0.0,False
SKU-002-20240123,2024-01-23,SKU-002,15,17.6,0.0,False
SKU-002-20240124,2024-01-24,SKU-002,14,17.6,0.0,False
SKU-002-20240125,2024-01-25,SKU-002,10,17.6,0.0,False
SKU-002-20240126,2024-01-26,SKU-002,20,17.6,0.0,False
SKU-002-20240127,2024-01-27,SKU-002,23,17.6,0.0,False
SKU-002-20240128,2024-01-28,SKU-002,29,17.6,0.0,False
SKU-002-20240129,2024-01-29,SKU-002,22,17.6,0.0,False
SKU-002-20240130,2024-01-30,SKU-002,13,17.6,0.0,False
SKU-002-20240131,2024-01-31,SKU-002,12,17.6,0.0,False
SKU-002-20240201,2024-02-01,SKU-002,20,17.6,0.0,False
SKU-002-20240202,2024-02-02,SKU-002,18,17.6,0.0,False
SKU-002-20240203,2024-02-03,SKU-002,30,17.6,0.0,False
SKU-002-20240204,2024-02-04,SKU-002,23,17.6,0.0,False
SKU-002-20240205,2024-02-05,SKU-002,16,17.6,0.0,False
SKU-002-20240206,2024-02-06,SKU-002,19,17.6,0.0,False
SKU-002-20240207,2024-02-07,SKU-002,14,17.6,0.0,False
SKU-002-20240208,2024-02-08,SKU-002,23,17.6,0.1,True
SKU-002-20240209,2024-02-09,SKU-002,13,17.6,0.0,False
SKU-002-20240210,2024-02-10,SKU-002,18,17.6,0.0,False
SKU-002-20240211,2024-02-11,SKU-002,25,17.6,0.0,False
SKU-002-20240212,2024-02-12,SKU-002,20,17.6,0.0,False
SKU-002-20240213,2024-02-13,SKU-002,34,17.6,0.0,False
SKU-002-20240214,2024-02-14,SKU-002,32,17.6,0.1,True
SKU-002-20240215,2024-02-15,SKU-002,16,17.6,0.0,False
SKU-002-20240216,2024-02-16,SKU-002,23,17.6,0.0,False
SKU-002-20240217,2024-02-17,SKU-002,19,17.6,0.0,False
SKU-002-20240218,2024-02-18,SKU-002,23,17.6,0.0,False
SKU-002-20240219,2024-02-19,SKU-002,13,17.6,0.0,False
SKU-002-20240220,2024-02-20,SKU-002,22,17.6,0.0,False
SKU-002-20240221,2024-02-21,SKU-002,13,17.6,0.0,False
SKU-002-20240222,2024-02-22,SKU-002,18,17.6,0.0,False
SKU-002-20240223,2024-02-23,SKU-002,22,17.6,0.0,False
SKU-002-20240224,2024-02-24,SKU-002,24,17.6,0.0,False
SKU-002-20240225,2024-02-25,SKU-002,30,17.6,0.0,False
SKU-002-20240226,2024-02-26,SKU-002,18,17.6,0.0,False
SKU-002-20240227,2024-02-27,SKU-002,19,17.6,0.0,False
SKU-002-20240228,2024-02-28,SKU-002,17,17.6,0.0,False
SKU-002-20240229,2024-02-29,SKU-002,24,17.6,0.0,False
SKU-002-20240301,2024-03-01,SKU-002,26,17.6,0.0,False
SKU-002-20240302,2024-03-02,SKU-002,22,17.6,0.0,False
SKU-002-20240303,2024-03-03,SKU-002,15,17.6,0.0,False
SKU-002-20240304,2024-03-04,SKU-002,21,17.6,0.0,False
SKU-002-20240305,2024-03-05,SKU-002,32,17.6,0.1,True
SKU-002-20240306,2024-03-06,SKU-002,14,17.6,0.0,False
SKU-002-20240307,2024-03-07,SKU-002,25,17.6,0.0,False
SKU-002-20240308,2024-03-08,SKU-002,19,17.6,0.0,False
SKU-002-20240309,2024-03-09,SKU-002,17,17.6,0.0,False
SKU-002-20240310,2024-03-10,SKU-002,21,17.6,0.0,False
SKU-002-20240311,2024-03-11,SKU-002,18,17.6,0.0,False
SKU-002-20240312,2024-03-12,SKU-002,16,17.6,0.0,False
SKU-002-20240313,2024-03-13,SKU-002,12,17.6,0.0,False
SKU-002-20240314,2024-03-14,SKU-002,13,17.6,0.0,False
SKU-002-20240315,2024-03-15,SKU-002,17,17.6,0.0,False
SKU-002-20240316,2024-03-16,SKU-002,22,17.6,0.0,False
SKU-002-20240317,2024-03-17,SKU-002,23,17.6,0.0,False
SKU-002-20240318,2024-03-18,SKU-002,24,17.6,0.0,False
SKU-002-20240319,2024-03-19,SKU-002,20,17.6,0.0,False
SKU-002-20240320,2024-03-20,SKU-002,22,17.6,0.0,False
SKU-002-20240321,2024-03-21,SKU-002,13,17.6,0.0,False
SKU-002-20240322,2024-03-22,SKU-002,31,17.6,0.1,True
SKU-002-20240323,2024-03-23,SKU-002,19,17.6,0.0,False
SKU-002-20240324,2024-03-24,SKU-002,28,17.6,0.0,False
SKU-002-20240325,2024-03-25,SKU-002,33,17.6,0.0,False
SKU-002-20240326,2024-03-26,SKU-002,16,17.6,0.0,False
SKU-002-20240327,2024-03-27,SKU-002,34,17.6,0.1,True
SKU-002-20240328,2024-03-28,SKU-002,18,17.6,0.0,False
SKU-002-20240329,2024-03-29,SKU-002,24,17.6,0.0,False
SKU-002-20240330,2024-03-30,SKU-002,26,17.6,0.0,False
SKU-002-20240331,2024-03-31,SKU-002,29,17.6,0.0,False
SKU-002-20240401,2024-04-01,SKU-002,19,17.6,0.0,False
SKU-002-20240402,2024-04-02,SKU-002,26,17.6,0.0,False
SKU-002-20240403,2024-04-03,SKU-002,20,17.6,0.0,False
SKU-002-20240404,2024-04-04,SKU-002,16,17.6,0.0,False
SKU-002-20240405,2024-04-05,SKU-002,16,17.6,0.0,False
SKU-002-20240406,2024-04-06,SKU-002,19,17.6,0.0,False
SKU-002-20240407,2024-04-07,SKU-002,27,17.6,0.0,False
SKU-002-20240408,2024-04-08,SKU-002,23,17.6,0.0,False
SKU-002-20240409,2024-04-09,SKU-002,22,17.6,0.0,False
SKU-002-20240410,2024-04-10,SKU-002,14,17.6,0.0,False
SKU-002-20240411,2024-04-11,SKU-002,21,17.6,0.0,False
SKU-002-20240412,2024-04-12,SKU-002,15,17.6,0.0,False
SKU-002-20240413,2024-04-13,SKU-002,24,17.6,0.0,False
SKU-002-20240414,2024-04-14,SKU-002,27,17.6,0.0,False
SKU-002-20240415,2024-04-15,SKU-002,16,17.6,0.0,False
SKU-002-20240416,2024-04-16,SKU-002,27,17.6,0.1,True
SKU-002-20240417,2024-04-17,SKU-002,18,17.6,0.0,False
SKU-002-20240418,2024-04-18,SKU-002,17,17.6,0.0,False
SKU-002-20240419,2024-04-19,SKU-002,26,17.6,0.1,True
SKU-002-20240420,2024-04-20,SKU-002,32,17.6,0.0,False
SKU-002-20240421,2024-04-21,SKU-002,30,17.6,0.0,False
SKU-002-20240422,2024-04-22,SKU-002,14,17.6,0.0,False
SKU-002-20240423,2024-04-23,SKU-002,14,17.6,0.0,False
SKU-002-20240424,2024-04-24,SKU-002,18,17.6,0.1,True
SKU-002-20240425,2024-04-25,SKU-002,19,17.6,0.0,False
SKU-002-20240426,2024-04-26,SKU-002,23,17.6,0.0,False
SKU-002-20240427,2024-04-27,SKU-002,26,17.6,0.0,False
SKU-002-20240428,2024-04-28,SKU-002,22,17.6,0.0,False
SKU-002-20240429,2024-04-29,SKU-002,23,17.6,0.0,False
SKU-002-20240430,2024-04-30,SKU-002,17,17.6,0.0,False
SKU-002-20240501,2024-05-01,SKU-002,12,17.6,0.0,False
SKU-002-20240502,2024-05-02,SKU-002,30,17.6,0.0,False
SKU-002-20240503,2024-05-03,SKU-002,20,17.6,0.0,False
SKU-002-20240504,2024-05-04,SKU-002,25,17.6,0.0,False
SKU-002-20240505,2024-05-05,SKU-002,25,17.6,0.0,False
SKU-002-20240506,2024-05-06,SKU-002,20,17.6,0.0,False
SKU-002-20240507,2024-05-07,SKU-002,21,17.6,0.0,False
SKU-002-20240508,2024-05-08,SKU-002,28,17.6,0.0,False
SKU-002-20240509,2024-05-09,SKU-002,14,17.6,0.0,False
SKU-002-20240510,2024-05-10,SKU-002,20,17.6,0.1,True
SKU-002-20240511,2024-05-11,SKU-002,20,17.6,0.0,False
SKU-002-20240512,2024-05-12,SKU-002,21,17.6,0.0,False
SKU-002-20240513,2024-05-13,SKU-002,21,17.6,0.0,False
SKU-002-20240514,2024-05-14,SKU-002,16,17.6,0.0,False
SKU-002-20240515,2024-05-15,SKU-002,14,17.6,0.0,False
SKU-002-20240516,2024-05-16,SKU-002,24,17.6,0.0,False
SKU-002-20240517,2024-05-17,SKU-002,15,17.6,0.0,False
SKU-002-20240518,2024-05-18,SKU-002,25,17.6,0.0,False
SKU-002-20240519,2024-05-19,SKU-002,34,17.6,0.0,False
SKU-002-20240520,2024-05-20,SKU-002,16,17.6,0.0,False
SKU-002-20240521,2024-05-21,SKU-002,25,17.6,0.1,True
SKU-002-20240522,2024-05-22,SKU-002,16,17.6,0.0,False
SKU-002-20240523,2024-05-23,SKU-002,14,17.6,0.0,False
SKU-002-20240524,2024-05-24,SKU-002,21,17.6,0.0,False
SKU-002-20240525,2024-05-25,SKU-002,23,17.6,0.0,False
SKU-002-20240526,2024-05-26,SKU-002,27,17.6,0.0,False
SKU-002-20240527,2024-05-27,SKU-002,24,17.6,0.0,False
SKU-002-20240528,2024-05-28,SKU-002,13,17.6,0.0,False
SKU-002-20240529,2024-05-29,SKU-002,26,17.6,0.0,False
SKU-002-20240530,2024-05-30,SKU-002,23,17.6,0.0,False
SKU-002-20240531,2024-05-31,SKU-002,24,17.6,0.0,False
SKU-002-20240601,2024-06-01,SKU-002,25,17.6,0.0,False
SKU-002-20240602,2024-06-02,SKU-002,17,17.6,0.0,False
SKU-002-20240603,2024-06-03,SKU-002,10,17.6,0.0,False
SKU-002-20240604,2024-06-04,SKU-002,13,17.6,0.0,False
SKU-002-20240605,2024-06-05,SKU-002,25,17.6,0.0,False
SKU-002-20240606,2024-06-06,SKU-002,15,17.6,0.0,False
SKU-002-20240607,2024-06-07,SKU-002,18,17.6,0.0,False
SKU-002-20240608,2024-06-08,SKU-002,26,17.6,0.0,False
SKU-002-20240609,2024-06-09,SKU-002,29,17.6,0.0,False
SKU-002-20240610,2024-06-10,SKU-002,17,17.6,0.0,False
SKU-002-20240611,2024-06-11,SKU-002,23,17.6,0.0,False
SKU-002-20240612,2024-06-12,SKU-002,17,17.6,0.0,False
SKU-002-20240613,2024-06-13,SKU-002,18,17.6,0.0,False
SKU-002-20240614,2024-06-14,SKU-002,18,17.6,0.0,False
SKU-002-20240615,2024-06-15,SKU-002,26,17.6,0.0,False
SKU-002-20240616,2024-06-16,SKU-002,25,17.6,0.1,True
SKU-002-20240617,2024-06-17,SKU-002,14,17.6,0.0,False
SKU-002-20240618,2024-06-18,SKU-002,17,17.6,0.0,False
SKU-002-20240619,2024-06-19,SKU-002,15,17.6,0.0,False
SKU-002-20240620,2024-06-20,SKU-002,15,17.6,0.0,False
SKU-002-20240621,2024-06-21,SKU-002,25,17.6,0.0,False
SKU-002-20240622,2024-06-22,SKU-002,25,17.6,0.0,False
SKU-002-20240623,2024-06-23,SKU-002,21,17.6,0.0,False
SKU-002-20240624,2024-06-24,SKU-002,16,17.6,0.0,False
SKU-002-20240625,2024-06-25,SKU-002,15,17.6,0.0,False
SKU-002-20240626,2024-06-26,SKU-002,22,17.6,0.0,False
SKU-002-20240627,2024-06-27,SKU-002,21,17.6,0.0,False
SKU-002-20240628,2024-06-28,SKU-002,13,17.6,0.0,False
SKU-002-20240629,2024-06-29,SKU-002,33,17.6,0.0,False
SKU-002-20240630,2024-06-30,SKU-002,23,17.6,0.0,False
SKU-002-20240701,2024-07-01,SKU-002,10,17.6,0.0,False
SKU-002-20240702,2024-07-02,SKU-002,20,17.6,0.0,False
SKU-002-20240703,2024-07-03,SKU-002,22,17.6,0.0,False
SKU-002-20240704,2024-07-04,SKU-002,16,17.6,0.0,False
SKU-002-20240705,2024-07-05,SKU-002,14,17.6,0.0,False
SKU-002-20240706,2024-07-06,SKU-002,33,17.6,0.1,True
SKU-002-20240707,2024-07-07,SKU-002,17,17.6,0.0,False
SKU-002-20240708,2024-07-08,SKU-002,19,17.6,0.0,False
SKU-002-20240709,2024-07-09,SKU-002,14,17.6,0.0,False
SKU-002-20240710,2024-07-10,SKU-002,14,17.6,0.0,False
SKU-002-20240711,2024-07-11,SKU-002,16,17.6,0.0,False
SKU-002-20240712,2024-07-12,SKU-002,10,17.6,0.0,False
SKU-002-20240713,2024-07-13,SKU-002,27,17.6,0.0,False
SKU-002-20240714,2024-07-14,SKU-002,22,17.6,0.0,False
SKU-002-20240715,2024-07-15,SKU-002,18,17.6,0.0,False
SKU-002-20240716,2024-07-16,SKU-002,15,17.6,0.0,False
SKU-002-20240717,2024-07-17,SKU-002,16,17.6,0.1,True
SKU-002-20240718,2024-07-18,SKU-002,17,17.6,0.0,False
SKU-002-20240719,2024-07-19,SKU-002,15,17.6,0.0,False
SKU-002-20240720,2024-07-20,SKU-002,27,17.6,0.0,False
SKU-002-20240721,2024-07-21,SKU-002,25,17.6,0.0,False
SKU-002-20240722,2024-07-22,SKU-002,20,17.6,0.0,False
SKU-002-20240723,2024-07-23,SKU-002,15,17.6,0.0,False
SKU-002-20240724,2024-07-24,SKU-002,15,17.6,0.0,False
SKU-002-20240725,2024-07-25,SKU-002,19,17.6,0.0,False
SKU-002-20240726,2024-07-26,SKU-002,16,17.6,0.0,False
SKU-002-20240727,2024-07-27,SKU-002,17,17.6,0.0,False
SKU-002-20240728,2024-07-28,SKU-002,17,17.6,0.0,False
SKU-002-20240729,2024-07-29,SKU-002,10,17.6,0.0,False
SKU-002-20240730,2024-07-30,SKU-002,9,17.6,0.0,False
SKU-002-20240731,2024-07-31,SKU-002,16,17.6,0.0,False
SKU-002-20240801,2024-08-01,SKU-002,15,17.6,0.0,False
SKU-002-20240802,2024-08-02,SKU-002,14,17.6,0.0,False
SKU-002-20240803,2024-08-03,SKU-002,19,17.6,0.0,False
SKU-002-20240804,2024-08-04,SKU-002,15,17.6,0.0,False
SKU-002-20240805,2024-08-05,SKU-002,12,17.6,0.0,False
SKU-002-20240806,2024-08-06,SKU-002,10,17.6,0.0,False
SKU-002-20240807,2024-08-07,SKU-002,19,17.6,0.0,False
SKU-002-20240808,2024-08-08,SKU-002,13,17.6,0.0,False
SKU-002-20240809,2024-08-09,SKU-002,17,17.6,0.0,False
SKU-002-20240810,2024-08-10,SKU-002,17,17.6,0.0,False
SKU-002-20240811,2024-08-11,SKU-002,20,17.6,0.0,False
SKU-002-20240812,2024-08-12,SKU-002,11,17.6,0.0,False
SKU-002-20240813,2024-08-13,SKU-002,10,17.6,0.0,False
SKU-002-20240814,2024-08-14,SKU-002,23,17.6,0.0,False
SKU-002-20240815,2024-08-15,SKU-002,13,17.6,0.0,False
SKU-002-20240816,2024-08-16,SKU-002,18,17.6,0.1,True
SKU-002-20240817,2024-08-17,SKU-002,16,17.6,0.0,False
SKU-002-20240818,2024-08-18,SKU-002,15,17.6,0.0,False
SKU-002-20240819,2024-08-19,SKU-002,13,17.6,0.0,False
SKU-002-20240820,2024-08-20,SKU-002,10,17.6,0.0,False
SKU-002-20240821,2024-08-21,SKU-002,16,17.6,0.0,False
SKU-002-20240822,2024-08-22,SKU-002,12,17.6,0.0,False
SKU-002-20240823,2024-08-23,SKU-002,10,17.6,0.0,False
SKU-002-20240824,2024-08-24,SKU-002,19,17.6,0.0,False
SKU-002-20240825,2024-08-25,SKU-002,20,17.6,0.0,False
SKU-002-20240826,2024-08-26,SKU-002,10,17.6,0.0,False
SKU-002-20240827,2024-08-27,SKU-002,15,17.6,0.0,False
SKU-002-20240828,2024-08-28,SKU-002,13,17.6,0.0,False
SKU-002-20240829,2024-08-29,SKU-002,16,17.6,0.0,False
SKU-002-20240830,2024-08-30,SKU-002,18,17.6,0.0,False
SKU-002-20240831,2024-08-31,SKU-002,18,17.6,0.0,False
SKU-002-20240901,2024-09-01,SKU-002,11,17.6,0.0,False
SKU-002-20240902,2024-09-02,SKU-002,17,17.6,0.0,False
SKU-002-20240903,2024-09-03,SKU-002,20,17.6,0.0,False
SKU-002-20240904,2024-09-04,SKU-002,11,17.6,0.0,False
SKU-002-20240905,2024-09-05,SKU-002,11,17.6,0.0,False
SKU-002-20240906,2024-09-06,SKU-002,14,17.6,0.0,False
SKU-002-20240907,2024-09-07,SKU-002,19,17.6,0.0,False
SKU-002-20240908,2024-09-08,SKU-002,21,17.6,0.0,False
SKU-002-20240909,2024-09-09,SKU-002,11,17.6,0.0,False
SKU-002-20240910,2024-09-10,SKU-002,17,17.6,0.0,False
SKU-002-20240911,2024-09-11,SKU-002,12,17.6,0.0,False
SKU-002-20240912,2024-09-12,SKU-002,13,17.6,0.0,False
SKU-002-20240913,2024-09-13,SKU-002,16,17.6,0.0,False
SKU-002-20240914,2024-09-14,SKU-002,18,17.6,0.0,False
SKU-002-20240915,2024-09-15,SKU-002,11,17.6,0.0,False
SKU-002-20240916,2024-09-16,SKU-002,15,17.6,0.0,False
SKU-002-20240917,2024-09-17,SKU-002,14,17.6,0.0,False
SKU-002-20240918,2024-09-18,SKU-002,17,17.6,0.0,False
SKU-002-20240919,2024-09-19,SKU-002,14,17.6,0.0,False
SKU-002-20240920,2024-09-20,SKU-002,11,17.6,0.0,False
SKU-002-20240921,2024-09-21,SKU-002,16,17.6,0.0,False
SKU-002-20240922,2024-09-22,SKU-002,14,17.6,0.0,False
SKU-002-20240923,2024-09-23,SKU-002,10,17.6,0.0,False
SKU-002-20240924,2024-09-24,SKU-002,13,17.6,0.0,False
SKU-002-20240925,2024-09-25,SKU-002,11,17.6,0.0,False
SKU-002-20240926,2024-09-26,SKU-002,11,17.6,0.0,False
SKU-002-20240927,2024-09-27,SKU-002,19,17.6,0.0,False
SKU-002-20240928,2024-09-28,SKU-002,17,17.6,0.0,False
SKU-002-20240929,2024-09-29,SKU-002,17,17.6,0.0,False
SKU-002-20240930,2024-09-30,SKU-002,20,17.6,0.0,False
SKU-002-20241001,2024-10-01,SKU-002,19,17.6,0.0,False
SKU-002-20241002,2024-10-02,SKU-002,4,17.6,0.0,False
SKU-002-20241003,2024-10-03,SKU-002,14,17.6,0.0,False
SKU-002-20241004,2024-10-04,SKU-002,14,17.6,0.0,False
SKU-002-20241005,2024-10-05,SKU-002,22,17.6,0.0,False
SKU-002-20241006,2024-10-06,SKU-002,15,17.6,0.0,False
SKU-002-20241007,2024-10-07,SKU-002,17,17.6,0.0,False
SKU-002-20241008,2024-10-08,SKU-002,12,17.6,0.0,False
SKU-002-20241009,2024-10-09,SKU-002,20,17.6,0.0,False
SKU-002-20241010,2024-10-10,SKU-002,9,17.6,0.0,False
SKU-002-20241011,2024-10-11,SKU-002,14,17.6,0.1,True
SKU-002-20241012,2024-10-12,SKU-002,17,17.6,0.0,False
SKU-002-20241013,2024-10-13,SKU-002,20,17.6,0.0,False
SKU-002-20241014,2024-10-14,SKU-002,20,17.6,0.0,False
SKU-002-20241015,2024-10-15,SKU-002,16,17.6,0.0,False
SKU-002-20241016,2024-10-16,SKU-002,15,17.6,0.0,False
SKU-002-20241017,2024-10-17,SKU-002,11,17.6,0.0,False
SKU-002-20241018,2024-10-18,SKU-002,6,17.6,0.0,False
SKU-002-20241019,2024-10-19,SKU-002,21,17.6,0.1,True
SKU-002-20241020,2024-10-20,SKU-002,29,17.6,0.0,False
SKU-002-20241021,2024-10-21,SKU-002,8,17.6,0.0,False
SKU-002-20241022,2024-10-22,SKU-002,16,17.6,0.0,False
SKU-002-20241023,2024-10-23,SKU-002,15,17.6,0.0,False
SKU-002-20241024,2024-10-24,SKU-002,15,17.6,0.0,False
SKU-002-20241025,2024-10-25,SKU-002,11,17.6,0.0,False
SKU-002-20241026,2024-10-26,SKU-002,22,17.6,0.1,True
SKU-002-20241027,2024-10-27,SKU-002,21,17.6,0.0,False
SKU-002-20241028,2024-10-28,SKU-002,13,17.6,0.0,False
SKU-002-20241029,2024-10-29,SKU-002,18,17.6,0.0,False
SKU-002-20241030,2024-10-30,SKU-002,17,17.6,0.0,False
SKU-002-20241031,2024-10-31,SKU-002,12,17.6,0.0,False
SKU-002-20241101,2024-11-01,SKU-002,13,17.6,0.0,False
SKU-002-20241102,2024-11-02,SKU-002,13,17.6,0.0,False
SKU-002-20241103,2024-11-03,SKU-002,21,17.6,0.0,False
SKU-002-20241104,2024-11-04,SKU-002,16,17.6,0.0,False
SKU-002-20241105,2024-11-05,SKU-002,9,17.6,0.0,False
SKU-002-20241106,2024-11-06,SKU-002,22,17.6,0.0,False
SKU-002-20241107,2024-11-07,SKU-002,14,17.6,0.0,False
SKU-002-20241108,2024-11-08,SKU-002,12,17.6,0.0,False
SKU-002-20241109,2024-11-09,SKU-002,25,17.6,0.1,True
SKU-002-20241110,2024-11-10,SKU-002,15,17.6,0.0,False
SKU-002-20241111,2024-11-11,SKU-002,8,17.6,0.0,False
SKU-002-20241112,2024-11-12,SKU-002,16,17.6,0.0,False
SKU-002-20241113,2024-11-13,SKU-002,7,17.6,0.0,False
SKU-002-20241114,2024-11-14,SKU-002,13,17.6,0.0,False
SKU-002-20241115,2024-11-15,SKU-002,12,17.6,0.0,False
SKU-002-20241116,2024-11-16,SKU-002,24,17.6,0.1,True
SKU-002-20241117,2024-11-17,SKU-002,19,17.6,0.0,False
SKU-002-20241118,2024-11-18,SKU-002,13,17.6,0.0,False
SKU-002-20241119,2024-11-19,SKU-002,10,17.6,0.0,False
SKU-002-20241120,2024-11-20,SKU-002,20,17.6,0.0,False
SKU-002-20241121,2024-11-21,SKU-002,12,17.6,0.0,False
SKU-002-20241122,2024-11-22,SKU-002,15,17.6,0.0,False
SKU-002-20241123,2024-11-23,SKU-002,10,17.6,0.0,False
SKU-002-20241124,2024-11-24,SKU-002,15,17.6,0.0,False
SKU-002-20241125,2024-11-25,SKU-002,16,17.6,0.0,False
SKU-002-20241126,2024-11-26,SKU-002,18,17.6,0.0,False
SKU-002-20241127,2024-11-27,SKU-002,11,17.6,0.0,False
SKU-002-20241128,2024-11-28,SKU-002,19,17.6,0.1,True
SKU-002-20241129,2024-11-29,SKU-002,19,17.6,0.1,True
SKU-002-20241130,2024-11-30,SKU-002,26,17.6,0.0,False
SKU-002-20241201,2024-12-01,SKU-002,19,17.6,0.0,False
SKU-002-20241202,2024-12-02,SKU-002,16,17.6,0.0,False
SKU-002-20241203,2024-12-03,SKU-002,17,17.6,0.0,False
SKU-002-20241204,2024-12-04,SKU-002,8,17.6,0.0,False
SKU-002-20241205,2024-12-05,SKU-002,13,17.6,0.0,False
SKU-002-20241206,2024-12-06,SKU-002,19,17.6,0.0,False
SKU-002-20241207,2024-12-07,SKU-002,20,17.6,0.0,False
SKU-002-20241208,2024-12-08,SKU-002,13,17.6,0.0,False
SKU-002-20241209,2024-12-09,SKU-002,19,17.6,0.0,False
SKU-002-20241210,2024-12-10,SKU-002,9,17.6,0.0,False
SKU-002-20241211,2024-12-11,SKU-002,12,17.6,0.0,False
SKU-002-20241212,2024-12-12,SKU-002,20,17.6,0.0,False
SKU-002-20241213,2024-12-13,SKU-002,28,17.6,0.1,True
SKU-002-20241214,2024-12-14,SKU-002,20,17.6,0.0,False
SKU-002-20241215,2024-12-15,SKU-002,29,17.6,0.0,False
SKU-002-20241216,2024-12-16,SKU-002,10,17.6,0.0,False
SKU-002-20241217,2024-12-17,SKU-002,24,17.6,0.0,False
SKU-002-20241218,2024-12-18,SKU-002,14,17.6,0.0,False
SKU-002-20241219,2024-12-19,SKU-002,14,17.6,0.0,False
SKU-002-20241220,2024-12-20,SKU-002,17,17.6,0.0,False
SKU-002-20241221,2024-12-21,SKU-002,16,17.6,0.0,False
SKU-002-20241222,2024-12-22,SKU-002,19,17.6,0.0,False
SKU-002-20241223,2024-12-23,SKU-002,16,17.6,0.0,False
SKU-002-20241224,2024-12-24,SKU-002,20,17.6,0.0,False
SKU-002-20241225,2024-12-25,SKU-002,16,17.6,0.0,False
SKU-002-20241226,2024-12-26,SKU-002,24,17.6,0.0,False
SKU-002-20241227,2024-12-27,SKU-002,16,17.6,0.0,False
SKU-002-20241228,2024-12-28,SKU-002,22,17.6,0.0,False
SKU-002-20241229,2024-12-29,SKU-002,26,17.6,0.0,False
SKU-002-20241230,2024-12-30,SKU-002,16,17.6,0.0,False
SKU-002-20241231,2024-12-31,SKU-002,17,17.6,0.0,False
SKU-002-20250101,2025-01-01,SKU-002,16,17.6,0.0,False
SKU-002-20250102,2025-01-02,SKU-002,14,17.6,0.0,False
SKU-002-20250103,2025-01-03,SKU-002,15,17.6,0.0,False
SKU-002-20250104,2025-01-04,SKU-002,23,17.6,0.0,False
SKU-002-20250105,2025-01-05,SKU-002,13,17.6,0.0,False
SKU-002-20250106,2025-01-06,SKU-002,23,17.6,0.0,False
SKU-002-20250107,2025-01-07,SKU-002,13,17.6,0.0,False
SKU-002-20250108,2025-01-08,SKU-002,18,17.6,0.0,False
SKU-002-20250109,2025-01-09,SKU-002,13,17.6,0.0,False
SKU-002-20250110,2025-01-10,SKU-002,18,17.6,0.0,False
SKU-002-20250111,2025-01-11,SKU-002,30,17.6,0.0,False
SKU-002-20250112,2025-01-12,SKU-002,16,17.6,0.0,False
SKU-002-20250113,2025-01-13,SKU-002,20,17.6,0.0,False
SKU-002-20250114,2025-01-14,SKU-002,11,17.6,0.0,False
SKU-002-20250115,2025-01-15,SKU-002,20,17.6,0.0,False
SKU-002-20250116,2025-01-16,SKU-002,16,17.6,0.1,True
SKU-002-20250117,2025-01-17,SKU-002,18,17.6,0.0,False
SKU-002-20250118,2025-01-18,SKU-002,28,17.6,0.0,False
SKU-002-20250119,2025-01-19,SKU-002,21,17.6,0.0,False
SKU-002-20250120,2025-01-20,SKU-002,25,17.6,0.0,False
SKU-002-20250121,2025-01-21,SKU-002,8,17.6,0.0,False
SKU-002-20250122,2025-01-22,SKU-002,17,17.6,0.0,False
SKU-002-20250123,2025-01-23,SKU-002,17,17.6,0.0,False
SKU-002-20250124,2025-01-24,SKU-002,19,17.6,0.0,False
SKU-002-20250125,2025-01-25,SKU-002,21,17.6,0.0,False
SKU-002-20250126,2025-01-26,SKU-002,21,17.6,0.0,False
SKU-002-20250127,2025-01-27,SKU-002,18,17.6,0.0,False
SKU-002-20250128,2025-01-28,SKU-002,22,17.6,0.0,False
SKU-002-20250129,2025-01-29,SKU-002,20,17.6,0.0,False
SKU-002-20250130,2025-01-30,SKU-002,16,17.6,0.0,False
SKU-002-20250131,2025-01-31,SKU-002,23,17.6,0.0,False
SKU-002-20250201,2025-02-01,SKU-002,26,17.6,0.0,False
SKU-002-20250202,2025-02-02,SKU-002,18,17.6,0.0,False
SKU-002-20250203,2025-02-03,SKU-002,20,17.6,0.0,False
SKU-002-20250204,2025-02-04,SKU-002,20,17.6,0.0,False
SKU-002-20250205,2025-02-05,SKU-002,19,17.6,0.0,False
SKU-002-20250206,2025-02-06,SKU-002,28,17.6,0.0,False
SKU-002-20250207,2025-02-07,SKU-002,22,17.6,0.0,False
SKU-002-20250208,2025-02-08,SKU-002,28,17.6,0.0,False
SKU-002-20250209,2025-02-09,SKU-002,27,17.6,0.0,False
SKU-002-20250210,2025-02-10,SKU-002,21,17.6,0.0,False
SKU-002-20250211,2025-02-11,SKU-002,23,17.6,0.0,False
SKU-002-20250212,2025-02-12,SKU-002,13,17.6,0.0,False
SKU-002-20250213,2025-02-13,SKU-002,15,17.6,0.0,False
SKU-002-20250214,2025-02-14,SKU-002,12,17.6,0.0,False
SKU-002-20250215,2025-02-15,SKU-002,17,17.6,0.0,False
SKU-002-20250216,2025-02-16,SKU-002,16,17.6,0.0,False
SKU-002-20250217,2025-02-17,SKU-002,15,17.6,0.0,False
SKU-002-20250218,2025-02-18,SKU-002,18,17.6,0.0,False
SKU-002-20250219,2025-02-19,SKU-002,21,17.6,0.0,False
SKU-002-20250220,2025-02-20,SKU-002,23,17.6,0.0,False
SKU-002-20250221,2025-02-21,SKU-002,23,17.6,0.1,True
SKU-002-20250222,2025-02-22,SKU-002,21,17.6,0.0,False
SKU-002-20250223,2025-02-23,SKU-002,31,17.6,0.0,False
SKU-002-20250224,2025-02-24,SKU-002,19,17.6,0.0,False
SKU-002-20250225,2025-02-25,SKU-002,21,17.6,0.0,False
SKU-002-20250226,2025-02-26,SKU-002,25,17.6,0.0,False
SKU-002-20250227,2025-02-27,SKU-002,19,17.6,0.0,False
SKU-002-20250228,2025-02-28,SKU-002,24,17.6,0.0,False
SKU-002-20250301,2025-03-01,SKU-002,18,17.6,0.0,False
SKU-002-20250302,2025-03-02,SKU-002,24,17.6,0.0,False
SKU-002-20250303,2025-03-03,SKU-002,16,17.6,0.0,False
SKU-002-20250304,2025-03-04,SKU-002,21,17.6,0.0,False
SKU-002-20250305,2025-03-05,SKU-002,24,17.6,0.0,False
SKU-002-20250306,2025-03-06,SKU-002,21,17.6,0.0,False
SKU-002-20250307,2025-03-07,SKU-002,18,17.6,0.0,False
SKU-002-20250308,2025-03-08,SKU-002,16,17.6,0.0,False
SKU-002-20250309,2025-03-09,SKU-002,34,17.6,0.1,True
SKU-002-20250310,2025-03-10,SKU-002,10,17.6,0.0,False
SKU-002-20250311,2025-03-11,SKU-002,12,17.6,0.0,False
SKU-002-20250312,2025-03-12,SKU-002,21,17.6,0.0,False
SKU-002-20250313,2025-03-13,SKU-002,25,17.6,0.0,False
SKU-002-20250314,2025-03-14,SKU-002,29,17.6,0.1,True
SKU-002-20250315,2025-03-15,SKU-002,28,17.6,0.0,False
SKU-002-20250316,2025-03-16,SKU-002,26,17.6,0.0,False
SKU-002-20250317,2025-03-17,SKU-002,19,17.6,0.0,False
SKU-002-20250318,2025-03-18,SKU-002,22,17.6,0.0,False
SKU-002-20250319,2025-03-19,SKU-002,23,17.6,0.0,False
SKU-002-20250320,2025-03-20,SKU-002,19,17.6,0.0,False
SKU-002-20250321,2025-03-21,SKU-002,24,17.6,0.0,False
SKU-002-20250322,2025-03-22,SKU-002,21,17.6,0.0,False
SKU-002-20250323,2025-03-23,SKU-002,31,17.6,0.0,False
SKU-002-20250324,2025-03-24,SKU-002,17,17.6,0.0,False
SKU-002-20250325,2025-03-25,SKU-002,20,17.6,0.0,False
SKU-002-20250326,2025-03-26,SKU-002,20,17.6,0.0,False
SKU-002-20250327,2025-03-27,SKU-002,17,17.6,0.0,False
SKU-002-20250328,2025-03-28,SKU-002,20,17.6,0.0,False
SKU-002-20250329,2025-03-29,SKU-002,18,17.6,0.0,False
SKU-002-20250330,2025-03-30,SKU-002,19,17.6,0.0,False
SKU-002-20250331,2025-03-31,SKU-002,19,17.6,0.0,False
SKU-002-20250401,2025-04-01,SKU-002,23,17.6,0.0,False
SKU-002-20250402,2025-04-02,SKU-002,18,17.6,0.0,False
SKU-002-20250403,2025-04-03,SKU-002,19,17.6,0.0,False
SKU-002-20250404,2025-04-04,SKU-002,18,17.6,0.0,False
SKU-002-20250405,2025-04-05,SKU-002,29,17.6,0.0,False
SKU-002-20250406,2025-04-06,SKU-002,26,17.6,0.0,False
SKU-002-20250407,2025-04-07,SKU-002,17,17.6,0.0,False
SKU-002-20250408,2025-04-08,SKU-002,22,17.6,0.0,False
SKU-002-20250409,2025-04-09,SKU-002,27,17.6,0.0,False
SKU-002-20250410,2025-04-10,SKU-002,23,17.6,0.0,False
SKU-002-20250411,2025-04-11,SKU-002,24,17.6,0.0,False
SKU-002-20250412,2025-04-12,SKU-002,34,17.6,0.0,False
SKU-002-20250413,2025-04-13,SKU-002,21,17.6,0.1,True
SKU-002-20250414,2025-04-14,SKU-002,21,17.6,0.0,False
SKU-002-20250415,2025-04-15,SKU-002,24,17.6,0.0,False
SKU-002-20250416,2025-04-16,SKU-002,19,17.6,0.0,False
SKU-002-20250417,2025-04-17,SKU-002,15,17.6,0.0,False
SKU-002-20250418,2025-04-18,SKU-002,18,17.6,0.0,False
SKU-002-20250419,2025-04-19,SKU-002,24,17.6,0.0,False
SKU-002-20250420,2025-04-20,SKU-002,23,17.6,0.0,False
SKU-002-20250421,2025-04-21,SKU-002,24,17.6,0.0,False
SKU-002-20250422,2025-04-22,SKU-002,30,17.6,0.0,False
SKU-002-20250423,2025-04-23,SKU-002,20,17.6,0.1,True
SKU-002-20250424,2025-04-24,SKU-002,22,17.6,0.0,False
SKU-002-20250425,2025-04-25,SKU-002,15,17.6,0.0,False
SKU-002-20250426,2025-04-26,SKU-002,17,17.6,0.0,False
SKU-002-20250427,2025-04-27,SKU-002,21,17.6,0.0,False
SKU-002-20250428,2025-04-28,SKU-002,18,17.6,0.0,False
SKU-002-20250429,2025-04-29,SKU-002,23,17.6,0.0,False
SKU-002-20250430,2025-04-30,SKU-002,17,17.6,0.0,False
SKU-002-20250501,2025-05-01,SKU-002,21,17.6,0.0,False
SKU-002-20250502,2025-05-02,SKU-002,22,17.6,0.0,False
SKU-002-20250503,2025-05-03,SKU-002,27,17.6,0.0,False
SKU-002-20250504,2025-05-04,SKU-002,28,17.6,0.0,False
SKU-002-20250505,2025-05-05,SKU-002,20,17.6,0.0,False
SKU-002-20250506,2025-05-06,SKU-002,15,17.6,0.0,False
SKU-002-20250507,2025-05-07,SKU-002,23,17.6,0.0,False
SKU-002-20250508,2025-05-08,SKU-002,18,17.6,0.0,False
SKU-002-20250509,2025-05-09,SKU-002,21,17.6,0.1,True
SKU-002-20250510,2025-05-10,SKU-002,23,17.6,0.1,True
SKU-002-20250511,2025-05-11,SKU-002,22,17.6,0.0,False
SKU-002-20250512,2025-05-12,SKU-002,20,17.6,0.0,False
SKU-002-20250513,2025-05-13,SKU-002,18,17.6,0.0,False
SKU-002-20250514,2025-05-14,SKU-002,27,17.6,0.0,False
SKU-002-20250515,2025-05-15,SKU-002,17,17.6,0.0,False
SKU-002-20250516,2025-05-16,SKU-002,20,17.6,0.0,False
SKU-002-20250517,2025-05-17,SKU-002,30,17.6,0.0,False
SKU-002-20250518,2025-05-18,SKU-002,37,17.6,0.0,False
SKU-002-20250519,2025-05-19,SKU-002,18,17.6,0.0,False
SKU-002-20250520,2025-05-20,SKU-002,20,17.6,0.0,False
SKU-002-20250521,2025-05-21,SKU-002,19,17.6,0.0,False
SKU-002-20250522,2025-05-22,SKU-002,19,17.6,0.0,False
SKU-002-20250523,2025-05-23,SKU-002,27,17.6,0.0,False
SKU-002-20250524,2025-05-24,SKU-002,27,17.6,0.0,False
SKU-002-20250525,2025-05-25,SKU-002,33,17.6,0.0,False
SKU-002-20250526,2025-05-26,SKU-002,14,17.6,0.0,False
SKU-002-20250527,2025-05-27,SKU-002,20,17.6,0.0,False
SKU-002-20250528,2025-05-28,SKU-002,16,17.6,0.0,False
SKU-002-20250529,2025-05-29,SKU-002,16,17.6,0.0,False
SKU-002-20250530,2025-05-30,SKU-002,18,17.6,0.0,False
SKU-002-20250531,2025-05-31,SKU-002,24,17.6,0.0,False
SKU-002-20250601,2025-06-01,SKU-002,19,17.6,0.0,False
SKU-002-20250602,2025-06-02,SKU-002,15,17.6,0.0,False
SKU-002-20250603,2025-06-03,SKU-002,16,17.6,0.0,False
SKU-002-20250604,2025-06-04,SKU-002,16,17.6,0.0,False
SKU-002-20250605,2025-06-05,SKU-002,18,17.6,0.0,False
SKU-002-20250606,2025-06-06,SKU-002,12,17.6,0.0,False
SKU-002-20250607,2025-06-07,SKU-002,23,17.6,0.0,False
SKU-002-20250608,2025-06-08,SKU-002,21,17.6,0.0,False
SKU-002-20250609,2025-06-09,SKU-002,20,17.6,0.0,False
SKU-002-20250610,2025-06-10,SKU-002,28,17.6,0.0,False
SKU-002-20250611,2025-06-11,SKU-002,8,17.6,0.0,False
SKU-002-20250612,2025-06-12,SKU-002,20,17.6,0.0,False
SKU-002-20250613,2025-06-13,SKU-002,15,17.6,0.0,False
SKU-002-20250614,2025-06-14,SKU-002,26,17.6,0.0,False
SKU-002-20250615,2025-06-15,SKU-002,15,17.6,0.0,False
SKU-002-20250616,2025-06-16,SKU-002,20,17.6,0.0,False
SKU-002-20250617,2025-06-17,SKU-002,14,17.6,0.0,False
SKU-002-20250618,2025-06-18,SKU-002,15,17.6,0.0,False
SKU-002-20250619,2025-06-19,SKU-002,15,17.6,0.0,False
SKU-002-20250620,2025-06-20,SKU-002,25,17.6,0.0,False
SKU-002-20250621,2025-06-21,SKU-002,31,17.6,0.0,False
SKU-002-20250622,2025-06-22,SKU-002,29,17.6,0.0,False
SKU-002-20250623,2025-06-23,SKU-002,13,17.6,0.0,False
SKU-003-20240101,2024-01-01,SKU-003,5,30.8,0.0,False
SKU-003-20240102,2024-01-02,SKU-003,6,30.8,0.0,False
SKU-003-20240103,2024-01-03,SKU-003,8,30.8,0.0,False
SKU-003-20240104,2024-01-04,SKU-003,6,30.8,0.0,False
SKU-003-20240105,2024-01-05,SKU-003,4,30.8,0.0,False
SKU-003-20240106,2024-01-06,SKU-003,14,30.8,0.0,False
SKU-003-20240107,2024-01-07,SKU-003,10,30.8,0.0,False
SKU-003-20240108,2024-01-08,SKU-003,7,30.8,0.0,False
SKU-003-20240109,2024-01-09,SKU-003,6,30.8,0.0,False
SKU-003-20240110,2024-01-10,SKU-003,14,30.8,0.0,False
SKU-003-20240111,2024-01-11,SKU-003,8,30.8,0.0,False
SKU-003-20240112,2024-01-12,SKU-003,8,30.8,0.0,False
SKU-003-20240113,2024-01-13,SKU-003,8,30.8,0.1,True
SKU-003-20240114,2024-01-14,SKU-003,8,30.8,0.0,False
SKU-003-20240115,2024-01-15,SKU-003,8,30.8,0.0,False
SKU-003-20240116,2024-01-16,SKU-003,7,30.8,0.0,False
SKU-003-20240117,2024-01-17,SKU-003,8,30.8,0.0,False
SKU-003-20240118,2024-01-18,SKU-003,8,30.8,0.0,False
SKU-003-20240119,2024-01-19,SKU-003,12,30.8,0.0,False
SKU-003-20240120,2024-01-20,SKU-003,16,30.8,0.0,False
SKU-003-20240121,2024-01-21,SKU-003,15,30.8,0.0,False
SKU-003-20240122,2024-01-22,SKU-003,12,30.8,0.0,False
SKU-003-20240123,2024-01-23,SKU-003,9,30.8,0.0,False
SKU-003-20240124,2024-01-24,SKU-003,8,30.8,0.0,False
SKU-003-20240125,2024-01-25,SKU-003,10,30.8,0.1,True
SKU-003-20240126,2024-01-26,SKU-003,11,30.8,0.0,False
SKU-003-20240127,2024-01-27,SKU-003,12,30.8,0.0,False
SKU-003-20240128,2024-01-28,SKU-003,11,30.8,0.0,False
SKU-003-20240129,2024-01-29,SKU-003,12,30.8,0.0,False
SKU-003-20240130,2024-01-30,SKU-003,9,30.8,0.0,False
SKU-003-20240131,2024-01-31,SKU-003,13,30.8,0.0,False
SKU-003-20240201,2024-02-01,SKU-003,13,30.8,0.0,False
SKU-003-20240202,2024-02-02,SKU-003,10,30.8,0.0,False
SKU-003-20240203,2024-02-03,SKU-003,10,30.8,0.0,False
SKU-003-20240204,2024-02-04,SKU-003,18,30.8,0.0,False
SKU-003-20240205,2024-02-05,SKU-003,14,30.8,0.0,False
SKU-003-20240206,2024-02-06,SKU-003,6,30.8,0.0,False
SKU-003-20240207,2024-02-07,SKU-003,13,30.8,0.0,False
SKU-003-20240208,2024-02-08,SKU-003,13,30.8,0.0,False
SKU-003-20240209,2024-02-09,SKU-003,8,30.8,0.0,False
SKU-003-20240210,2024-02-10,SKU-003,13,30.8,0.0,False
SKU-003-20240211,2024-02-11,SKU-003,5,30.8,0.0,False
SKU-003-20240212,2024-02-12,SKU-003,8,30.8,0.0,False
SKU-003-20240213,2024-02-13,SKU-003,12,30.8,0.0,False
SKU-003-20240214,2024-02-14,SKU-003,9,30.8,0.0,False
SKU-003-20240215,2024-02-15,SKU-003,14,30.8,0.0,False
SKU-003-20240216,2024-02-16,SKU-003,10,30.8,0.0,False
SKU-003-20240217,2024-02-17,SKU-003,12,30.8,0.0,False
SKU-003-20240218,2024-02-18,SKU-003,11,30.8,0.0,False
SKU-003-20240219,2024-02-19,SKU-003,8,30.8,0.0,False
SKU-003-20240220,2024-02-20,SKU-003,10,30.8,0.0,False
SKU-003-20240221,2024-02-21,SKU-003,7,30.8,0.0,False
SKU-003-20240222,2024-02-22,SKU-003,8,30.8,0.0,False
SKU-003-20240223,2024-02-23,SKU-003,16,30.8,0.0,False
SKU-003-20240224,2024-02-24,SKU-003,15,30.8,0.0,False
SKU-003-20240225,2024-02-25,SKU-003,12,30.8,0.1,True
SKU-003-20240226,2024-02-26,SKU-003,6,30.8,0.0,False
SKU-003-20240227,2024-02-27,SKU-003,19,30.8,0.1,True
SKU-003-20240228,2024-02-28,SKU-003,8,30.8,0.0,False
SKU-003-20240229,2024-02-29,SKU-003,10,30.8,0.0,False
SKU-003-20240301,2024-03-01,SKU-003,3,30.8,0.0,False
SKU-003-20240302,2024-03-02,SKU-003,13,30.8,0.0,False
SKU-003-20240303,2024-03-03,SKU-003,17,30.8,0.0,False
SKU-003-20240304,2024-03-04,SKU-003,7,30.8,0.0,False
SKU-003-20240305,2024-03-05,SKU-003,13,30.8,0.0,False
SKU-003-20240306,2024-03-06,SKU-003,9,30.8,0.0,False
SKU-003-20240307,2024-03-07,SKU-003,5,30.8,0.0,False
SKU-003-20240308,2024-03-08,SKU-003,15,30.8,0.0,False
SKU-003-20240309,2024-03-09,SKU-003,14,30.8,0.0,False
SKU-003-20240310,2024-03-10,SKU-003,14,30.8,0.0,False
SKU-003-20240311,2024-03-11,SKU-003,10,30.8,0.0,False
SKU-003-20240312,2024-03-12,SKU-003,5,30.8,0.0,False
SKU-003-20240313,2024-03-13,SKU-003,10,30.8,0.0,False
SKU-003-20240314,2024-03-14,SKU-003,4,30.8,0.0,False
SKU-003-20240315,2024-03-15,SKU-003,7,30.8,0.0,False
SKU-003-20240316,2024-03-16,SKU-003,15,30.8,0.0,False
SKU-003-20240317,2024-03-17,SKU-003,15,30.8,0.0,False
SKU-003-20240318,2024-03-18,SKU-003,9,30.8,0.0,False
SKU-003-20240319,2024-03-19,SKU-003,18,30.8,0.0,False
SKU-003-20240320,2024-03-20,SKU-003,12,30.8,0.0,False
SKU-003-20240321,2024-03-21,SKU-003,9,30.8,0.0,False
SKU-003-20240322,2024-03-22,SKU-003,14,30.8,0.0,False
SKU-003-20240323,2024-03-23,SKU-003,9,30.8,0.0,False
SKU-003-20240324,2024-03-24,SKU-003,12,30.8,0.0,False
SKU-003-20240325,2024-03-25,SKU-003,8,30.8,0.0,False
SKU-003-20240326,2024-03-26,SKU-003,10,30.8,0.0,False
SKU-003-20240327,2024-03-27,SKU-003,12,30.8,0.0,False
SKU-003-20240328,2024-03-28,SKU-003,10,30.8,0.0,False
SKU-003-20240329,2024-03-29,SKU-003,12,30.8,0.0,False
SKU-003-20240330,2024-03-30,SKU-003,12,30.8,0.0,False
SKU-003-20240331,2024-03-31,SKU-003,8,30.8,0.0,False
SKU-003-20240401,2024-04-01,SKU-003,7,30.8,0.0,False
SKU-003-20240402,2024-04-02,SKU-003,11,30.8,0.0,False
SKU-003-20240403,2024-04-03,SKU-003,14,30.8,0.1,True
SKU-003-20240404,2024-04-04,SKU-003,12,30.8,0.0,False
SKU-003-20240405,2024-04-05,SKU-003,5,30.8,0.0,False
SKU-003-20240406,2024-04-06,SKU-003,17,30.8,0.0,False
SKU-003-20240407,2024-04-07,SKU-003,8,30.8,0.0,False
SKU-003-20240408,2024-04-08,SKU-003,15,30.8,0.0,False
SKU-003-20240409,2024-04-09,SKU-003,8,30.8,0.0,False
SKU-003-20240410,2024-04-10,SKU-003,7,30.8,0.0,False
SKU-003-20240411,2024-04-11,SKU-003,8,30.8,0.0,False
SKU-003-20240412,2024-04-12,SKU-003,13,30.8,0.0,False
SKU-003-20240413,2024-04-13,SKU-003,12,30.8,0.0,False
SKU-003-20240414,2024-04-14,SKU-003,9,30.8,0.0,False
SKU-003-20240415,2024-04-15,SKU-003,8,30.8,0.0,False
SKU-003-20240416,2024-04-16,SKU-003,11,30.8,0.0,False
SKU-003-20240417,2024-04-17,SKU-003,6,30.8,0.0,False
SKU-003-20240418,2024-04-18,SKU-003,3,30.8,0.1,True
SKU-003-20240419,2024-04-19,SKU-003,7,30.8,0.0,False
SKU-003-20240420,2024-04-20,SKU-003,11,30.8,0.0,False
SKU-003-20240421,2024-04-21,SKU-003,23,30.8,0.0,False
SKU-003-20240422,2024-04-22,SKU-003,8,30.8,0.0,False
SKU-003-20240423,2024-04-23,SKU-003,9,30.8,0.0,False
SKU-003-20240424,2024-04-24,SKU-003,9,30.8,0.0,False
SKU-003-20240425,2024-04-25,SKU-003,10,30.8,0.0,False
SKU-003-20240426,2024-04-26,SKU-003,4,30.8,0.0,False
SKU-003-20240427,2024-04-27,SKU-003,11,30.8,0.0,False
SKU-003-20240428,2024-04-28,SKU-003,12,30.8,0.0,False
SKU-003-20240429,2024-04-29,SKU-003,10,30.8,0.0,False
SKU-003-20240430,2024-04-30,SKU-003,6,30.8,0.0,False
SKU-003-20240501,2024-05-01,SKU-003,7,30.8,0.0,False
SKU-003-20240502,2024-05-02,SKU-003,9,30.8,0.0,False
SKU-003-20240503,2024-05-03,SKU-003,12,30.8,0.0,False
SKU-003-20240504,2024-05-04,SKU-003,6,30.8,0.0,False
SKU-003-20240505,2024-05-05,SKU-003,16,30.8,0.0,False
SKU-003-20240506,2024-05-06,SKU-003,8,30.8,0.0,False
SKU-003-20240507,2024-05-07,SKU-003,16,30.8,0.0,False
SKU-003-20240508,2024-05-08,SKU-003,3,30.8,0.0,False
SKU-003-20240509,2024-05-09,SKU-003,2,30.8,0.0,False
SKU-003-20240510,2024-05-10,SKU-003,9,30.8,0.0,False
SKU-003-20240511,2024-05-11,SKU-003,12,30.8,0.0,False
SKU-003-20240512,2024-05-12,SKU-003,8,30.8,0.0,False
SKU-003-20240513,2024-05-13,SKU-003,11,30.8,0.0,False
SKU-003-20240514,2024-05-14,SKU-003,13,30.8,0.0,False
SKU-003-20240515,2024-05-15,SKU-003,11,30.8,0.0,False
SKU-003-20240516,2024-05-16,SKU-003,8,30.8,0.1,True
SKU-003-20240517,2024-05-17,SKU-003,14,30.8,0.0,False
SKU-003-20240518,2024-05-18,SKU-003,18,30.8,0.0,False
SKU-003-20240519,2024-05-19,SKU-003,16,30.8,0.0,False
SKU-003-20240520,2024-05-20,SKU-003,15,30.8,0.0,False
SKU-003-20240521,2024-05-21,SKU-003,8,30.8,0.0,False
SKU-003-20240522,2024-05-22,SKU-003,4,30.8,0.0,False
SKU-003-20240523,2024-05-23,SKU-003,8,30.8,0.0,False
SKU-003-20240524,2024-05-24,SKU-003,9,30.8,0.0,False
SKU-003-20240525,2024-05-25,SKU-003,15,30.8,0.0,False
SKU-003-20240526,2024-05-26,SKU-003,12,30.8,0.0,False
SKU-003-20240527,2024-05-27,SKU-003,5,30.8,0.0,False
SKU-003-20240528,2024-05-28,SKU-003,17,30.8,0.0,False
SKU-003-20240529,2024-05-29,SKU-003,10,30.8,0.0,False
SKU-003-20240530,2024-05-30,SKU-003,10,30.8,0.0,False
SKU-003-20240531,2024-05-31,SKU-003,14,30.8,0.1,True
SKU-003-20240601,2024-06-01,SKU-003,14,30.8,0.0,False
SKU-003-20240602,2024-06-02,SKU-003,12,30.8,0.0,False
SKU-003-20240603,2024-06-03,SKU-003,6,30.8,0.0,False
SKU-003-20240604,2024-06-04,SKU-003,10,30.8,0.0,False
SKU-003-20240605,2024-06-05,SKU-003,7,30.8,0.0,False
SKU-003-20240606,2024-06-06,SKU-003,5,30.8,0.0,False
SKU-003-20240607,2024-06-07,SKU-003,10,30.8,0.0,False
SKU-003-20240608,2024-06-08,SKU-003,16,30.8,0.0,False
SKU-003-20240609,2024-06-09,SKU-003,13,30.8,0.0,False
SKU-003-20240610,2024-06-10,SKU-003,8,30.8,0.0,False
SKU-003-20240611,2024-06-11,SKU-003,7,30.8,0.0,False
SKU-003-20240612,2024-06-12,SKU-003,7,30.8,0.0,False
SKU-003-20240613,2024-06-13,SKU-003,6,30.8,0.0,False
SKU-003-20240614,2024-06-14,SKU-003,7,30.8,0.0,False
SKU-003-20240615,2024-06-15,SKU-003,17,30.8,0.0,False
SKU-003-20240616,2024-06-16,SKU-003,16,30.8,0.0,False
SKU-003-20240617,2024-06-17,SKU-003,6,30.8,0.0,False
SKU-003-20240618,2024-06-18,SKU-003,9,30.8,0.0,False
SKU-003-20240619,2024-06-19,SKU-003,10,30.8,0.0,False
SKU-003-20240620,2024-06-20,SKU-003,7,30.8,0.0,False
SKU-003-20240621,2024-06-21,SKU-003,11,30.8,0.0,False
SKU-003-20240622,2024-06-22,SKU-003,12,30.8,0.0,False
SKU-003-20240623,2024-06-23,SKU-003,8,30.8,0.0,False
SKU-003-20240624,2024-06-24,SKU-003,16,30.8,0.0,False
SKU-003-20240625,2024-06-25,SKU-003,9,30.8,0.0,False
SKU-003-20240626,2024-06-26,SKU-003,8,30.8,0.0,False
SKU-003-20240627,2024-06-27,SKU-003,8,30.8,0.0,False
SKU-003-20240628,2024-06-28,SKU-003,8,30.8,0.0,False
SKU-003-20240629,2024-06-29,SKU-003,11,30.8,0.1,True
SKU-003-20240630,2024-06-30,SKU-003,6,30.8,0.0,False
SKU-003-20240701,2024-07-01,SKU-003,7,30.8,0.0,False
SKU-003-20240702,2024-07-02,SKU-003,5,30.8,0.0,False
SKU-003-20240703,2024-07-03,SKU-003,11,30.8,0.0,False
SKU-003-20240704,2024-07-04,SKU-003,11,30.8,0.0,False
SKU-003-20240705,2024-07-05,SKU-003,9,30.8,0.0,False
SKU-003-20240706,2024-07-06,SKU-003,8,30.8,0.0,False
SKU-003-20240707,2024-07-07,SKU-003,12,30.8,0.0,False
SKU-003-20240708,2024-07-08,SKU-003,11,30.8,0.0,False
SKU-003-20240709,2024-07-09,SKU-003,11,30.8,0.0,False
SKU-003-20240710,2024-07-10,SKU-003,5,30.8,0.0,False
SKU-003-20240711,2024-07-11,SKU-003,6,30.8,0.0,False
SKU-003-20240712,2024-07-12,SKU-003,14,30.8,0.0,False
SKU-003-20240713,2024-07-13,SKU-003,16,30.8,0.0,False
SKU-003-20240714,2024-07-14,SKU-003,12,30.8,0.0,False
SKU-003-20240715,2024-07-15,SKU-003,9,30.8,0.0,False
SKU-003-20240716,2024-07-16,SKU-003,3,30.8,0.0,False
SKU-003-20240717,2024-07-17,SKU-003,8,30.8,0.0,False
SKU-003-20240718,2024-07-18,SKU-003,5,30.8,0.0,False
SKU-003-20240719,2024-07-19,SKU-003,13,30.8,0.0,False
SKU-003-20240720,2024-07-20,SKU-003,12,30.8,0.0,False
SKU-003-20240721,2024-07-21,SKU-003,10,30.8,0.1,True
SKU-003-20240722,2024-07-22,SKU-003,5,30.8,0.0,False
SKU-003-20240723,2024-07-23,SKU-003,8,30.8,0.1,True
SKU-003-20240724,2024-07-24,SKU-003,7,30.8,0.0,False
SKU-003-20240725,2024-07-25,SKU-003,4,30.8,0.0,False
SKU-003-20240726,2024-07-26,SKU-003,11,30.8,0.1,True
SKU-003-20240727,2024-07-27,SKU-003,10,30.8,0.0,False
SKU-003-20240728,2024-07-28,SKU-003,11,30.8,0.0,False
SKU-003-20240729,2024-07-29,SKU-003,3,30.8,0.0,False
SKU-003-20240730,2024-07-30,SKU-003,8,30.8,0.0,False
SKU-003-20240731,2024-07-31,SKU-003,8,30.8,0.0,False
SKU-003-20240801,2024-08-01,SKU-003,2,30.8,0.0,False
SKU-003-20240802,2024-08-02,SKU-003,5,30.8,0.0,False
SKU-003-20240803,2024-08-03,SKU-003,14,30.8,0.0,False
SKU-003-20240804,2024-08-04,SKU-003,11,30.8,0.0,False
SKU-003-20240805,2024-08-05,SKU-003,4,30.8,0.0,False
SKU-003-20240806,2024-08-06,SKU-003,6,30.8,0.0,False
SKU-003-20240807,2024-08-07,SKU-003,6,30.8,0.0,False
SKU-003-20240808,2024-08-08,SKU-003,4,30.8,0.0,False
SKU-003-20240809,2024-08-09,SKU-003,7,30.8,0.0,False
SKU-003-20240810,2024-08-10,SKU-003,12,30.8,0.0,False
SKU-003-20240811,2024-08-11,SKU-003,11,30.8,0.0,False
SKU-003-20240812,2024-08-12,SKU-003,6,30.8,0.0,False
SKU-003-20240813,2024-08-13,SKU-003,6,30.8,0.0,False
SKU-003-20240814,2024-08-14,SKU-003,11,30.8,0.0,False
SKU-003-20240815,2024-08-15,SKU-003,9,30.8,0.0,False
SKU-003-20240816,2024-08-16,SKU-003,5,30.8,0.0,False
SKU-003-20240817,2024-08-17,SKU-003,9,30.8,0.0,False
SKU-003-20240818,2024-08-18,SKU-003,13,30.8,0.0,False
SKU-003-20240819,2024-08-19,SKU-003,6,30.8,0.0,False
SKU-003-20240820,2024-08-20,SKU-003,5,30.8,0.0,False
SKU-003-20240821,2024-08-21,SKU-003,3,30.8,0.0,False
SKU-003-20240822,2024-08-22,SKU-003,9,30.8,0.0,False
SKU-003-20240823,2024-08-23,SKU-003,8,30.8,0.0,False
SKU-003-20240824,2024-08-24,SKU-003,5,30.8,0.0,False
SKU-003-20240825,2024-08-25,SKU-003,15,30.8,0.0,False
SKU-003-20240826,2024-08-26,SKU-003,3,30.8,0.0,False
SKU-003-20240827,2024-08-27,SKU-003,4,30.8,0.0,False
SKU-003-20240828,2024-08-28,SKU-003,7,30.8,0.0,False
SKU-003-20240829,2024-08-29,SKU-003,5,30.8,0.0,False
SKU-003-20240830,2024-08-30,SKU-003,9,30.8,0.0,False
SKU-003-20240831,2024-08-31,SKU-003,13,30.8,0.0,False
SKU-003-20240901,2024-09-01,SKU-003,8,30.8,0.0,False
SKU-003-20240902,2024-09-02,SKU-003,7,30.8,0.0,False
SKU-003-20240903,2024-09-03,SKU-003,9,30.8,0.0,False
SKU-003-20240904,2024-09-04,SKU-003,8,30.8,0.0,False
SKU-003-20240905,2024-09-05,SKU-003,4,30.8,0.0,False
SKU-003-20240906,2024-09-06,SKU-003,7,30.8,0.0,False
SKU-003-20240907,2024-09-07,SKU-003,17,30.8,0.1,True
SKU-003-20240908,2024-09-08,SKU-003,7,30.8,0.0,False
SKU-003-20240909,2024-09-09,SKU-003,4,30.8,0.0,False
SKU-003-20240910,2024-09-10,SKU-003,10,30.8,0.0,False
SKU-003-20240911,2024-09-11,SKU-003,5,30.8,0.0,False
SKU-003-20240912,2024-09-12,SKU-003,9,30.8,0.0,False
SKU-003-20240913,2024-09-13,SKU-003,6,30.8,0.0,False
SKU-003-20240914,2024-09-14,SKU-003,14,30.8,0.0,False
SKU-003-20240915,2024-09-15,SKU-003,6,30.8,0.0,False
SKU-003-20240916,2024-09-16,SKU-003,14,30.8,0.0,False
SKU-003-20240917,2024-09-17,SKU-003,4,30.8,0.0,False
SKU-003-20240918,2024-09-18,SKU-003,7,30.8,0.0,False
SKU-003-20240919,2024-09-19,SKU-003,5,30.8,0.0,False
SKU-003-20240920,2024-09-20,SKU-003,9,30.8,0.0,False
SKU-003-20240921,2024-09-21,SKU-003,8,30.8,0.0,False
SKU-003-20240922,2024-09-22,SKU-003,9,30.8,0.0,False
SKU-003-20240923,2024-09-23,SKU-003,9,30.8,0.0,False
SKU-003-20240924,2024-09-24,SKU-003,4,30.8,0.0,False
SKU-003-20240925,2024-09-25,SKU-003,7,30.8,0.0,False
SKU-003-20240926,2024-09-26,SKU-003,8,30.8,0.0,False
SKU-003-20240927,2024-09-27,SKU-003,11,30.8,0.0,False
SKU-003-20240928,2024-09-28,SKU-003,8,30.8,0.0,False
SKU-003-20240929,2024-09-29,SKU-003,13,30.8,0.0,False
SKU-003-20240930,2024-09-30,SKU-003,6,30.8,0.0,False
SKU-003-20241001,2024-10-01,SKU-003,7,30.8,0.0,False
SKU-003-20241002,2024-10-02,SKU-003,10,30.8,0.0,False
SKU-003-20241003,2024-10-03,SKU-003,11,30.8,0.0,False
SKU-003-20241004,2024-10-04,SKU-003,5,30.8,0.0,False
SKU-003-20241005,2024-10-05,SKU-003,15,30.8,0.0,False
SKU-003-20241006,2024-10-06,SKU-003,10,30.8,0.0,False
SKU-003-20241007,2024-10-07,SKU-003,2,30.8,0.0,False
SKU-003-20241008,2024-10-08,SKU-003,8,30.8,0.0,False
SKU-003-20241009,2024-10-09,SKU-003,7,30.8,0.1,True
SKU-003-20241010,2024-10-10,SKU-003,8,30.8,0.0,False
SKU-003-20241011,2024-10-11,SKU-003,5,30.8,0.0,False
SKU-003-20241012,2024-10-12,SKU-003,9,30.8,0.0,False
SKU-003-20241013,2024-10-13,SKU-003,13,30.8,0.0,False
SKU-003-20241014,2024-10-14,SKU-003,5,30.8,0.0,False
SKU-003-20241015,2024-10-15,SKU-003,4,30.8,0.0,False
SKU-003-20241016,2024-10-16,SKU-003,17,30.8,0.0,False
SKU-003-20241017,2024-10-17,SKU-003,9,30.8,0.0,False
SKU-003-20241018,2024-10-18,SKU-003,6,30.8,0.0,False
SKU-003-20241019,2024-10-19,SKU-003,7,30.8,0.0,False
SKU-003-20241020,2024-10-20,SKU-003,5,30.8,0.0,False
SKU-003-20241021,2024-10-21,SKU-003,8,30.8,0.0,False
SKU-003-20241022,2024-10-22,SKU-003,7,30.8,0.0,False
SKU-003-20241023,2024-10-23,SKU-003,5,30.8,0.0,False
SKU-003-20241024,2024-10-24,SKU-003,7,30.8,0.0,False
SKU-003-20241025,2024-10-25,SKU-003,6,30.8,0.0,False
SKU-003-20241026,2024-10-26,SKU-003,10,30.8,0.0,False
SKU-003-20241027,2024-10-27,SKU-003,13,30.8,0.0,False
SKU-003-20241028,2024-10-28,SKU-003,4,30.8,0.0,False
SKU-003-20241029,2024-10-29,SKU-003,4,30.8,0.0,False
SKU-003-20241030,2024-10-30,SKU-003,6,30.8,0.0,False
SKU-003-20241031,2024-10-31,SKU-003,12,30.8,0.0,False
SKU-003-20241101,2024-11-01,SKU-003,4,30.8,0.0,False
SKU-003-20241102,2024-11-02,SKU-003,7,30.8,0.0,False
SKU-003-20241103,2024-11-03,SKU-003,13,30.8,0.0,False
SKU-003-20241104,2024-11-04,SKU-003,6,30.8,0.0,False
SKU-003-20241105,2024-11-05,SKU-003,4,30.8,0.0,False
SKU-003-20241106,2024-11-06,SKU-003,8,30.8,0.0,False
SKU-003-20241107,2024-11-07,SKU-003,14,30.8,0.1,True
SKU-003-20241108,2024-11-08,SKU-003,4,30.8,0.0,False
SKU-003-20241109,2024-11-09,SKU-003,7,30.8,0.0,False
SKU-003-20241110,2024-11-10,SKU-003,6,30.8,0.0,False
SKU-003-20241111,2024-11-11,SKU-003,10,30.8,0.0,False
SKU-003-20241112,2024-11-12,SKU-003,10,30.8,0.0,False
SKU-003-20241113,2024-11-13,SKU-003,4,30.8,0.0,False
SKU-003-20241114,2024-11-14,SKU-003,4,30.8,0.0,False
SKU-003-20241115,2024-11-15,SKU-003,8,30.8,0.1,True
SKU-003-20241116,2024-11-16,SKU-003,7,30.8,0.0,False
SKU-003-20241117,2024-11-17,SKU-003,9,30.8,0.0,False
SKU-003-20241118,2024-11-18,SKU-003,10,30.8,0.0,False
SKU-003-20241119,2024-11-19,SKU-003,6,30.8,0.0,False
SKU-003-20241120,2024-11-20,SKU-003,4,30.8,0.0,False
SKU-003-20241121,2024-11-21,SKU-003,10,30.8,0.0,False
SKU-003-20241122,2024-11-22,SKU-003,6,30.8,0.0,False
SKU-003-20241123,2024-11-23,SKU-003,9,30.8,0.0,False
SKU-003-20241124,2024-11-24,SKU-003,5,30.8,0.0,False
SKU-003-20241125,2024-11-25,SKU-003,7,30.8,0.0,False
SKU-003-20241126,2024-11-26,SKU-003,6,30.8,0.0,False
SKU-003-20241127,2024-11-27,SKU-003,4,30.8,0.0,False
SKU-003-20241128,2024-11-28,SKU-003,6,30.8,0.0,False
SKU-003-20241129,2024-11-29,SKU-003,4,30.8,0.0,False
SKU-003-20241130,2024-11-30,SKU-003,8,30.8,0.0,False
SKU-003-20241201,2024-12-01,SKU-003,15,30.8,0.0,False
SKU-003-20241202,2024-12-02,SKU-003,8,30.8,0.0,False
SKU-003-20241203,2024-12-03,SKU-003,5,30.8,0.0,False
SKU-003-20241204,2024-12-04,SKU-003,4,30.8,0.0,False
SKU-003-20241205,2024-12-05,SKU-003,10,30.8,0.1,True
SKU-003-20241206,2024-12-06,SKU-003,6,30.8,0.0,False
SKU-003-20241207,2024-12-07,SKU-003,9,30.8,0.0,False
SKU-003-20241208,2024-12-08,SKU-003,12,30.8,0.0,False
SKU-003-20241209,2024-12-09,SKU-003,6,30.8,0.0,False
SKU-003-20241210,2024-12-10,SKU-003,7,30.8,0.0,False
SKU-003-20241211,2024-12-11,SKU-003,8,30.8,0.0,False
SKU-003-20241212,2024-12-12,SKU-003,10,30.8,0.0,False
SKU-003-20241213,2024-12-13,SKU-003,3,30.8,0.0,False
SKU-003-20241214,2024-12-14,SKU-003,12,30.8,0.0,False
SKU-003-20241215,2024-12-15,SKU-003,11,30.8,0.0,False
SKU-003-20241216,2024-12-16,SKU-003,10,30.8,0.0,False
SKU-003-20241217,2024-12-17,SKU-003,11,30.8,0.0,False
SKU-003-20241218,2024-12-18,SKU-003,9,30.8,0.0,False
SKU-003-20241219,2024-12-19,SKU-003,4,30.8,0.0,False
SKU-003-20241220,2024-12-20,SKU-003,5,30.8,0.0,False
SKU-003-20241221,2024-12-21,SKU-003,11,30.8,0.0,False
SKU-003-20241222,2024-12-22,SKU-003,14,30.8,0.0,False
SKU-003-20241223,2024-12-23,SKU-003,10,30.8,0.0,False
SKU-003-20241224,2024-12-24,SKU-003,12,30.8,0.0,False
SKU-003-20241225,2024-12-25,SKU-003,12,30.8,0.0,False
SKU-003-20241226,2024-12-26,SKU-003,7,30.8,0.1,True
SKU-003-20241227,2024-12-27,SKU-003,8,30.8,0.0,False
SKU-003-20241228,2024-12-28,SKU-003,18,30.8,0.0,False
SKU-003-20241229,2024-12-29,SKU-003,14,30.8,0.0,False
SKU-003-20241230,2024-12-30,SKU-003,4,30.8,0.0,False
SKU-003-20241231,2024-12-31,SKU-003,7,30.8,0.0,False
SKU-003-20250101,2025-01-01,SKU-003,11,30.8,0.0,False
SKU-003-20250102,2025-01-02,SKU-003,11,30.8,0.0,False
SKU-003-20250103,2025-01-03,SKU-003,6,30.8,0.0,False
SKU-003-20250104,2025-01-04,SKU-003,13,30.8,0.0,False
SKU-003-20250105,2025-01-05,SKU-003,9,30.8,0.0,False
SKU-003-20250106,2025-01-06,SKU-003,16,30.8,0.0,False
SKU-003-20250107,2025-01-07,SKU-003,5,30.8,0.0,False
SKU-003-20250108,2025-01-08,SKU-003,3,30.8,0.0,False
SKU-003-20250109,2025-01-09,SKU-003,5,30.8,0.0,False
SKU-003-20250110,2025-01-10,SKU-003,9,30.8,0.0,False
SKU-003-20250111,2025-01-11,SKU-003,15,30.8,0.1,True
SKU-003-20250112,2025-01-12,SKU-003,10,30.8,0.0,False
SKU-003-20250113,2025-01-13,SKU-003,7,30.8,0.0,False
SKU-003-20250114,2025-01-14,SKU-003,11,30.8,0.1,True
SKU-003-20250115,2025-01-15,SKU-003,4,30.8,0.0,False
SKU-003-20250116,2025-01-16,SKU-003,9,30.8,0.0,False
SKU-003-20250117,2025-01-17,SKU-003,9,30.8,0.0,False
SKU-003-20250118,2025-01-18,SKU-003,13,30.8,0.0,False
SKU-003-20250119,2025-01-19,SKU-003,5,30.8,0.0,False
SKU-003-20250120,2025-01-20,SKU-003,18,30.8,0.1,True
SKU-003-20250121,2025-01-21,SKU-003,10,30.8,0.0,False
SKU-003-20250122,2025-01-22,SKU-003,12,30.8,0.0,False
SKU-003-20250123,2025-01-23,SKU-003,10,30.8,0.0,False
SKU-003-20250124,2025-01-24,SKU-003,9,30.8,0.0,False
SKU-003-20250125,2025-01-25,SKU-003,11,30.8,0.0,False
SKU-003-20250126,2025-01-26,SKU-003,16,30.8,0.0,False
SKU-003-20250127,2025-01-27,SKU-003,8,30.8,0.0,False
SKU-003-20250128,2025-01-28,SKU-003,9,30.8,0.0,False
SKU-003-20250129,2025-01-29,SKU-003,7,30.8,0.0,False
SKU-003-20250130,2025-01-30,SKU-003,11,30.8,0.0,False
SKU-003-20250131,2025-01-31,SKU-003,5,30.8,0.0,False
SKU-003-20250201,2025-02-01,SKU-003,19,30.8,0.0,False
SKU-003-20250202,2025-02-02,SKU-003,13,30.8,0.0,False
SKU-003-20250203,2025-02-03,SKU-003,7,30.8,0.0,False
SKU-003-20250204,2025-02-04,SKU-003,1,30.8,0.0,False
SKU-003-20250205,2025-02-05,SKU-003,6,30.8,0.0,False
SKU-003-20250206,2025-02-06,SKU-003,12,30.8,0.0,False
SKU-003-20250207,2025-02-07,SKU-003,7,30.8,0.0,False
SKU-003-20250208,2025-02-08,SKU-003,13,30.8,0.0,False
SKU-003-20250209,2025-02-09,SKU-003,11,30.8,0.0,False
SKU-003-20250210,2025-02-10,SKU-003,11,30.8,0.0,False
SKU-003-20250211,2025-02-11,SKU-003,9,30.8,0.0,False
SKU-003-20250212,2025-02-12,SKU-003,5,30.8,0.0,False
SKU-003-20250213,2025-02-13,SKU-003,6,30.8,0.0,False
SKU-003-20250214,2025-02-14,SKU-003,10,30.8,0.0,False
SKU-003-20250215,2025-02-15,SKU-003,8,30.8,0.0,False
SKU-003-20250216,2025-02-16,SKU-003,13,30.8,0.0,False
SKU-003-20250217,2025-02-17,SKU-003,13,30.8,0.0,False
SKU-003-20250218,2025-02-18,SKU-003,6,30.8,0.0,False
SKU-003-20250219,2025-02-19,SKU-003,5,30.8,0.0,False
SKU-003-20250220,2025-02-20,SKU-003,7,30.8,0.0,False
SKU-003-20250221,2025-02-21,SKU-003,16,30.8,0.0,False
SKU-003-20250222,2025-02-22,SKU-003,10,30.8,0.0,False
SKU-003-20250223,2025-02-23,SKU-003,17,30.8,0.0,False
SKU-003-20250224,2025-02-24,SKU-003,8,30.8,0.0,False
SKU-003-20250225,2025-02-25,SKU-003,10,30.8,0.0,False
SKU-003-20250226,2025-02-26,SKU-003,12,30.8,0.0,False
SKU-003-20250227,2025-02-27,SKU-003,7,30.8,0.0,False
SKU-003-20250228,2025-02-28,SKU-003,6,30.8,0.0,False
SKU-003-20250301,2025-03-01,SKU-003,17,30.8,0.0,False
SKU-003-20250302,2025-03-02,SKU-003,16,30.8,0.0,False
SKU-003-20250303,2025-03-03,SKU-003,8,30.8,0.0,False
SKU-003-20250304,2025-03-04,SKU-003,7,30.8,0.0,False
SKU-003-20250305,2025-03-05,SKU-003,4,30.8,0.0,False
SKU-003-20250306,2025-03-06,SKU-003,5,30.8,0.0,False
SKU-003-20250307,2025-03-07,SKU-003,6,30.8,0.0,False
SKU-003-20250308,2025-03-08,SKU-003,14,30.8,0.0,False
SKU-003-20250309,2025-03-09,SKU-003,9,30.8,0.0,False
SKU-003-20250310,2025-03-10,SKU-003,10,30.8,0.0,False
SKU-003-20250311,2025-03-11,SKU-003,11,30.8,0.0,False
SKU-003-20250312,2025-03-12,SKU-003,9,30.8,0.0,False
SKU-003-20250313,2025-03-13,SKU-003,13,30.8,0.0,False
SKU-003-20250314,2025-03-14,SKU-003,7,30.8,0.0,False
SKU-003-20250315,2025-03-15,SKU-003,11,30.8,0.0,False
SKU-003-20250316,2025-03-16,SKU-003,11,30.8,0.0,False
SKU-003-20250317,2025-03-17,SKU-003,10,30.8,0.0,False
SKU-003-20250318,2025-03-18,SKU-003,10,30.8,0.0,False
SKU-003-20250319,2025-03-19,SKU-003,14,30.8,0.0,False
SKU-003-20250320,2025-03-20,SKU-003,14,30.8,0.0,False
SKU-003-20250321,2025-03-21,SKU-003,5,30.8,0.0,False
SKU-003-20250322,2025-03-22,SKU-003,16,30.8,0.0,False
SKU-003-20250323,2025-03-23,SKU-003,14,30.8,0.1,True
SKU-003-20250324,2025-03-24,SKU-003,12,30.8,0.1,True
SKU-003-20250325,2025-03-25,SKU-003,10,30.8,0.0,False
SKU-003-20250326,2025-03-26,SKU-003,5,30.8,0.0,False
SKU-003-20250327,2025-03-27,SKU-003,9,30.8,0.0,False
SKU-003-20250328,2025-03-28,SKU-003,13,30.8,0.0,False
SKU-003-20250329,2025-03-29,SKU-003,14,30.8,0.0,False
SKU-003-20250330,2025-03-30,SKU-003,18,30.8,0.1,True
SKU-003-20250331,2025-03-31,SKU-003,10,30.8,0.0,False
SKU-003-20250401,2025-04-01,SKU-003,8,30.8,0.0,False
SKU-003-20250402,2025-04-02,SKU-003,9,30.8,0.0,False
SKU-003-20250403,2025-04-03,SKU-003,10,30.8,0.0,False
SKU-003-20250404,2025-04-04,SKU-003,5,30.8,0.0,False
SKU-003-20250405,2025-04-05,SKU-003,16,30.8,0.0,False
SKU-003-20250406,2025-04-06,SKU-003,8,30.8,0.0,False
SKU-003-20250407,2025-04-07,SKU-003,13,30.8,0.0,False
SKU-003-20250408,2025-04-08,SKU-003,10,30.8,0.0,False
SKU-003-20250409,2025-04-09,SKU-003,9,30.8,0.0,False
SKU-003-20250410,2025-04-10,SKU-003,11,30.8,0.0,False
SKU-003-20250411,2025-04-11,SKU-003,9,30.8,0.0,False
SKU-003-20250412,2025-04-12,SKU-003,10,30.8,0.0,False
SKU-003-20250413,2025-04-13,SKU-003,6,30.8,0.0,False
SKU-003-20250414,2025-04-14,SKU-003,7,30.8,0.0,False
SKU-003-20250415,2025-04-15,SKU-003,8,30.8,0.0,False
SKU-003-20250416,2025-04-16,SKU-003,14,30.8,0.0,False
SKU-003-20250417,2025-04-17,SKU-003,13,30.8,0.1,True
SKU-003-20250418,2025-04-18,SKU-003,7,30.8,0.0,False
SKU-003-20250419,2025-04-19,SKU-003,5,30.8,0.0,False
SKU-003-20250420,2025-04-20,SKU-003,9,30.8,0.0,False
SKU-003-20250421,2025-04-21,SKU-003,13,30.8,0.0,False
SKU-003-20250422,2025-04-22,SKU-003,10,30.8,0.0,False
SKU-003-20250423,2025-04-23,SKU-003,9,30.8,0.0,False
SKU-003-20250424,2025-04-24,SKU-003,7,30.8,0.0,False
SKU-003-20250425,2025-04-25,SKU-003,3,30.8,0.0,False
SKU-003-20250426,2025-04-26,SKU-003,23,30.8,0.1,True
SKU-003-20250427,2025-04-27,SKU-003,11,30.8,0.0,False
SKU-003-20250428,2025-04-28,SKU-003,7,30.8,0.0,False
SKU-003-20250429,2025-04-29,SKU-003,8,30.8,0.0,False
SKU-003-20250430,2025-04-30,SKU-003,9,30.8,0.0,False
SKU-003-20250501,2025-05-01,SKU-003,10,30.8,0.0,False
SKU-003-20250502,2025-05-02,SKU-003,8,30.8,0.0,False
SKU-003-20250503,2025-05-03,SKU-003,11,30.8,0.0,False
SKU-003-20250504,2025-05-04,SKU-003,19,30.8,0.0,False
SKU-003-20250505,2025-05-05,SKU-003,11,30.8,0.0,False
SKU-003-20250506,2025-05-06,SKU-003,16,30.8,0.0,False
SKU-003-20250507,2025-05-07,SKU-003,7,30.8,0.0,False
SKU-003-20250508,2025-05-08,SKU-003,10,30.8,0.0,False
SKU-003-20250509,2025-05-09,SKU-003,12,30.8,0.0,False
SKU-003-20250510,2025-05-10,SKU-003,9,30.8,0.0,False
SKU-003-20250511,2025-05-11,SKU-003,14,30.8,0.0,False
SKU-003-20250512,2025-05-12,SKU-003,8,30.8,0.0,False
SKU-003-20250513,2025-05-13,SKU-003,10,30.8,0.0,False
SKU-003-20250514,2025-05-14,SKU-003,14,30.8,0.0,False
SKU-003-20250515,2025-05-15,SKU-003,6,30.8,0.0,False
SKU-003-20250516,2025-05-16,SKU-003,10,30.8,0.0,False
SKU-003-20250517,2025-05-17,SKU-003,12,30.8,0.0,False
SKU-003-20250518,2025-05-18,SKU-003,11,30.8,0.0,False
SKU-003-20250519,2025-05-19,SKU-003,9,30.8,0.0,False
SKU-003-20250520,2025-05-20,SKU-003,17,30.8,0.0,False
SKU-003-20250521,2025-05-21,SKU-003,8,30.8,0.0,False
SKU-003-20250522,2025-05-22,SKU-003,9,30.8,0.0,False
SKU-003-20250523,2025-05-23,SKU-003,12,30.8,0.0,False
SKU-003-20250524,2025-05-24,SKU-003,16,30.8,0.0,False
SKU-003-20250525,2025-05-25,SKU-003,24,30.8,0.0,False
SKU-003-20250526,2025-05-26,SKU-003,11,30.8,0.0,False
SKU-003-20250527,2025-05-27,SKU-003,14,30.8,0.0,False
SKU-003-20250528,2025-05-28,SKU-003,8,30.8,0.0,False
SKU-003-20250529,2025-05-29,SKU-003,12,30.8,0.1,True
SKU-003-20250530,2025-05-30,SKU-003,7,30.8,0.0,False
SKU-003-20250531,2025-05-31,SKU-003,13,30.8,0.0,False
SKU-003-20250601,2025-06-01,SKU-003,14,30.8,0.0,False
SKU-003-20250602,2025-06-02,SKU-003,11,30.8,0.0,False
SKU-003-20250603,2025-06-03,SKU-003,9,30.8,0.0,False
SKU-003-20250604,2025-06-04,SKU-003,8,30.8,0.0,False
SKU-003-20250605,2025-06-05,SKU-003,12,30.8,0.0,False
SKU-003-20250606,2025-06-06,SKU-003,8,30.8,0.0,False
SKU-003-20250607,2025-06-07,SKU-003,7,30.8,0.0,False
SKU-003-20250608,2025-06-08,SKU-003,4,30.8,0.0,False
SKU-003-20250609,2025-06-09,SKU-003,7,30.8,0.0,False
SKU-003-20250610,2025-06-10,SKU-003,12,30.8,0.0,False
SKU-003-20250611,2025-06-11,SKU-003,9,30.8,0.0,False
SKU-003-20250612,2025-06-12,SKU-003,11,30.8,0.0,False
SKU-003-20250613,2025-06-13,SKU-003,8,30.8,0.0,False
SKU-003-20250614,2025-06-14,SKU-003,10,30.8,0.0,False
SKU-003-20250615,2025-06-15,SKU-003,11,30.8,0.0,False
SKU-003-20250616,2025-06-16,SKU-003,5,30.8,0.0,False
SKU-003-20250617,2025-06-17,SKU-003,7,30.8,0.0,False
SKU-003-20250618,2025-06-18,SKU-003,4,30.8,0.0,False
SKU-003-20250619,2025-06-19,SKU-003,4,30.8,0.0,False
SKU-003-20250620,2025-06-20,SKU-003,9,30.8,0.0,False
SKU-003-20250621,2025-06-21,SKU-003,13,30.8,0.0,False
SKU-003-20250622,2025-06-22,SKU-003,10,30.8,0.0,False
SKU-003-20250623,2025-06-23,SKU-003,7,30.8,0.0,False
SKU-004-20240101,2024-01-01,SKU-004,5,46.2,0.0,False
SKU-004-20240102,2024-01-02,SKU-004,5,46.2,0.0,False
SKU-004-20240103,2024-01-03,SKU-004,2,46.2,0.0,False
SKU-004-20240104,2024-01-04,SKU-004,3,46.2,0.0,False
SKU-004-20240105,2024-01-05,SKU-004,5,46.2,0.0,False
SKU-004-20240106,2024-01-06,SKU-004,13,46.2,0.1,True
SKU-004-20240107,2024-01-07,SKU-004,7,46.2,0.0,False
SKU-004-20240108,2024-01-08,SKU-004,9,46.2,0.0,False
SKU-004-20240109,2024-01-09,SKU-004,3,46.2,0.0,False
SKU-004-20240110,2024-01-10,SKU-004,13,46.2,0.1,True
SKU-004-20240111,2024-01-11,SKU-004,4,46.2,0.0,False
SKU-004-20240112,2024-01-12,SKU-004,13,46.2,0.0,False
SKU-004-20240113,2024-01-13,SKU-004,4,46.2,0.0,False
SKU-004-20240114,2024-01-14,SKU-004,2,46.2,0.0,False
SKU-004-20240115,2024-01-15,SKU-004,8,46.2,0.0,False
SKU-004-20240116,2024-01-16,SKU-004,9,46.2,0.0,False
SKU-004-20240117,2024-01-17,SKU-004,9,46.2,0.0,False
SKU-004-20240118,2024-01-18,SKU-004,9,46.2,0.0,False
SKU-004-20240119,2024-01-19,SKU-004,5,46.2,0.0,False
SKU-004-20240120,2024-01-20,SKU-004,4,46.2,0.0,False
SKU-004-20240121,2024-01-21,SKU-004,12,46.2,0.1,True
SKU-004-20240122,2024-01-22,SKU-004,7,46.2,0.0,False
SKU-004-20240123,2024-01-23,SKU-004,5,46.2,0.0,False
SKU-004-20240124,2024-01-24,SKU-004,7,46.2,0.1,True
SKU-004-20240125,2024-01-25,SKU-004,10,46.2,0.0,False
SKU-004-20240126,2024-01-26,SKU-004,5,46.2,0.0,False
SKU-004-20240127,2024-01-27,SKU-004,6,46.2,0.0,False
SKU-004-20240128,2024-01-28,SKU-004,10,46.2,0.0,False
SKU-004-20240129,2024-01-29,SKU-004,10,46.2,0.0,False
SKU-004-20240130,2024-01-30,SKU-004,10,46.2,0.0,False
SKU-004-20240131,2024-01-31,SKU-004,5,46.2,0.0,False
SKU-004-20240201,2024-02-01,SKU-004,8,46.2,0.0,False
SKU-004-20240202,2024-02-02,SKU-004,8,46.2,0.0,False
SKU-004-20240203,2024-02-03,SKU-004,8,46.2,0.0,False
SKU-004-20240204,2024-02-04,SKU-004,12,46.2,0.0,False
SKU-004-20240205,2024-02-05,SKU-004,7,46.2,0.0,False
SKU-004-20240206,2024-02-06,SKU-004,0,46.2,0.0,False
SKU-004-20240207,2024-02-07,SKU-004,7,46.2,0.0,False
SKU-004-20240208,2024-02-08,SKU-004,8,46.2,0.0,False
SKU-004-20240209,2024-02-09,SKU-004,5,46.2,0.0,False
SKU-004-20240210,2024-02-10,SKU-004,13,46.2,0.0,False
SKU-004-20240211,2024-02-11,SKU-004,6,46.2,0.0,False
SKU-004-20240212,2024-02-12,SKU-004,5,46.2,0.0,False
SKU-004-20240213,2024-02-13,SKU-004,5,46.2,0.1,True
SKU-004-20240214,2024-02-14,SKU-004,5,46.2,0.0,False
SKU-004-20240215,2024-02-15,SKU-004,5,46.2,0.0,False
SKU-004-20240216,2024-02-16,SKU-004,4,46.2,0.0,False
SKU-004-20240217,2024-02-17,SKU-004,14,46.2,0.0,False
SKU-004-20240218,2024-02-18,SKU-004,7,46.2,0.0,False
SKU-004-20240219,2024-02-19,SKU-004,5,46.2,0.0,False
SKU-004-20240220,2024-02-20,SKU-004,11,46.2,0.0,False
SKU-004-20240221,2024-02-21,SKU-004,2,46.2,0.0,False
SKU-004-20240222,2024-02-22,SKU-004,9,46.2,0.0,False
SKU-004-20240223,2024-02-23,SKU-004,8,46.2,0.0,False
SKU-004-20240224,2024-02-24,SKU-004,11,46.2,0.0,False
SKU-004-20240225,2024-02-25,SKU-004,10,46.2,0.0,False
SKU-004-20240226,2024-02-26,SKU-004,11,46.2,0.0,False
SKU-004-20240227,2024-02-27,SKU-004,9,46.2,0.0,False
SKU-004-20240228,2024-02-28,SKU-004,7,46.2,0.0,False
SKU-004-20240229,2024-02-29,SKU-004,6,46.2,0.0,False
SKU-004-20240301,2024-03-01,SKU-004,10,46.2,0.0,False
SKU-004-20240302,2024-03-02,SKU-004,8,46.2,0.0,False
SKU-004-20240303,2024-03-03,SKU-004,11,46.2,0.0,False
SKU-004-20240304,2024-03-04,SKU-004,9,46.2,0.0,False
SKU-004-20240305,2024-03-05,SKU-004,6,46.2,0.0,False
SKU-004-20240306,2024-03-06,SKU-004,1,46.2,0.0,False
SKU-004-20240307,2024-03-07,SKU-004,8,46.2,0.1,True
SKU-004-20240308,2024-03-08,SKU-004,8,46.2,0.0,False
SKU-004-20240309,2024-03-09,SKU-004,5,46.2,0.0,False
SKU-004-20240310,2024-03-10,SKU-004,10,46.2,0.0,False
SKU-004-20240311,2024-03-11,SKU-004,3,46.2,0.0,False
SKU-004-20240312,2024-03-12,SKU-004,7,46.2,0.0,False
SKU-004-20240313,2024-03-13,SKU-004,5,46.2,0.0,False
SKU-004-20240314,2024-03-14,SKU-004,9,46.2,0.0,False
SKU-004-20240315,2024-03-15,SKU-004,10,46.2,0.1,True
SKU-004-20240316,2024-03-16,SKU-004,4,46.2,0.0,False
SKU-004-20240317,2024-03-17,SKU-004,8,46.2,0.0,False
SKU-004-20240318,2024-03-18,SKU-004,5,46.2,0.0,False
SKU-004-20240319,2024-03-19,SKU-004,10,46.2,0.1,True
SKU-004-20240320,2024-03-20,SKU-004,8,46.2,0.0,False
SKU-004-20240321,2024-03-21,SKU-004,5,46.2,0.0,False
SKU-004-20240322,2024-03-22,SKU-004,9,46.2,0.0,False
SKU-004-20240323,2024-03-23,SKU-004,17,46.2,0.0,False
SKU-004-20240324,2024-03-24,SKU-004,11,46.2,0.0,False
SKU-004-20240325,2024-03-25,SKU-004,8,46.2,0.0,False
SKU-004-20240326,2024-03-26,SKU-004,7,46.2,0.0,False
SKU-004-20240327,2024-03-27,SKU-004,6,46.2,0.0,False
SKU-004-20240328,2024-03-28,SKU-004,10,46.2,0.1,True
SKU-004-20240329,2024-03-29,SKU-004,13,46.2,0.1,True
SKU-004-20240330,2024-03-30,SKU-004,4,46.2,0.0,False
SKU-004-20240331,2024-03-31,SKU-004,4,46.2,0.0,False
SKU-004-20240401,2024-04-01,SKU-004,7,46.2,0.0,False
SKU-004-20240402,2024-04-02,SKU-004,10,46.2,0.0,False
SKU-004-20240403,2024-04-03,SKU-004,9,46.2,0.0,False
SKU-004-20240404,2024-04-04,SKU-004,8,46.2,0.1,True
SKU-004-20240405,2024-04-05,SKU-004,9,46.2,0.0,False
SKU-004-20240406,2024-04-06,SKU-004,16,46.2,0.0,False
SKU-004-20240407,2024-04-07,SKU-004,10,46.2,0.0,False
SKU-004-20240408,2024-04-08,SKU-004,9,46.2,0.0,False
SKU-004-20240409,2024-04-09,SKU-004,3,46.2,0.0,False
SKU-004-20240410,2024-04-10,SKU-004,7,46.2,0.0,False
SKU-004-20240411,2024-04-11,SKU-004,7,46.2,0.1,True
SKU-004-20240412,2024-04-12,SKU-004,11,46.2,0.0,False
SKU-004-20240413,2024-04-13,SKU-004,9,46.2,0.0,False
SKU-004-20240414,2024-04-14,SKU-004,8,46.2,0.0,False
SKU-004-20240415,2024-04-15,SKU-004,9,46.2,0.0,False
SKU-004-20240416,2024-04-16,SKU-004,11,46.2,0.0,False
SKU-004-20240417,2024-04-17,SKU-004,6,46.2,0.0,False
SKU-004-20240418,2024-04-18,SKU-004,6,46.2,0.0,False
SKU-004-20240419,2024-04-19,SKU-004,8,46.2,0.0,False
SKU-004-20240420,2024-04-20,SKU-004,11,46.2,0.0,False
SKU-004-20240421,2024-04-21,SKU-004,7,46.2,0.0,False
SKU-004-20240422,2024-04-22,SKU-004,8,46.2,0.0,False
SKU-004-20240423,2024-04-23,SKU-004,13,46.2,0.0,False
SKU-004-20240424,2024-04-24,SKU-004,9,46.2,0.0,False
SKU-004-20240425,2024-04-25,SKU-004,9,46.2,0.1,True
SKU-004-20240426,2024-04-26,SKU-004,5,46.2,0.0,False
SKU-004-20240427,2024-04-27,SKU-004,13,46.2,0.0,False
SKU-004-20240428,2024-04-28,SKU-004,13,46.2,0.0,False
SKU-004-20240429,2024-04-29,SKU-004,5,46.2,0.0,False
SKU-004-20240430,2024-04-30,SKU-004,8,46.2,0.1,True
SKU-004-20240501,2024-05-01,SKU-004,10,46.2,0.0,False
SKU-004-20240502,2024-05-02,SKU-004,7,46.2,0.0,False
SKU-004-20240503,2024-05-03,SKU-004,7,46.2,0.0,False
SKU-004-20240504,2024-05-04,SKU-004,12,46.2,0.0,False
SKU-004-20240505,2024-05-05,SKU-004,9,46.2,0.0,False
SKU-004-20240506,2024-05-06,SKU-004,7,46.2,0.0,False
SKU-004-20240507,2024-05-07,SKU-004,7,46.2,0.0,False
SKU-004-20240508,2024-05-08,SKU-004,11,46.2,0.0,False
SKU-004-20240509,2024-05-09,SKU-004,17,46.2,0.1,True
SKU-004-20240510,2024-05-10,SKU-004,5,46.2,0.0,False
SKU-004-20240511,2024-05-11,SKU-004,6,46.2,0.0,False
SKU-004-20240512,2024-05-12,SKU-004,12,46.2,0.0,False
SKU-004-20240513,2024-05-13,SKU-004,9,46.2,0.0,False
SKU-004-20240514,2024-05-14,SKU-004,9,46.2,0.0,False
SKU-004-20240515,2024-05-15,SKU-004,10,46.2,0.0,False
SKU-004-20240516,2024-05-16,SKU-004,5,46.2,0.0,False
SKU-004-20240517,2024-05-17,SKU-004,7,46.2,0.0,False
SKU-004-20240518,2024-05-18,SKU-004,10,46.2,0.0,False
SKU-004-20240519,2024-05-19,SKU-004,7,46.2,0.0,False
SKU-004-20240520,2024-05-20,SKU-004,9,46.2,0.0,False
SKU-004-20240521,2024-05-21,SKU-004,4,46.2,0.0,False
SKU-004-20240522,2024-05-22,SKU-004,9,46.2,0.0,False
SKU-004-20240523,2024-05-23,SKU-004,3,46.2,0.0,False
SKU-004-20240524,2024-05-24,SKU-004,7,46.2,0.0,False
SKU-004-20240525,2024-05-25,SKU-004,10,46.2,0.0,False
SKU-004-20240526,2024-05-26,SKU-004,10,46.2,0.0,False
SKU-004-20240527,2024-05-27,SKU-004,5,46.2,0.0,False
SKU-004-20240528,2024-05-28,SKU-004,7,46.2,0.0,False
SKU-004-20240529,2024-05-29,SKU-004,5,46.2,0.0,False
SKU-004-20240530,2024-05-30,SKU-004,9,46.2,0.0,False
SKU-004-20240531,2024-05-31,SKU-004,12,46.2,0.0,False
SKU-004-20240601,2024-06-01,SKU-004,8,46.2,0.1,True
SKU-004-20240602,2024-06-02,SKU-004,6,46.2,0.0,False
SKU-004-20240603,2024-06-03,SKU-004,7,46.2,0.0,False
SKU-004-20240604,2024-06-04,SKU-004,6,46.2,0.0,False
SKU-004-20240605,2024-06-05,SKU-004,14,46.2,0.0,False
SKU-004-20240606,2024-06-06,SKU-004,13,46.2,0.0,False
SKU-004-20240607,2024-06-07,SKU-004,7,46.2,0.0,False
SKU-004-20240608,2024-06-08,SKU-004,7,46.2,0.0,False
SKU-004-20240609,2024-06-09,SKU-004,8,46.2,0.0,False
SKU-004-20240610,2024-06-10,SKU-004,3,46.2,0.0,False
SKU-004-20240611,2024-06-11,SKU-004,6,46.2,0.0,False
SKU-004-20240612,2024-06-12,SKU-004,4,46.2,0.0,False
SKU-004-20240613,2024-06-13,SKU-004,9,46.2,0.0,False
SKU-004-20240614,2024-06-14,SKU-004,8,46.2,0.0,False
SKU-004-20240615,2024-06-15,SKU-004,8,46.2,0.0,False
SKU-004-20240616,2024-06-16,SKU-004,6,46.2,0.0,False
SKU-004-20240617,2024-06-17,SKU-004,7,46.2,0.0,False
SKU-004-20240618,2024-06-18,SKU-004,5,46.2,0.0,False
SKU-004-20240619,2024-06-19,SKU-004,5,46.2,0.0,False
SKU-004-20240620,2024-06-20,SKU-004,7,46.2,0.0,False
SKU-004-20240621,2024-06-21,SKU-004,5,46.2,0.0,False
SKU-004-20240622,2024-06-22,SKU-004,8,46.2,0.0,False
SKU-004-20240623,2024-06-23,SKU-004,12,46.2,0.0,False
SKU-004-20240624,2024-06-24,SKU-004,9,46.2,0.0,False
SKU-004-20240625,2024-06-25,SKU-004,6,46.2,0.0,False
SKU-004-20240626,2024-06-26,SKU-004,7,46.2,0.0,False
SKU-004-20240627,2024-06-27,SKU-004,4,46.2,0.0,False
SKU-004-20240628,2024-06-28,SKU-004,5,46.2,0.0,False
SKU-004-20240629,2024-06-29,SKU-004,12,46.2,0.0,False
SKU-004-20240630,2024-06-30,SKU-004,9,46.2,0.0,False
SKU-004-20240701,2024-07-01,SKU-004,7,46.2,0.0,False
SKU-004-20240702,2024-07-02,SKU-004,5,46.2,0.0,False
SKU-004-20240703,2024-07-03,SKU-004,8,46.2,0.0,False
SKU-004-20240704,2024-07-04,SKU-004,6,46.2,0.0,False
SKU-004-20240705,2024-07-05,SKU-004,6,46.2,0.0,False
SKU-004-20240706,2024-07-06,SKU-004,11,46.2,0.0,False
SKU-004-20240707,2024-07-07,SKU-004,4,46.2,0.0,False
SKU-004-20240708,2024-07-08,SKU-004,11,46.2,0.0,False
SKU-004-20240709,2024-07-09,SKU-004,3,46.2,0.0,False
SKU-004-20240710,2024-07-10,SKU-004,11,46.2,0.1,True
SKU-004-20240711,2024-07-11,SKU-004,7,46.2,0.0,False
SKU-004-20240712,2024-07-12,SKU-004,7,46.2,0.0,False
SKU-004-20240713,2024-07-13,SKU-004,6,46.2,0.0,False
SKU-004-20240714,2024-07-14,SKU-004,9,46.2,0.1,True
SKU-004-20240715,2024-07-15,SKU-004,5,46.2,0.0,False
SKU-004-20240716,2024-07-16,SKU-004,9,46.2,0.0,False
SKU-004-20240717,2024-07-17,SKU-004,3,46.2,0.0,False
SKU-004-20240718,2024-07-18,SKU-004,4,46.2,0.0,False
SKU-004-20240719,2024-07-19,SKU-004,10,46.2,0.0,False
SKU-004-20240720,2024-07-20,SKU-004,6,46.2,0.0,False
SKU-004-20240721,2024-07-21,SKU-004,7,46.2,0.0,False
SKU-004-20240722,2024-07-22,SKU-004,7,46.2,0.0,False
SKU-004-20240723,2024-07-23,SKU-004,1,46.2,0.0,False
SKU-004-20240724,2024-07-24,SKU-004,6,46.2,0.0,False
SKU-004-20240725,2024-07-25,SKU-004,4,46.2,0.0,False
SKU-004-20240726,2024-07-26,SKU-004,6,46.2,0.0,False
SKU-004-20240727,2024-07-27,SKU-004,5,46.2,0.0,False
SKU-004-20240728,2024-07-28,SKU-004,7,46.2,0.0,False
SKU-004-20240729,2024-07-29,SKU-004,5,46.2,0.0,False
SKU-004-20240730,2024-07-30,SKU-004,4,46.2,0.0,False
SKU-004-20240731,2024-07-31,SKU-004,5,46.2,0.0,False
SKU-004-20240801,2024-08-01,SKU-004,7,46.2,0.0,False
SKU-004-20240802,2024-08-02,SKU-004,4,46.2,0.0,False
SKU-004-20240803,2024-08-03,SKU-004,6,46.2,0.0,False
SKU-004-20240804,2024-08-04,SKU-004,11,46.2,0.0,False
SKU-004-20240805,2024-08-05,SKU-004,3,46.2,0.0,False
SKU-004-20240806,2024-08-06,SKU-004,7,46.2,0.0,False
SKU-004-20240807,2024-08-07,SKU-004,9,46.2,0.0,False
SKU-004-20240808,2024-08-08,SKU-004,6,46.2,0.0,False
SKU-004-20240809,2024-08-09,SKU-004,3,46.2,0.0,False
SKU-004-20240810,2024-08-10,SKU-004,3,46.2,0.0,False
SKU-004-20240811,2024-08-11,SKU-004,5,46.2,0.0,False
SKU-004-20240812,2024-08-12,SKU-004,7,46.2,0.0,False
SKU-004-20240813,2024-08-13,SKU-004,5,46.2,0.0,False
SKU-004-20240814,2024-08-14,SKU-004,5,46.2,0.0,False
SKU-004-20240815,2024-08-15,SKU-004,2,46.2,0.0,False
SKU-004-20240816,2024-08-16,SKU-004,7,46.2,0.0,False
SKU-004-20240817,2024-08-17,SKU-004,9,46.2,0.0,False
SKU-004-20240818,2024-08-18,SKU-004,7,46.2,0.0,False
SKU-004-20240819,2024-08-19,SKU-004,2,46.2,0.0,False
SKU-004-20240820,2024-08-20,SKU-004,6,46.2,0.0,False
SKU-004-20240821,2024-08-21,SKU-004,9,46.2,0.0,False
SKU-004-20240822,2024-08-22,SKU-004,6,46.2,0.0,False
SKU-004-20240823,2024-08-23,SKU-004,3,46.2,0.0,False
SKU-004-20240824,2024-08-24,SKU-004,4,46.2,0.0,False
SKU-004-20240825,2024-08-25,SKU-004,5,46.2,0.0,False
SKU-004-20240826,2024-08-26,SKU-004,4,46.2,0.0,False
SKU-004-20240827,2024-08-27,SKU-004,2,46.2,0.0,False
SKU-004-20240828,2024-08-28,SKU-004,10,46.2,0.0,False
SKU-004-20240829,2024-08-29,SKU-004,1,46.2,0.0,False
SKU-004-20240830,2024-08-30,SKU-004,7,46.2,0.0,False
SKU-004-20240831,2024-08-31,SKU-004,4,46.2,0.0,False
SKU-004-20240901,2024-09-01,SKU-004,6,46.2,0.0,False
SKU-004-20240902,2024-09-02,SKU-004,6,46.2,0.0,False
SKU-004-20240903,2024-09-03,SKU-004,7,46.2,0.0,False
SKU-004-20240904,2024-09-04,SKU-004,6,46.2,0.0,False
SKU-004-20240905,2024-09-05,SKU-004,4,46.2,0.0,False
SKU-004-20240906,2024-09-06,SKU-004,7,46.2,0.0,False
SKU-004-20240907,2024-09-07,SKU-004,12,46.2,0.0,False
SKU-004-20240908,2024-09-08,SKU-004,7,46.2,0.0,False
SKU-004-20240909,2024-09-09,SKU-004,3,46.2,0.0,False
SKU-004-20240910,2024-09-10,SKU-004,7,46.2,0.0,False
SKU-004-20240911,2024-09-11,SKU-004,4,46.2,0.0,False
SKU-004-20240912,2024-09-12,SKU-004,5,46.2,0.0,False
SKU-004-20240913,2024-09-13,SKU-004,8,46.2,0.0,False
SKU-004-20240914,2024-09-14,SKU-004,7,46.2,0.0,False
SKU-004-20240915,2024-09-15,SKU-004,9,46.2,0.0,False
SKU-004-20240916,2024-09-16,SKU-004,4,46.2,0.0,False
SKU-004-20240917,2024-09-17,SKU-004,4,46.2,0.0,False
SKU-004-20240918,2024-09-18,SKU-004,6,46.2,0.0,False
SKU-004-20240919,2024-09-19,SKU-004,1,46.2,0.0,False
SKU-004-20240920,2024-09-20,SKU-004,5,46.2,0.0,False
SKU-004-20240921,2024-09-21,SKU-004,3,46.2,0.0,False
SKU-004-20240922,2024-09-22,SKU-004,11,46.2,0.0,False
SKU-004-20240923,2024-09-23,SKU-004,6,46.2,0.0,False
SKU-004-20240924,2024-09-24,SKU-004,4,46.2,0.0,False
SKU-004-20240925,2024-09-25,SKU-004,7,46.2,0.0,False
SKU-004-20240926,2024-09-26,SKU-004,4,46.2,0.0,False
SKU-004-20240927,2024-09-27,SKU-004,4,46.2,0.0,False
SKU-004-20240928,2024-09-28,SKU-004,6,46.2,0.0,False
SKU-004-20240929,2024-09-29,SKU-004,6,46.2,0.0,False
SKU-004-20240930,2024-09-30,SKU-004,3,46.2,0.0,False
SKU-004-20241001,2024-10-01,SKU-004,6,46.2,0.0,False
SKU-004-20241002,2024-10-02,SKU-004,6,46.2,0.0,False
SKU-004-20241003,2024-10-03,SKU-004,3,46.2,0.0,False
SKU-004-20241004,2024-10-04,SKU-004,6,46.2,0.0,False
SKU-004-20241005,2024-10-05,SKU-004,8,46.2,0.0,False
SKU-004-20241006,2024-10-06,SKU-004,10,46.2,0.0,False
SKU-004-20241007,2024-10-07,SKU-004,6,46.2,0.0,False
SKU-004-20241008,2024-10-08,SKU-004,5,46.2,0.0,False
SKU-004-20241009,2024-10-09,SKU-004,10,46.2,0.0,False
SKU-004-20241010,2024-10-10,SKU-004,4,46.2,0.0,False
SKU-004-20241011,2024-10-11,SKU-004,3,46.2,0.0,False
SKU-004-20241012,2024-10-12,SKU-004,2,46.2,0.0,False
SKU-004-20241013,2024-10-13,SKU-004,9,46.2,0.0,False
SKU-004-20241014,2024-10-14,SKU-004,1,46.2,0.0,False
SKU-004-20241015,2024-10-15,SKU-004,5,46.2,0.0,False
SKU-004-20241016,2024-10-16,SKU-004,3,46.2,0.0,False
SKU-004-20241017,2024-10-17,SKU-004,3,46.2,0.0,False
SKU-004-20241018,2024-10-18,SKU-004,8,46.2,0.0,False
SKU-004-20241019,2024-10-19,SKU-004,11,46.2,0.0,False
SKU-004-20241020,2024-10-20,SKU-004,10,46.2,0.0,False
SKU-004-20241021,2024-10-21,SKU-004,7,46.2,0.1,True
SKU-004-20241022,2024-10-22,SKU-004,7,46.2,0.0,False
SKU-004-20241023,2024-10-23,SKU-004,4,46.2,0.0,False
SKU-004-20241024,2024-10-24,SKU-004,6,46.2,0.0,False
SKU-004-20241025,2024-10-25,SKU-004,7,46.2,0.0,False
SKU-004-20241026,2024-10-26,SKU-004,16,46.2,0.1,True
SKU-004-20241027,2024-10-27,SKU-004,3,46.2,0.0,False
SKU-004-20241028,2024-10-28,SKU-004,5,46.2,0.0,False
SKU-004-20241029,2024-10-29,SKU-004,7,46.2,0.0,False
SKU-004-20241030,2024-10-30,SKU-004,6,46.2,0.0,False
SKU-004-20241031,2024-10-31,SKU-004,4,46.2,0.0,False
SKU-004-20241101,2024-11-01,SKU-004,4,46.2,0.0,False
SKU-004-20241102,2024-11-02,SKU-004,5,46.2,0.0,False
SKU-004-20241103,2024-11-03,SKU-004,6,46.2,0.0,False
SKU-004-20241104,2024-11-04,SKU-004,10,46.2,0.0,False
SKU-004-20241105,2024-11-05,SKU-004,8,46.2,0.0,False
SKU-004-20241106,2024-11-06,SKU-004,5,46.2,0.0,False
SKU-004-20241107,2024-11-07,SKU-004,4,46.2,0.0,False
SKU-004-20241108,2024-11-08,SKU-004,6,46.2,0.0,False
SKU-004-20241109,2024-11-09,SKU-004,8,46.2,0.0,False
SKU-004-20241110,2024-11-10,SKU-004,8,46.2,0.0,False
SKU-004-20241111,2024-11-11,SKU-004,10,46.2,0.0,False
SKU-004-20241112,2024-11-12,SKU-004,2,46.2,0.0,False
SKU-004-20241113,2024-11-13,SKU-004,5,46.2,0.0,False
SKU-004-20241114,2024-11-14,SKU-004,4,46.2,0.0,False
SKU-004-20241115,2024-11-15,SKU-004,6,46.2,0.0,False
SKU-004-20241116,2024-11-16,SKU-004,11,46.2,0.0,False
SKU-004-20241117,2024-11-17,SKU-004,6,46.2,0.0,False
SKU-004-20241118,2024-11-18,SKU-004,8,46.2,0.0,False
SKU-004-20241119,2024-11-19,SKU-004,8,46.2,0.0,False
SKU-004-20241120,2024-11-20,SKU-004,3,46.2,0.0,False
SKU-004-20241121,2024-11-21,SKU-004,4,46.2,0.0,False
SKU-004-20241122,2024-11-22,SKU-004,4,46.2,0.0,False
SKU-004-20241123,2024-11-23,SKU-004,9,46.2,0.1,True
SKU-004-20241124,2024-11-24,SKU-004,11,46.2,0.0,False
SKU-004-20241125,2024-11-25,SKU-004,5,46.2,0.0,False
SKU-004-20241126,2024-11-26,SKU-004,4,46.2,0.0,False
SKU-004-20241127,2024-11-27,SKU-004,6,46.2,0.0,False
SKU-004-20241128,2024-11-28,SKU-004,2,46.2,0.0,False
SKU-004-20241129,2024-11-29,SKU-004,2,46.2,0.0,False
SKU-004-20241130,2024-11-30,SKU-004,6,46.2,0.0,False
SKU-004-20241201,2024-12-01,SKU-004,4,46.2,0.0,False
SKU-004-20241202,2024-12-02,SKU-004,9,46.2,0.0,False
SKU-004-20241203,2024-12-03,SKU-004,7,46.2,0.0,False
SKU-004-20241204,2024-12-04,SKU-004,6,46.2,0.0,False
SKU-004-20241205,2024-12-05,SKU-004,7,46.2,0.1,True
SKU-004-20241206,2024-12-06,SKU-004,4,46.2,0.0,False
SKU-004-20241207,2024-12-07,SKU-004,8,46.2,0.0,False
SKU-004-20241208,2024-12-08,SKU-004,5,46.2,0.1,True
SKU-004-20241209,2024-12-09,SKU-004,8,46.2,0.0,False
SKU-004-20241210,2024-12-10,SKU-004,8,46.2,0.0,False
SKU-004-20241211,2024-12-11,SKU-004,6,46.2,0.0,False
SKU-004-20241212,2024-12-12,SKU-004,14,46.2,0.0,False
SKU-004-20241213,2024-12-13,SKU-004,10,46.2,0.0,False
SKU-004-20241214,2024-12-14,SKU-004,9,46.2,0.0,False
SKU-004-20241215,2024-12-15,SKU-004,8,46.2,0.0,False
SKU-004-20241216,2024-12-16,SKU-004,7,46.2,0.0,False
SKU-004-20241217,2024-12-17,SKU-004,7,46.2,0.0,False
SKU-004-20241218,2024-12-18,SKU-004,12,46.2,0.1,True
SKU-004-20241219,2024-12-19,SKU-004,5,46.2,0.0,False
SKU-004-20241220,2024-12-20,SKU-004,4,46.2,0.0,False
SKU-004-20241221,2024-12-21,SKU-004,11,46.2,0.0,False
SKU-004-20241222,2024-12-22,SKU-004,9,46.2,0.0,False
SKU-004-20241223,2024-12-23,SKU-004,6,46.2,0.0,False
SKU-004-20241224,2024-12-24,SKU-004,9,46.2,0.1,True
SKU-004-20241225,2024-12-25,SKU-004,10,46.2,0.0,False
SKU-004-20241226,2024-12-26,SKU-004,7,46.2,0.0,False
SKU-004-20241227,2024-12-27,SKU-004,8,46.2,0.0,False
SKU-004-20241228,2024-12-28,SKU-004,8,46.2,0.0,False
SKU-004-20241229,2024-12-29,SKU-004,8,46.2,0.0,False
SKU-004-20241230,2024-12-30,SKU-004,7,46.2,0.0,False
SKU-004-20241231,2024-12-31,SKU-004,5,46.2,0.0,False
SKU-004-20250101,2025-01-01,SKU-004,10,46.2,0.0,False
SKU-004-20250102,2025-01-02,SKU-004,7,46.2,0.1,True
SKU-004-20250103,2025-01-03,SKU-004,4,46.2,0.0,False
SKU-004-20250104,2025-01-04,SKU-004,2,46.2,0.0,False
SKU-004-20250105,2025-01-05,SKU-004,6,46.2,0.0,False
SKU-004-20250106,2025-01-06,SKU-004,4,46.2,0.0,False
SKU-004-20250107,2025-01-07,SKU-004,10,46.2,0.0,False
SKU-004-20250108,2025-01-08,SKU-004,6,46.2,0.0,False
SKU-004-20250109,2025-01-09,SKU-004,10,46.2,0.0,False
SKU-004-20250110,2025-01-10,SKU-004,7,46.2,0.1,True
SKU-004-20250111,2025-01-11,SKU-004,8,46.2,0.0,False
SKU-004-20250112,2025-01-12,SKU-004,8,46.2,0.0,False
SKU-004-20250113,2025-01-13,SKU-004,7,46.2,0.0,False
SKU-004-20250114,2025-01-14,SKU-004,10,46.2,0.0,False
SKU-004-20250115,2025-01-15,SKU-004,6,46.2,0.0,False
SKU-004-20250116,2025-01-16,SKU-004,10,46.2,0.0,False
SKU-004-20250117,2025-01-17,SKU-004,7,46.2,0.0,False
SKU-004-20250118,2025-01-18,SKU-004,6,46.2,0.0,False
SKU-004-20250119,2025-01-19,SKU-004,6,46.2,0.0,False
SKU-004-20250120,2025-01-20,SKU-004,10,46.2,0.0,False
SKU-004-20250121,2025-01-21,SKU-004,9,46.2,0.0,False
SKU-004-20250122,2025-01-22,SKU-004,12,46.2,0.0,False
SKU-004-20250123,2025-01-23,SKU-004,10,46.2,0.0,False
SKU-004-20250124,2025-01-24,SKU-004,4,46.2,0.0,False
SKU-004-20250125,2025-01-25,SKU-004,12,46.2,0.0,False
SKU-004-20250126,2025-01-26,SKU-004,9,46.2,0.0,False
SKU-004-20250127,2025-01-27,SKU-004,7,46.2,0.0,False
SKU-004-20250128,2025-01-28,SKU-004,4,46.2,0.0,False
SKU-004-20250129,2025-01-29,SKU-004,4,46.2,0.0,False
SKU-004-20250130,2025-01-30,SKU-004,12,46.2,0.0,False
SKU-004-20250131,2025-01-31,SKU-004,6,46.2,0.0,False
SKU-004-20250201,2025-02-01,SKU-004,5,46.2,0.0,False
SKU-004-20250202,2025-02-02,SKU-004,12,46.2,0.0,False
SKU-004-20250203,2025-02-03,SKU-004,13,46.2,0.0,False
SKU-004-20250204,2025-02-04,SKU-004,6,46.2,0.1,True
SKU-004-20250205,2025-02-05,SKU-004,6,46.2,0.0,False
SKU-004-20250206,2025-02-06,SKU-004,9,46.2,0.0,False
SKU-004-20250207,2025-02-07,SKU-004,11,46.2,0.0,False
SKU-004-20250208,2025-02-08,SKU-004,7,46.2,0.0,False
SKU-004-20250209,2025-02-09,SKU-004,5,46.2,0.0,False
SKU-004-20250210,2025-02-10,SKU-004,6,46.2,0.0,False
SKU-004-20250211,2025-02-11,SKU-004,13,46.2,0.0,False
SKU-004-20250212,2025-02-12,SKU-004,8,46.2,0.1,True
SKU-004-20250213,2025-02-13,SKU-004,8,46.2,0.0,False
SKU-004-20250214,2025-02-14,SKU-004,11,46.2,0.0,False
SKU-004-20250215,2025-02-15,SKU-004,11,46.2,0.0,False
SKU-004-20250216,2025-02-16,SKU-004,13,46.2,0.0,False
SKU-004-20250217,2025-02-17,SKU-004,2,46.2,0.0,False
SKU-004-20250218,2025-02-18,SKU-004,9,46.2,0.0,False
SKU-004-20250219,2025-02-19,SKU-004,7,46.2,0.0,False
SKU-004-20250220,2025-02-20,SKU-004,11,46.2,0.0,False
SKU-004-20250221,2025-02-21,SKU-004,5,46.2,0.0,False
SKU-004-20250222,2025-02-22,SKU-004,11,46.2,0.0,False
SKU-004-20250223,2025-02-23,SKU-004,15,46.2,0.0,False
SKU-004-20250224,2025-02-24,SKU-004,9,46.2,0.0,False
SKU-004-20250225,2025-02-25,SKU-004,5,46.2,0.0,False
SKU-004-20250226,2025-02-26,SKU-004,6,46.2,0.0,False
SKU-004-20250227,2025-02-27,SKU-004,9,46.2,0.1,True
SKU-004-20250228,2025-02-28,SKU-004,10,46.2,0.0,False
SKU-004-20250301,2025-03-01,SKU-004,6,46.2,0.0,False
SKU-004-20250302,2025-03-02,SKU-004,8,46.2,0.0,False
SKU-004-20250303,2025-03-03,SKU-004,5,46.2,0.0,False
SKU-004-20250304,2025-03-04,SKU-004,17,46.2,0.0,False
SKU-004-20250305,2025-03-05,SKU-004,9,46.2,0.0,False
SKU-004-20250306,2025-03-06,SKU-004,8,46.2,0.0,False
SKU-004-20250307,2025-03-07,SKU-004,9,46.2,0.0,False
SKU-004-20250308,2025-03-08,SKU-004,7,46.2,0.0,False
SKU-004-20250309,2025-03-09,SKU-004,11,46.2,0.0,False
SKU-004-20250310,2025-03-10,SKU-004,15,46.2,0.0,False
SKU-004-20250311,2025-03-11,SKU-004,12,46.2,0.0,False
SKU-004-20250312,2025-03-12,SKU-004,4,46.2,0.0,False
SKU-004-20250313,2025-03-13,SKU-004,9,46.2,0.0,False
SKU-004-20250314,2025-03-14,SKU-004,7,46.2,0.0,False
SKU-004-20250315,2025-03-15,SKU-004,11,46.2,0.0,False
SKU-004-20250316,2025-03-16,SKU-004,9,46.2,0.0,False
SKU-004-20250317,2025-03-17,SKU-004,10,46.2,0.0,False
SKU-004-20250318,2025-03-18,SKU-004,6,46.2,0.0,False
SKU-004-20250319,2025-03-19,SKU-004,7,46.2,0.0,False
SKU-004-20250320,2025-03-20,SKU-004,6,46.2,0.0,False
SKU-004-20250321,2025-03-21,SKU-004,7,46.2,0.0,False
SKU-004-20250322,2025-03-22,SKU-004,14,46.2,0.0,False
SKU-004-20250323,2025-03-23,SKU-004,8,46.2,0.0,False
SKU-004-20250324,2025-03-24,SKU-004,9,46.2,0.0,False
SKU-004-20250325,2025-03-25,SKU-004,7,46.2,0.1,True
SKU-004-20250326,2025-03-26,SKU-004,4,46.2,0.0,False
SKU-004-20250327,2025-03-27,SKU-004,6,46.2,0.0,False
SKU-004-20250328,2025-03-28,SKU-004,11,46.2,0.1,True
SKU-004-20250329,2025-03-29,SKU-004,8,46.2,0.0,False
SKU-004-20250330,2025-03-30,SKU-004,11,46.2,0.0,False
SKU-004-20250331,2025-03-31,SKU-004,9,46.2,0.0,False
SKU-004-20250401,2025-04-01,SKU-004,6,46.2,0.0,False
SKU-004-20250402,2025-04-02,SKU-004,5,46.2,0.0,False
SKU-004-20250403,2025-04-03,SKU-004,3,46.2,0.0,False
SKU-004-20250404,2025-04-04,SKU-004,6,46.2,0.0,False
SKU-004-20250405,2025-04-05,SKU-004,7,46.2,0.0,False
SKU-004-20250406,2025-04-06,SKU-004,8,46.2,0.0,False
SKU-004-20250407,2025-04-07,SKU-004,9,46.2,0.0,False
SKU-004-20250408,2025-04-08,SKU-004,10,46.2,0.0,False
SKU-004-20250409,2025-04-09,SKU-004,6,46.2,0.0,False
SKU-004-20250410,2025-04-10,SKU-004,6,46.2,0.0,False
SKU-004-20250411,2025-04-11,SKU-004,7,46.2,0.0,False
SKU-004-20250412,2025-04-12,SKU-004,12,46.2,0.0,False
SKU-004-20250413,2025-04-13,SKU-004,10,46.2,0.0,False
SKU-004-20250414,2025-04-14,SKU-004,7,46.2,0.0,False
SKU-004-20250415,2025-04-15,SKU-004,7,46.2,0.0,False
SKU-004-20250416,2025-04-16,SKU-004,8,46.2,0.0,False
SKU-004-20250417,2025-04-17,SKU-004,5,46.2,0.0,False
SKU-004-20250418,2025-04-18,SKU-004,10,46.2,0.0,False
SKU-004-20250419,2025-04-19,SKU-004,16,46.2,0.0,False
SKU-004-20250420,2025-04-20,SKU-004,5,46.2,0.0,False
SKU-004-20250421,2025-04-21,SKU-004,9,46.2,0.0,False
SKU-004-20250422,2025-04-22,SKU-004,15,46.2,0.0,False
SKU-004-20250423,2025-04-23,SKU-004,8,46.2,0.0,False
SKU-004-20250424,2025-04-24,SKU-004,6,46.2,0.0,False
SKU-004-20250425,2025-04-25,SKU-004,9,46.2,0.0,False
SKU-004-20250426,2025-04-26,SKU-004,9,46.2,0.0,False
SKU-004-20250427,2025-04-27,SKU-004,3,46.2,0.0,False
SKU-004-20250428,2025-04-28,SKU-004,3,46.2,0.0,False
SKU-004-20250429,2025-04-29,SKU-004,7,46.2,0.0,False
SKU-004-20250430,2025-04-30,SKU-004,8,46.2,0.0,False
SKU-004-20250501,2025-05-01,SKU-004,5,46.2,0.0,False
SKU-004-20250502,2025-05-02,SKU-004,7,46.2,0.0,False
SKU-004-20250503,2025-05-03,SKU-004,8,46.2,0.0,False
SKU-004-20250504,2025-05-04,SKU-004,11,46.2,0.0,False
SKU-004-20250505,2025-05-05,SKU-004,7,46.2,0.0,False
SKU-004-20250506,2025-05-06,SKU-004,4,46.2,0.0,False
SKU-004-20250507,2025-05-07,SKU-004,7,46.2,0.0,False
SKU-004-20250508,2025-05-08,SKU-004,6,46.2,0.0,False
SKU-004-20250509,2025-05-09,SKU-004,8,46.2,0.0,False
SKU-004-20250510,2025-05-10,SKU-004,10,46.2,0.0,False
SKU-004-20250511,2025-05-11,SKU-004,10,46.2,0.0,False
SKU-004-20250512,2025-05-12,SKU-004,7,46.2,0.0,False
SKU-004-20250513,2025-05-13,SKU-004,16,46.2,0.1,True
SKU-004-20250514,2025-05-14,SKU-004,7,46.2,0.0,False
SKU-004-20250515,2025-05-15,SKU-004,13,46.2,0.0,False
SKU-004-20250516,2025-05-16,SKU-004,6,46.2,0.0,False
SKU-004-20250517,2025-05-17,SKU-004,10,46.2,0.0,False
SKU-004-20250518,2025-05-18,SKU-004,14,46.2,0.0,False
SKU-004-20250519,2025-05-19,SKU-004,11,46.2,0.0,False
SKU-004-20250520,2025-05-20,SKU-004,7,46.2,0.0,False
SKU-004-20250521,2025-05-21,SKU-004,8,46.2,0.0,False
SKU-004-20250522,2025-05-22,SKU-004,5,46.2,0.0,False
SKU-004-20250523,2025-05-23,SKU-004,11,46.2,0.0,False
SKU-004-20250524,2025-05-24,SKU-004,5,46.2,0.0,False
SKU-004-20250525,2025-05-25,SKU-004,5,46.2,0.0,False
SKU-004-20250526,2025-05-26,SKU-004,7,46.2,0.0,False
SKU-004-20250527,2025-05-27,SKU-004,9,46.2,0.0,False
SKU-004-20250528,2025-05-28,SKU-004,7,46.2,0.0,False
SKU-004-20250529,2025-05-29,SKU-004,8,46.2,0.0,False
SKU-004-20250530,2025-05-30,SKU-004,2,46.2,0.0,False
SKU-004-20250531,2025-05-31,SKU-004,8,46.2,0.0,False
SKU-004-20250601,2025-06-01,SKU-004,6,46.2,0.0,False
SKU-004-20250602,2025-06-02,SKU-004,5,46.2,0.0,False
SKU-004-20250603,2025-06-03,SKU-004,3,46.2,0.0,False
SKU-004-20250604,2025-06-04,SKU-004,8,46.2,0.0,False
SKU-004-20250605,2025-06-05,SKU-004,4,46.2,0.0,False
SKU-004-20250606,2025-06-06,SKU-004,8,46.2,0.0,False
SKU-004-20250607,2025-06-07,SKU-004,8,46.2,0.0,False
SKU-004-20250608,2025-06-08,SKU-004,13,46.2,0.1,True
SKU-004-20250609,2025-06-09,SKU-004,7,46.2,0.0,False
SKU-004-20250610,2025-06-10,SKU-004,4,46.2,0.0,False
SKU-004-20250611,2025-06-11,SKU-004,8,46.2,0.0,False
SKU-004-20250612,2025-06-12,SKU-004,5,46.2,0.0,False
SKU-004-20250613,2025-06-13,SKU-004,4,46.2,0.0,False
SKU-004-20250614,2025-06-14,SKU-004,8,46.2,0.0,False
SKU-004-20250615,2025-06-15,SKU-004,11,46.2,0.0,False
SKU-004-20250616,2025-06-16,SKU-004,5,46.2,0.0,False
SKU-004-20250617,2025-06-17,SKU-004,8,46.2,0.0,False
SKU-004-20250618,2025-06-18,SKU-004,8,46.2,0.0,False
SKU-004-20250619,2025-06-19,SKU-004,4,46.2,0.0,False
SKU-004-20250620,2025-06-20,SKU-004,4,46.2,0.0,False
SKU-004-20250621,2025-06-21,SKU-004,6,46.2,0.0,False
SKU-004-20250622,2025-06-22,SKU-004,10,46.2,0.0,False
SKU-004-20250623,2025-06-23,SKU-004,4,46.2,0.0,False
SKU-005-20240101,2024-01-01,SKU-005,31,8.8,0.0,False
SKU-005-20240102,2024-01-02,SKU-005,23,8.8,0.0,False
SKU-005-20240103,2024-01-03,SKU-005,20,8.8,0.0,False
SKU-005-20240104,2024-01-04,SKU-005,25,8.8,0.0,False
SKU-005-20240105,2024-01-05,SKU-005,27,8.8,0.0,False
SKU-005-20240106,2024-01-06,SKU-005,32,8.8,0.0,False
SKU-005-20240107,2024-01-07,SKU-005,36,8.8,0.0,False
SKU-005-20240108,2024-01-08,SKU-005,31,8.8,0.0,False
SKU-005-20240109,2024-01-09,SKU-005,16,8.8,0.0,False
SKU-005-20240110,2024-01-10,SKU-005,28,8.8,0.0,False
SKU-005-20240111,2024-01-11,SKU-005,26,8.8,0.0,False
SKU-005-20240112,2024-01-12,SKU-005,25,8.8,0.0,False
SKU-005-20240113,2024-01-13,SKU-005,34,8.8,0.0,False
SKU-005-20240114,2024-01-14,SKU-005,32,8.8,0.0,False
SKU-005-20240115,2024-01-15,SKU-005,31,8.8,0.0,False
SKU-005-20240116,2024-01-16,SKU-005,22,8.8,0.0,False
SKU-005-20240117,2024-01-17,SKU-005,40,8.8,0.0,False
SKU-005-20240118,2024-01-18,SKU-005,24,8.8,0.0,False
SKU-005-20240119,2024-01-19,SKU-005,32,8.8,0.0,False
SKU-005-20240120,2024-01-20,SKU-005,20,8.8,0.0,False
SKU-005-20240121,2024-01-21,SKU-005,33,8.8,0.0,False
SKU-005-20240122,2024-01-22,SKU-005,28,8.8,0.0,False
SKU-005-20240123,2024-01-23,SKU-005,34,8.8,0.0,False
SKU-005-20240124,2024-01-24,SKU-005,19,8.8,0.0,False
SKU-005-20240125,2024-01-25,SKU-005,22,8.8,0.0,False
SKU-005-20240126,2024-01-26,SKU-005,28,8.8,0.0,False
SKU-005-20240127,2024-01-27,SKU-005,23,8.8,0.0,False
SKU-005-20240128,2024-01-28,SKU-005,38,8.8,0.0,False
SKU-005-20240129,2024-01-29,SKU-005,27,8.8,0.0,False
SKU-005-20240130,2024-01-30,SKU-005,24,8.8,0.0,False
SKU-005-20240131,2024-01-31,SKU-005,22,8.8,0.0,False
SKU-005-20240201,2024-02-01,SKU-005,22,8.8,0.0,False
SKU-005-20240202,2024-02-02,SKU-005,17,8.8,0.0,False
SKU-005-20240203,2024-02-03,SKU-005,27,8.8,0.0,False
SKU-005-20240204,2024-02-04,SKU-005,28,8.8,0.0,False
SKU-005-20240205,2024-02-05,SKU-005,31,8.8,0.0,False
SKU-005-20240206,2024-02-06,SKU-005,28,8.8,0.0,False
SKU-005-20240207,2024-02-07,SKU-005,31,8.8,0.0,False
SKU-005-20240208,2024-02-08,SKU-005,25,8.8,0.0,False
SKU-005-20240209,2024-02-09,SKU-005,20,8.8,0.0,False
SKU-005-20240210,2024-02-10,SKU-005,35,8.8,0.0,False
SKU-005-20240211,2024-02-11,SKU-005,35,8.8,0.0,False
SKU-005-20240212,2024-02-12,SKU-005,25,8.8,0.0,False
SKU-005-20240213,2024-02-13,SKU-005,29,8.8,0.0,False
SKU-005-20240214,2024-02-14,SKU-005,24,8.8,0.0,False
SKU-005-20240215,2024-02-15,SKU-005,21,8.8,0.0,False
SKU-005-20240216,2024-02-16,SKU-005,39,8.8,0.0,False
SKU-005-20240217,2024-02-17,SKU-005,29,8.8,0.0,False
SKU-005-20240218,2024-02-18,SKU-005,41,8.8,0.0,False
SKU-005-20240219,2024-02-19,SKU-005,31,8.8,0.0,False
SKU-005-20240220,2024-02-20,SKU-005,17,8.8,0.0,False
SKU-005-20240221,2024-02-21,SKU-005,35,8.8,0.0,False
SKU-005-20240222,2024-02-22,SKU-005,30,8.8,0.0,False
SKU-005-20240223,2024-02-23,SKU-005,29,8.8,0.0,False
SKU-005-20240224,2024-02-24,SKU-005,38,8.8,0.0,False
SKU-005-20240225,2024-02-25,SKU-005,39,8.8,0.0,False
SKU-005-20240226,2024-02-26,SKU-005,28,8.8,0.0,False
SKU-005-20240227,2024-02-27,SKU-005,18,8.8,0.0,False
SKU-005-20240228,2024-02-28,SKU-005,31,8.8,0.0,False
SKU-005-20240229,2024-02-29,SKU-005,39,8.8,0.0,False
SKU-005-20240301,2024-03-01,SKU-005,30,8.8,0.0,False
SKU-005-20240302,2024-03-02,SKU-005,41,8.8,0.0,False
SKU-005-20240303,2024-03-03,SKU-005,36,8.8,0.0,False
SKU-005-20240304,2024-03-04,SKU-005,32,8.8,0.0,False
SKU-005-20240305,2024-03-05,SKU-005,34,8.8,0.0,False
SKU-005-20240306,2024-03-06,SKU-005,24,8.8,0.0,False
SKU-005-20240307,2024-03-07,SKU-005,30,8.8,0.0,False
SKU-005-20240308,2024-03-08,SKU-005,32,8.8,0.0,False
SKU-005-20240309,2024-03-09,SKU-005,37,8.8,0.0,False
SKU-005-20240310,2024-03-10,SKU-005,45,8.8,0.0,False
SKU-005-20240311,2024-03-11,SKU-005,23,8.8,0.0,False
SKU-005-20240312,2024-03-12,SKU-005,16,8.8,0.0,False
SKU-005-20240313,2024-03-13,SKU-005,27,8.8,0.0,False
SKU-005-20240314,2024-03-14,SKU-005,22,8.8,0.0,False
SKU-005-20240315,2024-03-15,SKU-005,23,8.8,0.0,False
SKU-005-20240316,2024-03-16,SKU-005,31,8.8,0.0,False
SKU-005-20240317,2024-03-17,SKU-005,34,8.8,0.0,False
SKU-005-20240318,2024-03-18,SKU-005,26,8.8,0.0,False
SKU-005-20240319,2024-03-19,SKU-005,28,8.8,0.0,False
SKU-005-20240320,2024-03-20,SKU-005,29,8.8,0.0,False
SKU-005-20240321,2024-03-21,SKU-005,23,8.8,0.0,False
SKU-005-20240322,2024-03-22,SKU-005,29,8.8,0.0,False
SKU-005-20240323,2024-03-23,SKU-005,34,8.8,0.0,False
SKU-005-20240324,2024-03-24,SKU-005,38,8.8,0.0,False
SKU-005-20240325,2024-03-25,SKU-005,35,8.8,0.0,False
SKU-005-20240326,2024-03-26,SKU-005,24,8.8,0.1,True
SKU-005-20240327,2024-03-27,SKU-005,35,8.8,0.0,False
SKU-005-20240328,2024-03-28,SKU-005,39,8.8,0.0,False
SKU-005-20240329,2024-03-29,SKU-005,38,8.8,0.1,True
SKU-005-20240330,2024-03-30,SKU-005,38,8.8,0.0,False
SKU-005-20240331,2024-03-31,SKU-005,34,8.8,0.0,False
SKU-005-20240401,2024-04-01,SKU-005,34,8.8,0.1,True
SKU-005-20240402,2024-04-02,SKU-005,24,8.8,0.0,False
SKU-005-20240403,2024-04-03,SKU-005,33,8.8,0.0,False
SKU-005-20240404,2024-04-04,SKU-005,39,8.8,0.0,False
SKU-005-20240405,2024-04-05,SKU-005,23,8.8,0.0,False
SKU-005-20240406,2024-04-06,SKU-005,43,8.8,0.0,False
SKU-005-20240407,2024-04-07,SKU-005,33,8.8,0.0,False
SKU-005-20240408,2024-04-08,SKU-005,27,8.8,0.0,False
SKU-005-20240409,2024-04-09,SKU-005,37,8.8,0.0,False
SKU-005-20240410,2024-04-10,SKU-005,33,8.8,0.0,False
SKU-005-20240411,2024-04-11,SKU-005,33,8.8,0.0,False
SKU-005-20240412,2024-04-12,SKU-005,34,8.8,0.0,False
SKU-005-20240413,2024-04-13,SKU-005,35,8.8,0.0,False
SKU-005-20240414,2024-04-14,SKU-005,34,8.8,0.0,False
SKU-005-20240415,2024-04-15,SKU-005,30,8.8,0.0,False
SKU-005-20240416,2024-04-16,SKU-005,31,8.8,0.0,False
SKU-005-20240417,2024-04-17,SKU-005,17,8.8,0.0,False
SKU-005-20240418,2024-04-18,SKU-005,23,8.8,0.0,False
SKU-005-20240419,2024-04-19,SKU-005,28,8.8,0.0,False
SKU-005-20240420,2024-04-20,SKU-005,29,8.8,0.0,False
SKU-005-20240421,2024-04-21,SKU-005,27,8.8,0.0,False
SKU-005-20240422,2024-04-22,SKU-005,29,8.8,0.0,False
SKU-005-20240423,2024-04-23,SKU-005,27,8.8,0.0,False
SKU-005-20240424,2024-04-24,SKU-005,40,8.8,0.1,True
SKU-005-20240425,2024-04-25,SKU-005,25,8.8,0.0,False
SKU-005-20240426,2024-04-26,SKU-005,30,8.8,0.0,False
SKU-005-20240427,2024-04-27,SKU-005,40,8.8,0.0,False
SKU-005-20240428,2024-04-28,SKU-005,52,8.8,0.0,False
SKU-005-20240429,2024-04-29,SKU-005,38,8.8,0.1,True
SKU-005-20240430,2024-04-30,SKU-005,27,8.8,0.0,False
SKU-005-20240501,2024-05-01,SKU-005,17,8.8,0.0,False
SKU-005-20240502,2024-05-02,SKU-005,30,8.8,0.0,False
SKU-005-20240503,2024-05-03,SKU-005,19,8.8,0.0,False
SKU-005-20240504,2024-05-04,SKU-005,24,8.8,0.0,False
SKU-005-20240505,2024-05-05,SKU-005,35,8.8,0.0,False
SKU-005-20240506,2024-05-06,SKU-005,25,8.8,0.0,False
SKU-005-20240507,2024-05-07,SKU-005,27,8.8,0.0,False
SKU-005-20240508,2024-05-08,SKU-005,25,8.8,0.0,False
SKU-005-20240509,2024-05-09,SKU-005,30,8.8,0.0,False
SKU-005-20240510,2024-05-10,SKU-005,26,8.8,0.0,False
SKU-005-20240511,2024-05-11,SKU-005,41,8.8,0.0,False
SKU-005-20240512,2024-05-12,SKU-005,26,8.8,0.0,False
SKU-005-20240513,2024-05-13,SKU-005,31,8.8,0.0,False
SKU-005-20240514,2024-05-14,SKU-005,43,8.8,0.0,False
SKU-005-20240515,2024-05-15,SKU-005,16,8.8,0.0,False
SKU-005-20240516,2024-05-16,SKU-005,27,8.8,0.0,False
SKU-005-20240517,2024-05-17,SKU-005,29,8.8,0.0,False
SKU-005-20240518,2024-05-18,SKU-005,30,8.8,0.0,False
SKU-005-20240519,2024-05-19,SKU-005,23,8.8,0.0,False
SKU-005-20240520,2024-05-20,SKU-005,47,8.8,0.1,True
SKU-005-20240521,2024-05-21,SKU-005,24,8.8,0.0,False
SKU-005-20240522,2024-05-22,SKU-005,32,8.8,0.0,False
SKU-005-20240523,2024-05-23,SKU-005,21,8.8,0.0,False
SKU-005-20240524,2024-05-24,SKU-005,21,8.8,0.0,False
SKU-005-20240525,2024-05-25,SKU-005,41,8.8,0.0,False
SKU-005-20240526,2024-05-26,SKU-005,38,8.8,0.0,False
SKU-005-20240527,2024-05-27,SKU-005,28,8.8,0.0,False
SKU-005-20240528,2024-05-28,SKU-005,28,8.8,0.0,False
SKU-005-20240529,2024-05-29,SKU-005,24,8.8,0.0,False
SKU-005-20240530,2024-05-30,SKU-005,28,8.8,0.0,False
SKU-005-20240531,2024-05-31,SKU-005,37,8.8,0.0,False
SKU-005-20240601,2024-06-01,SKU-005,29,8.8,0.0,False
SKU-005-20240602,2024-06-02,SKU-005,26,8.8,0.0,False
SKU-005-20240603,2024-06-03,SKU-005,23,8.8,0.0,False
SKU-005-20240604,2024-06-04,SKU-005,29,8.8,0.0,False
SKU-005-20240605,2024-06-05,SKU-005,22,8.8,0.0,False
SKU-005-20240606,2024-06-06,SKU-005,31,8.8,0.0,False
SKU-005-20240607,2024-06-07,SKU-005,30,8.8,0.0,False
SKU-005-20240608,2024-06-08,SKU-005,34,8.8,0.0,False
SKU-005-20240609,2024-06-09,SKU-005,36,8.8,0.0,False
SKU-005-20240610,2024-06-10,SKU-005,22,8.8,0.0,False
SKU-005-20240611,2024-06-11,SKU-005,34,8.8,0.1,True
SKU-005-20240612,2024-06-12,SKU-005,33,8.8,0.1,True
SKU-005-20240613,2024-06-13,SKU-005,21,8.8,0.0,False
SKU-005-20240614,2024-06-14,SKU-005,31,8.8,0.0,False
SKU-005-20240615,2024-06-15,SKU-005,33,8.8,0.0,False
SKU-005-20240616,2024-06-16,SKU-005,32,8.8,0.0,False
SKU-005-20240617,2024-06-17,SKU-005,29,8.8,0.0,False
SKU-005-20240618,2024-06-18,SKU-005,20,8.8,0.0,False
SKU-005-20240619,2024-06-19,SKU-005,28,8.8,0.0,False
SKU-005-20240620,2024-06-20,SKU-005,23,8.8,0.0,False
SKU-005-20240621,2024-06-21,SKU-005,22,8.8,0.0,False
SKU-005-20240622,2024-06-22,SKU-005,33,8.8,0.0,False
SKU-005-20240623,2024-06-23,SKU-005,29,8.8,0.0,False
SKU-005-20240624,2024-06-24,SKU-005,37,8.8,0.0,False
SKU-005-20240625,2024-06-25,SKU-005,27,8.8,0.0,False
SKU-005-20240626,2024-06-26,SKU-005,21,8.8,0.0,False
SKU-005-20240627,2024-06-27,SKU-005,29,8.8,0.0,False
SKU-005-20240628,2024-06-28,SKU-005,27,8.8,0.0,False
SKU-005-20240629,2024-06-29,SKU-005,27,8.8,0.0,False
SKU-005-20240630,2024-06-30,SKU-005,36,8.8,0.0,False
SKU-005-20240701,2024-07-01,SKU-005,26,8.8,0.0,False
SKU-005-20240702,2024-07-02,SKU-005,23,8.8,0.0,False
SKU-005-20240703,2024-07-03,SKU-005,31,8.8,0.1,True
SKU-005-20240704,2024-07-04,SKU-005,26,8.8,0.0,False
SKU-005-20240705,2024-07-05,SKU-005,18,8.8,0.0,False
SKU-005-20240706,2024-07-06,SKU-005,26,8.8,0.0,False
SKU-005-20240707,2024-07-07,SKU-005,30,8.8,0.1,True
SKU-005-20240708,2024-07-08,SKU-005,28,8.8,0.0,False
SKU-005-20240709,2024-07-09,SKU-005,27,8.8,0.0,False
SKU-005-20240710,2024-07-10,SKU-005,26,8.8,0.0,False
SKU-005-20240711,2024-07-11,SKU-005,29,8.8,0.1,True
SKU-005-20240712,2024-07-12,SKU-005,27,8.8,0.0,False
SKU-005-20240713,2024-07-13,SKU-005,27,8.8,0.0,False
SKU-005-20240714,2024-07-14,SKU-005,29,8.8,0.0,False
SKU-005-20240715,2024-07-15,SKU-005,18,8.8,0.0,False
SKU-005-20240716,2024-07-16,SKU-005,25,8.8,0.0,False
SKU-005-20240717,2024-07-17,SKU-005,30,8.8,0.0,False
SKU-005-20240718,2024-07-18,SKU-005,27,8.8,0.0,False
SKU-005-20240719,2024-07-19,SKU-005,23,8.8,0.0,False
SKU-005-20240720,2024-07-20,SKU-005,27,8.8,0.0,False
SKU-005-20240721,2024-07-21,SKU-005,29,8.8,0.0,False
SKU-005-20240722,2024-07-22,SKU-005,17,8.8,0.0,False
SKU-005-20240723,2024-07-23,SKU-005,15,8.8,0.0,False
SKU-005-20240724,2024-07-24,SKU-005,30,8.8,0.0,False
SKU-005-20240725,2024-07-25,SKU-005,21,8.8,0.0,False
SKU-005-20240726,2024-07-26,SKU-005,29,8.8,0.0,False
SKU-005-20240727,2024-07-27,SKU-005,32,8.8,0.0,False
SKU-005-20240728,2024-07-28,SKU-005,29,8.8,0.0,False
SKU-005-20240729,2024-07-29,SKU-005,27,8.8,0.0,False
SKU-005-20240730,2024-07-30,SKU-005,18,8.8,0.0,False
SKU-005-20240731,2024-07-31,SKU-005,27,8.8,0.0,False
SKU-005-20240801,2024-08-01,SKU-005,24,8.8,0.0,False
SKU-005-20240802,2024-08-02,SKU-005,18,8.8,0.0,False
SKU-005-20240803,2024-08-03,SKU-005,24,8.8,0.0,False
SKU-005-20240804,2024-08-04,SKU-005,24,8.8,0.0,False
SKU-005-20240805,2024-08-05,SKU-005,21,8.8,0.0,False
SKU-005-20240806,2024-08-06,SKU-005,31,8.8,0.0,False
SKU-005-20240807,2024-08-07,SKU-005,20,8.8,0.0,False
SKU-005-20240808,2024-08-08,SKU-005,30,8.8,0.0,False
SKU-005-20240809,2024-08-09,SKU-005,20,8.8,0.0,False
SKU-005-20240810,2024-08-10,SKU-005,31,8.8,0.0,False
SKU-005-20240811,2024-08-11,SKU-005,41,8.8,0.0,False
SKU-005-20240812,2024-08-12,SKU-005,22,8.8,0.0,False
SKU-005-20240813,2024-08-13,SKU-005,25,8.8,0.0,False
SKU-005-20240814,2024-08-14,SKU-005,23,8.8,0.0,False
SKU-005-20240815,2024-08-15,SKU-005,22,8.8,0.0,False
SKU-005-20240816,2024-08-16,SKU-005,30,8.8,0.0,False
SKU-005-20240817,2024-08-17,SKU-005,14,8.8,0.0,False
SKU-005-20240818,2024-08-18,SKU-005,29,8.8,0.0,False
SKU-005-20240819,2024-08-19,SKU-005,17,8.8,0.0,False
SKU-005-20240820,2024-08-20,SKU-005,18,8.8,0.0,False
SKU-005-20240821,2024-08-21,SKU-005,24,8.8,0.0,False
SKU-005-20240822,2024-08-22,SKU-005,23,8.8,0.0,False
SKU-005-20240823,2024-08-23,SKU-005,17,8.8,0.0,False
SKU-005-20240824,2024-08-24,SKU-005,24,8.8,0.0,False
SKU-005-20240825,2024-08-25,SKU-005,34,8.8,0.1,True
SKU-005-20240826,2024-08-26,SKU-005,17,8.8,0.0,False
SKU-005-20240827,2024-08-27,SKU-005,21,8.8,0.0,False
SKU-005-20240828,2024-08-28,SKU-005,22,8.8,0.0,False
SKU-005-20240829,2024-08-29,SKU-005,27,8.8,0.1,True
SKU-005-20240830,2024-08-30,SKU-005,23,8.8,0.0,False
SKU-005-20240831,2024-08-31,SKU-005,24,8.8,0.0,False
SKU-005-20240901,2024-09-01,SKU-005,25,8.8,0.0,False
SKU-005-20240902,2024-09-02,SKU-005,28,8.8,0.0,False
SKU-005-20240903,2024-09-03,SKU-005,25,8.8,0.0,False
SKU-005-20240904,2024-09-04,SKU-005,18,8.8,0.0,False
SKU-005-20240905,2024-09-05,SKU-005,17,8.8,0.0,False
SKU-005-20240906,2024-09-06,SKU-005,22,8.8,0.0,False
SKU-005-20240907,2024-09-07,SKU-005,29,8.8,0.0,False
SKU-005-20240908,2024-09-08,SKU-005,15,8.8,0.0,False
SKU-005-20240909,2024-09-09,SKU-005,16,8.8,0.0,False
SKU-005-20240910,2024-09-10,SKU-005,21,8.8,0.0,False
SKU-005-20240911,2024-09-11,SKU-005,22,8.8,0.1,True
SKU-005-20240912,2024-09-12,SKU-005,15,8.8,0.0,False
SKU-005-20240913,2024-09-13,SKU-005,22,8.8,0.1,True
SKU-005-20240914,2024-09-14,SKU-005,23,8.8,0.0,False
SKU-005-20240915,2024-09-15,SKU-005,21,8.8,0.0,False
SKU-005-20240916,2024-09-16,SKU-005,15,8.8,0.0,False
SKU-005-20240917,2024-09-17,SKU-005,24,8.8,0.0,False
SKU-005-20240918,2024-09-18,SKU-005,23,8.8,0.0,False
SKU-005-20240919,2024-09-19,SKU-005,15,8.8,0.0,False
SKU-005-20240920,2024-09-20,SKU-005,17,8.8,0.0,False
SKU-005-20240921,2024-09-21,SKU-005,27,8.8,0.0,False
SKU-005-20240922,2024-09-22,SKU-005,23,8.8,0.0,False
SKU-005-20240923,2024-09-23,SKU-005,20,8.8,0.0,False
SKU-005-20240924,2024-09-24,SKU-005,24,8.8,0.0,False
SKU-005-20240925,2024-09-25,SKU-005,16,8.8,0.0,False
SKU-005-20240926,2024-09-26,SKU-005,22,8.8,0.0,False
SKU-005-20240927,2024-09-27,SKU-005,19,8.8,0.0,False
SKU-005-20240928,2024-09-28,SKU-005,29,8.8,0.0,False
SKU-005-20240929,2024-09-29,SKU-005,19,8.8,0.0,False
SKU-005-20240930,2024-09-30,SKU-005,14,8.8,0.0,False
SKU-005-20241001,2024-10-01,SKU-005,18,8.8,0.0,False
SKU-005-20241002,2024-10-02,SKU-005,30,8.8,0.0,False
SKU-005-20241003,2024-10-03,SKU-005,18,8.8,0.0,False
SKU-005-20241004,2024-10-04,SKU-005,19,8.8,0.0,False
SKU-005-20241005,2024-10-05,SKU-005,22,8.8,0.0,False
SKU-005-20241006,2024-10-06,SKU-005,35,8.8,0.1,True
SKU-005-20241007,2024-10-07,SKU-005,20,8.8,0.0,False
SKU-005-20241008,2024-10-08,SKU-005,17,8.8,0.0,False
SKU-005-20241009,2024-10-09,SKU-005,25,8.8,0.0,False
SKU-005-20241010,2024-10-10,SKU-005,26,8.8,0.0,False
SKU-005-20241011,2024-10-11,SKU-005,20,8.8,0.0,False
SKU-005-20241012,2024-10-12,SKU-005,30,8.8,0.0,False
SKU-005-20241013,2024-10-13,SKU-005,21,8.8,0.0,False
SKU-005-20241014,2024-10-14,SKU-005,29,8.8,0.0,False
SKU-005-20241015,2024-10-15,SKU-005,17,8.8,0.0,False
SKU-005-20241016,2024-10-16,SKU-005,18,8.8,0.0,False
SKU-005-20241017,2024-10-17,SKU-005,24,8.8,0.1,True
SKU-005-20241018,2024-10-18,SKU-005,17,8.8,0.0,False
SKU-005-20241019,2024-10-19,SKU-005,24,8.8,0.0,False
SKU-005-20241020,2024-10-20,SKU-005,25,8.8,0.0,False
SKU-005-20241021,2024-10-21,SKU-005,25,8.8,0.0,False
SKU-005-20241022,2024-10-22,SKU-005,22,8.8,0.0,False
SKU-005-20241023,2024-10-23,SKU-005,19,8.8,0.0,False
SKU-005-20241024,2024-10-24,SKU-005,22,8.8,0.0,False
SKU-005-20241025,2024-10-25,SKU-005,21,8.8,0.0,False
SKU-005-20241026,2024-10-26,SKU-005,24,8.8,0.0,False
SKU-005-20241027,2024-10-27,SKU-005,26,8.8,0.0,False
SKU-005-20241028,2024-10-28,SKU-005,34,8.8,0.0,False
SKU-005-20241029,2024-10-29,SKU-005,12,8.8,0.0,False
SKU-005-20241030,2024-10-30,SKU-005,22,8.8,0.0,False
SKU-005-20241031,2024-10-31,SKU-005,20,8.8,0.0,False
SKU-005-20241101,2024-11-01,SKU-005,25,8.8,0.0,False
SKU-005-20241102,2024-11-02,SKU-005,20,8.8,0.0,False
SKU-005-20241103,2024-11-03,SKU-005,29,8.8,0.0,False
SKU-005-20241104,2024-11-04,SKU-005,16,8.8,0.0,False
SKU-005-20241105,2024-11-05,SKU-005,29,8.8,0.0,False
SKU-005-20241106,2024-11-06,SKU-005,18,8.8,0.0,False
SKU-005-20241107,2024-11-07,SKU-005,22,8.8,0.0,False
SKU-005-20241108,2024-11-08,SKU-005,18,8.8,0.0,False
SKU-005-20241109,2024-11-09,SKU-005,24,8.8,0.0,False
SKU-005-20241110,2024-11-10,SKU-005,23,8.8,0.0,False
SKU-005-20241111,2024-11-11,SKU-005,20,8.8,0.0,False
SKU-005-20241112,2024-11-12,SKU-005,23,8.8,0.0,False
SKU-005-20241113,2024-11-13,SKU-005,24,8.8,0.0,False
SKU-005-20241114,2024-11-14,SKU-005,21,8.8,0.0,False
SKU-005-20241115,2024-11-15,SKU-005,15,8.8,0.0,False
SKU-005-20241116,2024-11-16,SKU-005,24,8.8,0.0,False
SKU-005-20241117,2024-11-17,SKU-005,44,8.8,0.1,True
SKU-005-20241118,2024-11-18,SKU-005,21,8.8,0.0,False
SKU-005-20241119,2024-11-19,SKU-005,28,8.8,0.0,False
SKU-005-20241120,2024-11-20,SKU-005,27,8.8,0.0,False
SKU-005-20241121,2024-11-21,SKU-005,25,8.8,0.1,True
SKU-005-20241122,2024-11-22,SKU-005,18,8.8,0.0,False
SKU-005-20241123,2024-11-23,SKU-005,26,8.8,0.0,False
SKU-005-20241124,2024-11-24,SKU-005,26,8.8,0.0,False
SKU-005-20241125,2024-11-25,SKU-005,24,8.8,0.0,False
SKU-005-20241126,2024-11-26,SKU-005,24,8.8,0.0,False
SKU-005-20241127,2024-11-27,SKU-005,22,8.8,0.0,False
SKU-005-20241128,2024-11-28,SKU-005,21,8.8,0.0,False
SKU-005-20241129,2024-11-29,SKU-005,16,8.8,0.0,False
SKU-005-20241130,2024-11-30,SKU-005,30,8.8,0.0,False
SKU-005-20241201,2024-12-01,SKU-005,21,8.8,0.0,False
SKU-005-20241202,2024-12-02,SKU-005,15,8.8,0.0,False
SKU-005-20241203,2024-12-03,SKU-005,29,8.8,0.0,False
SKU-005-20241204,2024-12-04,SKU-005,27,8.8,0.0,False
SKU-005-20241205,2024-12-05,SKU-005,20,8.8,0.0,False
SKU-005-20241206,2024-12-06,SKU-005,21,8.8,0.0,False
SKU-005-20241207,2024-12-07,SKU-005,35,8.8,0.0,False
SKU-005-20241208,2024-12-08,SKU-005,31,8.8,0.0,False
SKU-005-20241209,2024-12-09,SKU-005,22,8.8,0.0,False
SKU-005-20241210,2024-12-10,SKU-005,17,8.8,0.0,False
SKU-005-20241211,2024-12-11,SKU-005,19,8.8,0.0,False
SKU-005-20241212,2024-12-12,SKU-005,23,8.8,0.0,False
SKU-005-20241213,2024-12-13,SKU-005,21,8.8,0.0,False
SKU-005-20241214,2024-12-14,SKU-005,31,8.8,0.0,False
SKU-005-20241215,2024-12-15,SKU-005,37,8.8,0.0,False
SKU-005-20241216,2024-12-16,SKU-005,22,8.8,0.0,False
SKU-005-20241217,2024-12-17,SKU-005,22,8.8,0.0,False
SKU-005-20241218,2024-12-18,SKU-005,18,8.8,0.0,False
SKU-005-20241219,2024-12-19,SKU-005,26,8.8,0.0,False
SKU-005-20241220,2024-12-20,SKU-005,16,8.8,0.0,False
SKU-005-20241221,2024-12-21,SKU-005,34,8.8,0.0,False
SKU-005-20241222,2024-12-22,SKU-005,36,8.8,0.1,True
SKU-005-20241223,2024-12-23,SKU-005,22,8.8,0.0,False
SKU-005-20241224,2024-12-24,SKU-005,26,8.8,0.0,False
SKU-005-20241225,2024-12-25,SKU-005,15,8.8,0.0,False
SKU-005-20241226,2024-12-26,SKU-005,29,8.8,0.0,False
SKU-005-20241227,2024-12-27,SKU-005,20,8.8,0.0,False
SKU-005-20241228,2024-12-28,SKU-005,37,8.8,0.1,True
SKU-005-20241229,2024-12-29,SKU-005,37,8.8,0.0,False
SKU-005-20241230,2024-12-30,SKU-005,18,8.8,0.0,False
SKU-005-20241231,2024-12-31,SKU-005,20,8.8,0.0,False
SKU-005-20250101,2025-01-01,SKU-005,26,8.8,0.0,False
SKU-005-20250102,2025-01-02,SKU-005,21,8.8,0.0,False
SKU-005-20250103,2025-01-03,SKU-005,17,8.8,0.0,False
SKU-005-20250104,2025-01-04,SKU-005,33,8.8,0.0,False
SKU-005-20250105,2025-01-05,SKU-005,26,8.8,0.0,False
SKU-005-20250106,2025-01-06,SKU-005,28,8.8,0.0,False
SKU-005-20250107,2025-01-07,SKU-005,26,8.8,0.0,False
SKU-005-20250108,2025-01-08,SKU-005,24,8.8,0.0,False
SKU-005-20250109,2025-01-09,SKU-005,23,8.8,0.0,False
SKU-005-20250110,2025-01-10,SKU-005,18,8.8,0.0,False
SKU-005-20250111,2025-01-11,SKU-005,34,8.8,0.0,False
SKU-005-20250112,2025-01-12,SKU-005,33,8.8,0.0,False
SKU-005-20250113,2025-01-13,SKU-005,30,8.8,0.0,False
SKU-005-20250114,2025-01-14,SKU-005,27,8.8,0.0,False
SKU-005-20250115,2025-01-15,SKU-005,29,8.8,0.0,False
SKU-005-20250116,2025-01-16,SKU-005,21,8.8,0.0,False
SKU-005-20250117,2025-01-17,SKU-005,31,8.8,0.0,False
SKU-005-20250118,2025-01-18,SKU-005,35,8.8,0.0,False
SKU-005-20250119,2025-01-19,SKU-005,35,8.8,0.0,False
SKU-005-20250120,2025-01-20,SKU-005,14,8.8,0.0,False
SKU-005-20250121,2025-01-21,SKU-005,12,8.8,0.0,False
SKU-005-20250122,2025-01-22,SKU-005,28,8.8,0.0,False
SKU-005-20250123,2025-01-23,SKU-005,22,8.8,0.0,False
SKU-005-20250124,2025-01-24,SKU-005,29,8.8,0.0,False
SKU-005-20250125,2025-01-25,SKU-005,40,8.8,0.0,False
SKU-005-20250126,2025-01-26,SKU-005,31,8.8,0.0,False
SKU-005-20250127,2025-01-27,SKU-005,20,8.8,0.0,False
SKU-005-20250128,2025-01-28,SKU-005,28,8.8,0.0,False
SKU-005-20250129,2025-01-29,SKU-005,28,8.8,0.0,False
SKU-005-20250130,2025-01-30,SKU-005,19,8.8,0.0,False
SKU-005-20250131,2025-01-31,SKU-005,21,8.8,0.0,False
SKU-005-20250201,2025-02-01,SKU-005,35,8.8,0.0,False
SKU-005-20250202,2025-02-02,SKU-005,34,8.8,0.0,False
SKU-005-20250203,2025-02-03,SKU-005,27,8.8,0.0,False
SKU-005-20250204,2025-02-04,SKU-005,24,8.8,0.0,False
SKU-005-20250205,2025-02-05,SKU-005,25,8.8,0.0,False
SKU-005-20250206,2025-02-06,SKU-005,19,8.8,0.0,False
SKU-005-20250207,2025-02-07,SKU-005,30,8.8,0.0,False
SKU-005-20250208,2025-02-08,SKU-005,33,8.8,0.0,False
SKU-005-20250209,2025-02-09,SKU-005,44,8.8,0.0,False
SKU-005-20250210,2025-02-10,SKU-005,31,8.8,0.0,False
SKU-005-20250211,2025-02-11,SKU-005,25,8.8,0.0,False
SKU-005-20250212,2025-02-12,SKU-005,29,8.8,0.1,True
SKU-005-20250213,2025-02-13,SKU-005,27,8.8,0.0,False
SKU-005-20250214,2025-02-14,SKU-005,25,8.8,0.0,False
SKU-005-20250215,2025-02-15,SKU-005,31,8.8,0.0,False
SKU-005-20250216,2025-02-16,SKU-005,45,8.8,0.0,False
SKU-005-20250217,2025-02-17,SKU-005,25,8.8,0.0,False
SKU-005-20250218,2025-02-18,SKU-005,26,8.8,0.0,False
SKU-005-20250219,2025-02-19,SKU-005,25,8.8,0.0,False
SKU-005-20250220,2025-02-20,SKU-005,25,8.8,0.0,False
SKU-005-20250221,2025-02-21,SKU-005,31,8.8,0.1,True
SKU-005-20250222,2025-02-22,SKU-005,44,8.8,0.0,False
SKU-005-20250223,2025-02-23,SKU-005,41,8.8,0.0,False
SKU-005-20250224,2025-02-24,SKU-005,28,8.8,0.0,False
SKU-005-20250225,2025-02-25,SKU-005,30,8.8,0.0,False
SKU-005-20250226,2025-02-26,SKU-005,33,8.8,0.1,True
SKU-005-20250227,2025-02-27,SKU-005,33,8.8,0.0,False
SKU-005-20250228,2025-02-28,SKU-005,44,8.8,0.0,False
SKU-005-20250301,2025-03-01,SKU-005,42,8.8,0.0,False
SKU-005-20250302,2025-03-02,SKU-005,46,8.8,0.0,False
SKU-005-20250303,2025-03-03,SKU-005,20,8.8,0.0,False
SKU-005-20250304,2025-03-04,SKU-005,37,8.8,0.0,False
SKU-005-20250305,2025-03-05,SKU-005,29,8.8,0.0,False
SKU-005-20250306,2025-03-06,SKU-005,26,8.8,0.0,False
SKU-005-20250307,2025-03-07,SKU-005,23,8.8,0.0,False
SKU-005-20250308,2025-03-08,SKU-005,42,8.8,0.0,False
SKU-005-20250309,2025-03-09,SKU-005,37,8.8,0.0,False
SKU-005-20250310,2025-03-10,SKU-005,26,8.8,0.0,False
SKU-005-20250311,2025-03-11,SKU-005,21,8.8,0.0,False
SKU-005-20250312,2025-03-12,SKU-005,29,8.8,0.0,False
SKU-005-20250313,2025-03-13,SKU-005,19,8.8,0.0,False
SKU-005-20250314,2025-03-14,SKU-005,33,8.8,0.0,False
SKU-005-20250315,2025-03-15,SKU-005,40,8.8,0.1,True
SKU-005-20250316,2025-03-16,SKU-005,40,8.8,0.0,False
SKU-005-20250317,2025-03-17,SKU-005,27,8.8,0.0,False
SKU-005-20250318,2025-03-18,SKU-005,33,8.8,0.0,False
SKU-005-20250319,2025-03-19,SKU-005,27,8.8,0.0,False
SKU-005-20250320,2025-03-20,SKU-005,37,8.8,0.0,False
SKU-005-20250321,2025-03-21,SKU-005,33,8.8,0.0,False
SKU-005-20250322,2025-03-22,SKU-005,41,8.8,0.0,False
SKU-005-20250323,2025-03-23,SKU-005,42,8.8,0.0,False
SKU-005-20250324,2025-03-24,SKU-005,27,8.8,0.0,False
SKU-005-20250325,2025-03-25,SKU-005,20,8.8,0.0,False
SKU-005-20250326,2025-03-26,SKU-005,26,8.8,0.0,False
SKU-005-20250327,2025-03-27,SKU-005,30,8.8,0.0,False
SKU-005-20250328,2025-03-28,SKU-005,33,8.8,0.0,False
SKU-005-20250329,2025-03-29,SKU-005,48,8.8,0.0,False
SKU-005-20250330,2025-03-30,SKU-005,36,8.8,0.0,False
SKU-005-20250331,2025-03-31,SKU-005,25,8.8,0.0,False
SKU-005-20250401,2025-04-01,SKU-005,27,8.8,0.0,False
SKU-005-20250402,2025-04-02,SKU-005,30,8.8,0.0,False
SKU-005-20250403,2025-04-03,SKU-005,33,8.8,0.0,False
SKU-005-20250404,2025-04-04,SKU-005,36,8.8,0.0,False
SKU-005-20250405,2025-04-05,SKU-005,29,8.8,0.0,False
SKU-005-20250406,2025-04-06,SKU-005,46,8.8,0.0,False
SKU-005-20250407,2025-04-07,SKU-005,29,8.8,0.0,False
SKU-005-20250408,2025-04-08,SKU-005,18,8.8,0.0,False
SKU-005-20250409,2025-04-09,SKU-005,30,8.8,0.0,False
SKU-005-20250410,2025-04-10,SKU-005,28,8.8,0.0,False
SKU-005-20250411,2025-04-11,SKU-005,30,8.8,0.0,False
SKU-005-20250412,2025-04-12,SKU-005,35,8.8,0.0,False
SKU-005-20250413,2025-04-13,SKU-005,33,8.8,0.0,False
SKU-005-20250414,2025-04-14,SKU-005,29,8.8,0.0,False
SKU-005-20250415,2025-04-15,SKU-005,22,8.8,0.0,False
SKU-005-20250416,2025-04-16,SKU-005,29,8.8,0.0,False
SKU-005-20250417,2025-04-17,SKU-005,26,8.8,0.0,False
SKU-005-20250418,2025-04-18,SKU-005,25,8.8,0.0,False
SKU-005-20250419,2025-04-19,SKU-005,38,8.8,0.0,False
SKU-005-20250420,2025-04-20,SKU-005,36,8.8,0.0,False
SKU-005-20250421,2025-04-21,SKU-005,31,8.8,0.0,False
SKU-005-20250422,2025-04-22,SKU-005,30,8.8,0.0,False
SKU-005-20250423,2025-04-23,SKU-005,21,8.8,0.0,False
SKU-005-20250424,2025-04-24,SKU-005,31,8.8,0.0,False
SKU-005-20250425,2025-04-25,SKU-005,20,8.8,0.0,False
SKU-005-20250426,2025-04-26,SKU-005,37,8.8,0.0,False
SKU-005-20250427,2025-04-27,SKU-005,27,8.8,0.0,False
SKU-005-20250428,2025-04-28,SKU-005,33,8.8,0.0,False
SKU-005-20250429,2025-04-29,SKU-005,31,8.8,0.0,False
SKU-005-20250430,2025-04-30,SKU-005,26,8.8,0.0,False
SKU-005-20250501,2025-05-01,SKU-005,27,8.8,0.0,False
SKU-005-20250502,2025-05-02,SKU-005,33,8.8,0.0,False
SKU-005-20250503,2025-05-03,SKU-005,35,8.8,0.0,False
SKU-005-20250504,2025-05-04,SKU-005,31,8.8,0.0,False
SKU-005-20250505,2025-05-05,SKU-005,33,8.8,0.0,False
SKU-005-20250506,2025-05-06,SKU-005,23,8.8,0.0,False
SKU-005-20250507,2025-05-07,SKU-005,32,8.8,0.0,False
SKU-005-20250508,2025-05-08,SKU-005,23,8.8,0.0,False
SKU-005-20250509,2025-05-09,SKU-005,27,8.8,0.0,False
SKU-005-20250510,2025-05-10,SKU-005,39,8.8,0.0,False
SKU-005-20250511,2025-05-11,SKU-005,43,8.8,0.0,False
SKU-005-20250512,2025-05-12,SKU-005,21,8.8,0.0,False
SKU-005-20250513,2025-05-13,SKU-005,28,8.8,0.0,False
SKU-005-20250514,2025-05-14,SKU-005,31,8.8,0.0,False
SKU-005-20250515,2025-05-15,SKU-005,24,8.8,0.0,False
SKU-005-20250516,2025-05-16,SKU-005,21,8.8,0.0,False
SKU-005-20250517,2025-05-17,SKU-005,27,8.8,0.0,False
SKU-005-20250518,2025-05-18,SKU-005,28,8.8,0.0,False
SKU-005-20250519,2025-05-19,SKU-005,24,8.8,0.0,False
SKU-005-20250520,2025-05-20,SKU-005,28,8.8,0.0,False
SKU-005-20250521,2025-05-21,SKU-005,27,8.8,0.0,False
SKU-005-20250522,2025-05-22,SKU-005,34,8.8,0.0,False
SKU-005-20250523,2025-05-23,SKU-005,31,8.8,0.0,False
SKU-005-20250524,2025-05-24,SKU-005,44,8.8,0.0,False
SKU-005-20250525,2025-05-25,SKU-005,28,8.8,0.0,False
SKU-005-20250526,2025-05-26,SKU-005,31,8.8,0.0,False
SKU-005-20250527,2025-05-27,SKU-005,14,8.8,0.0,False
SKU-005-20250528,2025-05-28,SKU-005,30,8.8,0.0,False
SKU-005-20250529,2025-05-29,SKU-005,22,8.8,0.0,False
SKU-005-20250530,2025-05-30,SKU-005,29,8.8,0.0,False
SKU-005-20250531,2025-05-31,SKU-005,51,8.8,0.0,False
SKU-005-20250601,2025-06-01,SKU-005,26,8.8,0.0,False
SKU-005-20250602,2025-06-02,SKU-005,27,8.8,0.0,False
SKU-005-20250603,2025-06-03,SKU-005,24,8.8,0.0,False
SKU-005-20250604,2025-06-04,SKU-005,20,8.8,0.0,False
SKU-005-20250605,2025-06-05,SKU-005,27,8.8,0.0,False
SKU-005-20250606,2025-06-06,SKU-005,31,8.8,0.0,False
SKU-005-20250607,2025-06-07,SKU-005,45,8.8,0.1,True
SKU-005-20250608,2025-06-08,SKU-005,27,8.8,0.0,False
SKU-005-20250609,2025-06-09,SKU-005,25,8.8,0.0,False
SKU-005-20250610,2025-06-10,SKU-005,29,8.8,0.0,False
SKU-005-20250611,2025-06-11,SKU-005,29,8.8,0.0,False
SKU-005-20250612,2025-06-12,SKU-005,26,8.8,0.0,False
SKU-005-20250613,2025-06-13,SKU-005,33,8.8,0.0,False
SKU-005-20250614,2025-06-14,SKU-005,29,8.8,0.0,False
SKU-005-20250615,2025-06-15,SKU-005,33,8.8,0.0,False
SKU-005-20250616,2025-06-16,SKU-005,23,8.8,0.0,False
SKU-005-20250617,2025-06-17,SKU-005,37,8.8,0.0,False
SKU-005-20250618,2025-06-18,SKU-005,28,8.8,0.0,False
SKU-005-20250619,2025-06-19,SKU-005,20,8.8,0.0,False
SKU-005-20250620,2025-06-20,SKU-005,24,8.8,0.0,False
SKU-005-20250621,2025-06-21,SKU-005,38,8.8,0.0,False
SKU-005-20250622,2025-06-22,SKU-005,36,8.8,0.0,False
SKU-005-20250623,2025-06-23,SKU-005,28,8.8,0.0,False
SKU-006-20240101,2024-01-01,SKU-006,6,24.2,0.0,False
SKU-006-20240102,2024-01-02,SKU-006,7,24.2,0.0,False
SKU-006-20240103,2024-01-03,SKU-006,8,24.2,0.0,False
SKU-006-20240104,2024-01-04,SKU-006,4,24.2,0.0,False
SKU-006-20240105,2024-01-05,SKU-006,4,24.2,0.0,False
SKU-006-20240106,2024-01-06,SKU-006,9,24.2,0.0,False
SKU-006-20240107,2024-01-07,SKU-006,7,24.2,0.0,False
SKU-006-20240108,2024-01-08,SKU-006,3,24.2,0.0,False
SKU-006-20240109,2024-01-09,SKU-006,4,24.2,0.0,False
SKU-006-20240110,2024-01-10,SKU-006,8,24.2,0.1,True
SKU-006-20240111,2024-01-11,SKU-006,2,24.2,0.0,False
SKU-006-20240112,2024-01-12,SKU-006,4,24.2,0.0,False
SKU-006-20240113,2024-01-13,SKU-006,4,24.2,0.0,False
SKU-006-20240114,2024-01-14,SKU-006,1,24.2,0.0,False
SKU-006-20240115,2024-01-15,SKU-006,4,24.2,0.0,False
SKU-006-20240116,2024-01-16,SKU-006,6,24.2,0.0,False
SKU-006-20240117,2024-01-17,SKU-006,5,24.2,0.0,False
SKU-006-20240118,2024-01-18,SKU-006,2,24.2,0.0,False
SKU-006-20240119,2024-01-19,SKU-006,5,24.2,0.0,False
SKU-006-20240120,2024-01-20,SKU-006,11,24.2,0.0,False
SKU-006-20240121,2024-01-21,SKU-006,9,24.2,0.0,False
SKU-006-20240122,2024-01-22,SKU-006,6,24.2,0.0,False
SKU-006-20240123,2024-01-23,SKU-006,6,24.2,0.0,False
SKU-006-20240124,2024-01-24,SKU-006,6,24.2,0.1,True
SKU-006-20240125,2024-01-25,SKU-006,3,24.2,0.0,False
SKU-006-20240126,2024-01-26,SKU-006,9,24.2,0.0,False
SKU-006-20240127,2024-01-27,SKU-006,12,24.2,0.0,False
SKU-006-20240128,2024-01-28,SKU-006,13,24.2,0.1,True
SKU-006-20240129,2024-01-29,SKU-006,9,24.2,0.0,False
SKU-006-20240130,2024-01-30,SKU-006,5,24.2,0.0,False
SKU-006-20240131,2024-01-31,SKU-006,9,24.2,0.0,False
SKU-006-20240201,2024-02-01,SKU-006,7,24.2,0.0,False
SKU-006-20240202,2024-02-02,SKU-006,3,24.2,0.0,False
SKU-006-20240203,2024-02-03,SKU-006,11,24.2,0.1,True
SKU-006-20240204,2024-02-04,SKU-006,3,24.2,0.0,False
SKU-006-20240205,2024-02-05,SKU-006,6,24.2,0.0,False
SKU-006-20240206,2024-02-06,SKU-006,7,24.2,0.0,False
SKU-006-20240207,2024-02-07,SKU-006,6,24.2,0.0,False
SKU-006-20240208,2024-02-08,SKU-006,7,24.2,0.0,False
SKU-006-20240209,2024-02-09,SKU-006,4,24.2,0.0,False
SKU-006-20240210,2024-02-10,SKU-006,13,24.2,0.0,False
SKU-006-20240211,2024-02-11,SKU-006,9,24.2,0.0,False
SKU-006-20240212,2024-02-12,SKU-006,3,24.2,0.0,False
SKU-006-20240213,2024-02-13,SKU-006,6,24.2,0.0,False
SKU-006-20240214,2024-02-14,SKU-006,9,24.2,0.0,False
SKU-006-20240215,2024-02-15,SKU-006,3,24.2,0.0,False
SKU-006-20240216,2024-02-16,SKU-006,10,24.2,0.0,False
SKU-006-20240217,2024-02-17,SKU-006,7,24.2,0.0,False
SKU-006-20240218,2024-02-18,SKU-006,7,24.2,0.0,False
SKU-006-20240219,2024-02-19,SKU-006,9,24.2,0.1,True
SKU-006-20240220,2024-02-20,SKU-006,5,24.2,0.0,False
SKU-006-20240221,2024-02-21,SKU-006,9,24.2,0.0,False
SKU-006-20240222,2024-02-22,SKU-006,6,24.2,0.0,False
SKU-006-20240223,2024-02-23,SKU-006,8,24.2,0.0,False
SKU-006-20240224,2024-02-24,SKU-006,8,24.2,0.0,False
SKU-006-20240225,2024-02-25,SKU-006,11,24.2,0.0,False
SKU-006-20240226,2024-02-26,SKU-006,5,24.2,0.0,False
SKU-006-20240227,2024-02-27,SKU-006,8,24.2,0.0,False
SKU-006-20240228,2024-02-28,SKU-006,6,24.2,0.0,False
SKU-006-20240229,2024-02-29,SKU-006,3,24.2,0.0,False
SKU-006-20240301,2024-03-01,SKU-006,5,24.2,0.0,False
SKU-006-20240302,2024-03-02,SKU-006,12,24.2,0.0,False
SKU-006-20240303,2024-03-03,SKU-006,9,24.2,0.0,False
SKU-006-20240304,2024-03-04,SKU-006,8,24.2,0.0,False
SKU-006-20240305,2024-03-05,SKU-006,8,24.2,0.0,False
SKU-006-20240306,2024-03-06,SKU-006,5,24.2,0.0,False
SKU-006-20240307,2024-03-07,SKU-006,5,24.2,0.0,False
SKU-006-20240308,2024-03-08,SKU-006,6,24.2,0.0,False
SKU-006-20240309,2024-03-09,SKU-006,7,24.2,0.0,False
SKU-006-20240310,2024-03-10,SKU-006,9,24.2,0.0,False
SKU-006-20240311,2024-03-11,SKU-006,8,24.2,0.0,False
SKU-006-20240312,2024-03-12,SKU-006,10,24.2,0.0,False
SKU-006-20240313,2024-03-13,SKU-006,10,24.2,0.0,False
SKU-006-20240314,2024-03-14,SKU-006,10,24.2,0.1,True
SKU-006-20240315,2024-03-15,SKU-006,6,24.2,0.1,True
SKU-006-20240316,2024-03-16,SKU-006,9,24.2,0.0,False
SKU-006-20240317,2024-03-17,SKU-006,5,24.2,0.0,False
SKU-006-20240318,2024-03-18,SKU-006,9,24.2,0.0,False
SKU-006-20240319,2024-03-19,SKU-006,9,24.2,0.0,False
SKU-006-20240320,2024-03-20,SKU-006,5,24.2,0.0,False
SKU-006-20240321,2024-03-21,SKU-006,10,24.2,0.0,False
SKU-006-20240322,2024-03-22,SKU-006,9,24.2,0.0,False
SKU-006-20240323,2024-03-23,SKU-006,5,24.2,0.0,False
SKU-006-20240324,2024-03-24,SKU-006,3,24.2,0.0,False
SKU-006-20240325,2024-03-25,SKU-006,7,24.2,0.0,False
SKU-006-20240326,2024-03-26,SKU-006,10,24.2,0.0,False
SKU-006-20240327,2024-03-27,SKU-006,8,24.2,0.0,False
SKU-006-20240328,2024-03-28,SKU-006,7,24.2,0.0,False
SKU-006-20240329,2024-03-29,SKU-006,6,24.2,0.0,False
SKU-006-20240330,2024-03-30,SKU-006,6,24.2,0.0,False
SKU-006-20240331,2024-03-31,SKU-006,8,24.2,0.0,False
SKU-006-20240401,2024-04-01,SKU-006,7,24.2,0.0,False
SKU-006-20240402,2024-04-02,SKU-006,7,24.2,0.0,False
SKU-006-20240403,2024-04-03,SKU-006,7,24.2,0.0,False
SKU-006-20240404,2024-04-04,SKU-006,9,24.2,0.0,False
SKU-006-20240405,2024-04-05,SKU-006,10,24.2,0.0,False
SKU-006-20240406,2024-04-06,SKU-006,7,24.2,0.0,False
SKU-006-20240407,2024-04-07,SKU-006,12,24.2,0.0,False
SKU-006-20240408,2024-04-08,SKU-006,6,24.2,0.0,False
SKU-006-20240409,2024-04-09,SKU-006,7,24.2,0.0,False
SKU-006-20240410,2024-04-10,SKU-006,12,24.2,0.0,False
SKU-006-20240411,2024-04-11,SKU-006,5,24.2,0.0,False
SKU-006-20240412,2024-04-12,SKU-006,4,24.2,0.0,False
SKU-006-20240413,2024-04-13,SKU-006,3,24.2,0.0,False
SKU-006-20240414,2024-04-14,SKU-006,5,24.2,0.0,False
SKU-006-20240415,2024-04-15,SKU-006,10,24.2,0.0,False
SKU-006-20240416,2024-04-16,SKU-006,5,24.2,0.0,False
SKU-006-20240417,2024-04-17,SKU-006,5,24.2,0.0,False
SKU-006-20240418,2024-04-18,SKU-006,4,24.2,0.0,False
SKU-006-20240419,2024-04-19,SKU-006,10,24.2,0.1,True
SKU-006-20240420,2024-04-20,SKU-006,6,24.2,0.0,False
SKU-006-20240421,2024-04-21,SKU-006,13,24.2,0.0,False
SKU-006-20240422,2024-04-22,SKU-006,5,24.2,0.0,False
SKU-006-20240423,2024-04-23,SKU-006,8,24.2,0.0,False
SKU-006-20240424,2024-04-24,SKU-006,5,24.2,0.0,False
SKU-006-20240425,2024-04-25,SKU-006,5,24.2,0.0,False
SKU-006-20240426,2024-04-26,SKU-006,6,24.2,0.0,False
SKU-006-20240427,2024-04-27,SKU-006,6,24.2,0.0,False
SKU-006-20240428,2024-04-28,SKU-006,9,24.2,0.0,False
SKU-006-20240429,2024-04-29,SKU-006,10,24.2,0.0,False
SKU-006-20240430,2024-04-30,SKU-006,10,24.2,0.0,False
SKU-006-20240501,2024-05-01,SKU-006,5,24.2,0.0,False
SKU-006-20240502,2024-05-02,SKU-006,4,24.2,0.1,True
SKU-006-20240503,2024-05-03,SKU-006,5,24.2,0.0,False
SKU-006-20240504,2024-05-04,SKU-006,9,24.2,0.0,False
SKU-006-20240505,2024-05-05,SKU-006,8,24.2,0.0,False
SKU-006-20240506,2024-05-06,SKU-006,5,24.2,0.0,False
SKU-006-20240507,2024-05-07,SKU-006,4,24.2,0.0,False
SKU-006-20240508,2024-05-08,SKU-006,7,24.2,0.0,False
SKU-006-20240509,2024-05-09,SKU-006,11,24.2,0.0,False
SKU-006-20240510,2024-05-10,SKU-006,7,24.2,0.0,False
SKU-006-20240511,2024-05-11,SKU-006,8,24.2,0.0,False
SKU-006-20240512,2024-05-12,SKU-006,6,24.2,0.0,False
SKU-006-20240513,2024-05-13,SKU-006,10,24.2,0.0,False
SKU-006-20240514,2024-05-14,SKU-006,5,24.2,0.0,False
SKU-006-20240515,2024-05-15,SKU-006,4,24.2,0.0,False
SKU-006-20240516,2024-05-16,SKU-006,5,24.2,0.0,False
SKU-006-20240517,2024-05-17,SKU-006,7,24.2,0.0,False
SKU-006-20240518,2024-05-18,SKU-006,5,24.2,0.0,False
SKU-006-20240519,2024-05-19,SKU-006,7,24.2,0.0,False
SKU-006-20240520,2024-05-20,SKU-006,5,24.2,0.0,False
SKU-006-20240521,2024-05-21,SKU-006,7,24.2,0.0,False
SKU-006-20240522,2024-05-22,SKU-006,5,24.2,0.0,False
SKU-006-20240523,2024-05-23,SKU-006,7,24.2,0.0,False
SKU-006-20240524,2024-05-24,SKU-006,9,24.2,0.0,False
SKU-006-20240525,2024-05-25,SKU-006,8,24.2,0.0,False
SKU-006-20240526,2024-05-26,SKU-006,6,24.2,0.0,False
SKU-006-20240527,2024-05-27,SKU-006,9,24.2,0.0,False
SKU-006-20240528,2024-05-28,SKU-006,6,24.2,0.0,False
SKU-006-20240529,2024-05-29,SKU-006,7,24.2,0.0,False
SKU-006-20240530,2024-05-30,SKU-006,8,24.2,0.0,False
SKU-006-20240531,2024-05-31,SKU-006,5,24.2,0.0,False
SKU-006-20240601,2024-06-01,SKU-006,8,24.2,0.0,False
SKU-006-20240602,2024-06-02,SKU-006,8,24.2,0.0,False
SKU-006-20240603,2024-06-03,SKU-006,8,24.2,0.0,False
SKU-006-20240604,2024-06-04,SKU-006,8,24.2,0.0,False
SKU-006-20240605,2024-06-05,SKU-006,5,24.2,0.0,False
SKU-006-20240606,2024-06-06,SKU-006,7,24.2,0.0,False
SKU-006-20240607,2024-06-07,SKU-006,4,24.2,0.0,False
SKU-006-20240608,2024-06-08,SKU-006,9,24.2,0.0,False
SKU-006-20240609,2024-06-09,SKU-006,12,24.2,0.0,False
SKU-006-20240610,2024-06-10,SKU-006,7,24.2,0.0,False
SKU-006-20240611,2024-06-11,SKU-006,6,24.2,0.0,False
SKU-006-20240612,2024-06-12,SKU-006,6,24.2,0.1,True
SKU-006-20240613,2024-06-13,SKU-006,7,24.2,0.0,False
SKU-006-20240614,2024-06-14,SKU-006,6,24.2,0.0,False
SKU-006-20240615,2024-06-15,SKU-006,3,24.2,0.0,False
SKU-006-20240616,2024-06-16,SKU-006,6,24.2,0.0,False
SKU-006-20240617,2024-06-17,SKU-006,6,24.2,0.0,False
SKU-006-20240618,2024-06-18,SKU-006,5,24.2,0.1,True
SKU-006-20240619,2024-06-19,SKU-006,4,24.2,0.0,False
SKU-006-20240620,2024-06-20,SKU-006,9,24.2,0.0,False
SKU-006-20240621,2024-06-21,SKU-006,12,24.2,0.0,False
SKU-006-20240622,2024-06-22,SKU-006,9,24.2,0.0,False
SKU-006-20240623,2024-06-23,SKU-006,4,24.2,0.0,False
SKU-006-20240624,2024-06-24,SKU-006,7,24.2,0.0,False
SKU-006-20240625,2024-06-25,SKU-006,7,24.2,0.0,False
SKU-006-20240626,2024-06-26,SKU-006,9,24.2,0.0,False
SKU-006-20240627,2024-06-27,SKU-006,9,24.2,0.0,False
SKU-006-20240628,2024-06-28,SKU-006,8,24.2,0.0,False
SKU-006-20240629,2024-06-29,SKU-006,6,24.2,0.0,False
SKU-006-20240630,2024-06-30,SKU-006,14,24.2,0.0,False
SKU-006-20240701,2024-07-01,SKU-006,6,24.2,0.0,False
SKU-006-20240702,2024-07-02,SKU-006,8,24.2,0.0,False
SKU-006-20240703,2024-07-03,SKU-006,2,24.2,0.0,False
SKU-006-20240704,2024-07-04,SKU-006,3,24.2,0.0,False
SKU-006-20240705,2024-07-05,SKU-006,6,24.2,0.0,False
SKU-006-20240706,2024-07-06,SKU-006,11,24.2,0.0,False
SKU-006-20240707,2024-07-07,SKU-006,5,24.2,0.0,False
SKU-006-20240708,2024-07-08,SKU-006,5,24.2,0.0,False
SKU-006-20240709,2024-07-09,SKU-006,4,24.2,0.0,False
SKU-006-20240710,2024-07-10,SKU-006,9,24.2,0.1,True
SKU-006-20240711,2024-07-11,SKU-006,4,24.2,0.0,False
SKU-006-20240712,2024-07-12,SKU-006,5,24.2,0.0,False
SKU-006-20240713,2024-07-13,SKU-006,4,24.2,0.0,False
SKU-006-20240714,2024-07-14,SKU-006,4,24.2,0.0,False
SKU-006-20240715,2024-07-15,SKU-006,3,24.2,0.0,False
SKU-006-20240716,2024-07-16,SKU-006,4,24.2,0.0,False
SKU-006-20240717,2024-07-17,SKU-006,3,24.2,0.0,False
SKU-006-20240718,2024-07-18,SKU-006,7,24.2,0.0,False
SKU-006-20240719,2024-07-19,SKU-006,4,24.2,0.0,False
SKU-006-20240720,2024-07-20,SKU-006,6,24.2,0.0,False
SKU-006-20240721,2024-07-21,SKU-006,9,24.2,0.1,True
SKU-006-20240722,2024-07-22,SKU-006,4,24.2,0.0,False
SKU-006-20240723,2024-07-23,SKU-006,9,24.2,0.0,False
SKU-006-20240724,2024-07-24,SKU-006,4,24.2,0.0,False
SKU-006-20240725,2024-07-25,SKU-006,9,24.2,0.0,False
SKU-006-20240726,2024-07-26,SKU-006,5,24.2,0.0,False
SKU-006-20240727,2024-07-27,SKU-006,14,24.2,0.0,False
SKU-006-20240728,2024-07-28,SKU-006,8,24.2,0.0,False
SKU-006-20240729,2024-07-29,SKU-006,6,24.2,0.0,False
SKU-006-20240730,2024-07-30,SKU-006,5,24.2,0.0,False
SKU-006-20240731,2024-07-31,SKU-006,4,24.2,0.0,False
SKU-006-20240801,2024-08-01,SKU-006,5,24.2,0.0,False
SKU-006-20240802,2024-08-02,SKU-006,4,24.2,0.0,False
SKU-006-20240803,2024-08-03,SKU-006,6,24.2,0.0,False
SKU-006-20240804,2024-08-04,SKU-006,11,24.2,0.0,False
SKU-006-20240805,2024-08-05,SKU-006,9,24.2,0.0,False
SKU-006-20240806,2024-08-06,SKU-006,8,24.2,0.0,False
SKU-006-20240807,2024-08-07,SKU-006,4,24.2,0.0,False
SKU-006-20240808,2024-08-08,SKU-006,6,24.2,0.0,False
SKU-006-20240809,2024-08-09,SKU-006,7,24.2,0.0,False
SKU-006-20240810,2024-08-10,SKU-006,4,24.2,0.0,False
SKU-006-20240811,2024-08-11,SKU-006,7,24.2,0.0,False
SKU-006-20240812,2024-08-12,SKU-006,3,24.2,0.0,False
SKU-006-20240813,2024-08-13,SKU-006,8,24.2,0.0,False
SKU-006-20240814,2024-08-14,SKU-006,3,24.2,0.0,False
SKU-006-20240815,2024-08-15,SKU-006,5,24.2,0.0,False
SKU-006-20240816,2024-08-16,SKU-006,6,24.2,0.0,False
SKU-006-20240817,2024-08-17,SKU-006,8,24.2,0.0,False
SKU-006-20240818,2024-08-18,SKU-006,9,24.2,0.0,False
SKU-006-20240819,2024-08-19,SKU-006,5,24.2,0.0,False
SKU-006-20240820,2024-08-20,SKU-006,3,24.2,0.0,False
SKU-006-20240821,2024-08-21,SKU-006,2,24.2,0.0,False
SKU-006-20240822,2024-08-22,SKU-006,7,24.2,0.0,False
SKU-006-20240823,2024-08-23,SKU-006,4,24.2,0.0,False
SKU-006-20240824,2024-08-24,SKU-006,6,24.2,0.0,False
SKU-006-20240825,2024-08-25,SKU-006,9,24.2,0.0,False
SKU-006-20240826,2024-08-26,SKU-006,5,24.2,0.0,False
SKU-006-20240827,2024-08-27,SKU-006,3,24.2,0.0,False
SKU-006-20240828,2024-08-28,SKU-006,5,24.2,0.0,False
SKU-006-20240829,2024-08-29,SKU-006,8,24.2,0.0,False
SKU-006-20240830,2024-08-30,SKU-006,4,24.2,0.0,False
SKU-006-20240831,2024-08-31,SKU-006,6,24.2,0.0,False
SKU-006-20240901,2024-09-01,SKU-006,6,24.2,0.0,False
SKU-006-20240902,2024-09-02,SKU-006,3,24.2,0.0,False
SKU-006-20240903,2024-09-03,SKU-006,2,24.2,0.0,False
SKU-006-20240904,2024-09-04,SKU-006,3,24.2,0.0,False
SKU-006-20240905,2024-09-05,SKU-006,5,24.2,0.0,False
SKU-006-20240906,2024-09-06,SKU-006,3,24.2,0.0,False
SKU-006-20240907,2024-09-07,SKU-006,9,24.2,0.0,False
SKU-006-20240908,2024-09-08,SKU-006,5,24.2,0.0,False
SKU-006-20240909,2024-09-09,SKU-006,5,24.2,0.0,False
SKU-006-20240910,2024-09-10,SKU-006,5,24.2,0.0,False
SKU-006-20240911,2024-09-11,SKU-006,1,24.2,0.0,False
SKU-006-20240912,2024-09-12,SKU-006,7,24.2,0.0,False
SKU-006-20240913,2024-09-13,SKU-006,5,24.2,0.0,False
SKU-006-20240914,2024-09-14,SKU-006,4,24.2,0.0,False
SKU-006-20240915,2024-09-15,SKU-006,9,24.2,0.0,False
SKU-006-20240916,2024-09-16,SKU-006,6,24.2,0.0,False
SKU-006-20240917,2024-09-17,SKU-006,4,24.2,0.0,False
SKU-006-20240918,2024-09-18,SKU-006,8,24.2,0.0,False
SKU-006-20240919,2024-09-19,SKU-006,8,24.2,0.0,False
SKU-006-20240920,2024-09-20,SKU-006,3,24.2,0.0,False
SKU-006-20240921,2024-09-21,SKU-006,5,24.2,0.1,True
SKU-006-20240922,2024-09-22,SKU-006,4,24.2,0.0,False
SKU-006-20240923,2024-09-23,SKU-006,3,24.2,0.0,False
SKU-006-20240924,2024-09-24,SKU-006,7,24.2,0.1,True
SKU-006-20240925,2024-09-25,SKU-006,3,24.2,0.0,False
SKU-006-20240926,2024-09-26,SKU-006,6,24.2,0.0,False
SKU-006-20240927,2024-09-27,SKU-006,3,24.2,0.0,False
SKU-006-20240928,2024-09-28,SKU-006,7,24.2,0.0,False
SKU-006-20240929,2024-09-29,SKU-006,8,24.2,0.0,False
SKU-006-20240930,2024-09-30,SKU-006,5,24.2,0.0,False
SKU-006-20241001,2024-10-01,SKU-006,7,24.2,0.1,True
SKU-006-20241002,2024-10-02,SKU-006,1,24.2,0.0,False
SKU-006-20241003,2024-10-03,SKU-006,3,24.2,0.0,False
SKU-006-20241004,2024-10-04,SKU-006,2,24.2,0.0,False
SKU-006-20241005,2024-10-05,SKU-006,3,24.2,0.0,False
SKU-006-20241006,2024-10-06,SKU-006,1,24.2,0.0,False
SKU-006-20241007,2024-10-07,SKU-006,5,24.2,0.0,False
SKU-006-20241008,2024-10-08,SKU-006,5,24.2,0.0,False
SKU-006-20241009,2024-10-09,SKU-006,8,24.2,0.0,False
SKU-006-20241010,2024-10-10,SKU-006,5,24.2,0.0,False
SKU-006-20241011,2024-10-11,SKU-006,2,24.2,0.0,False
SKU-006-20241012,2024-10-12,SKU-006,1,24.2,0.0,False
SKU-006-20241013,2024-10-13,SKU-006,3,24.2,0.0,False
SKU-006-20241014,2024-10-14,SKU-006,4,24.2,0.0,False
SKU-006-20241015,2024-10-15,SKU-006,3,24.2,0.0,False
SKU-006-20241016,2024-10-16,SKU-006,6,24.2,0.0,False
SKU-006-20241017,2024-10-17,SKU-006,9,24.2,0.1,True
SKU-006-20241018,2024-10-18,SKU-006,4,24.2,0.0,False
SKU-006-20241019,2024-10-19,SKU-006,2,24.2,0.0,False
SKU-006-20241020,2024-10-20,SKU-006,7,24.2,0.0,False
SKU-006-20241021,2024-10-21,SKU-006,3,24.2,0.0,False
SKU-006-20241022,2024-10-22,SKU-006,4,24.2,0.0,False
SKU-006-20241023,2024-10-23,SKU-006,4,24.2,0.0,False
SKU-006-20241024,2024-10-24,SKU-006,5,24.2,0.0,False
SKU-006-20241025,2024-10-25,SKU-006,3,24.2,0.0,False
SKU-006-20241026,2024-10-26,SKU-006,1,24.2,0.0,False
SKU-006-20241027,2024-10-27,SKU-006,9,24.2,0.0,False
SKU-006-20241028,2024-10-28,SKU-006,5,24.2,0.0,False
SKU-006-20241029,2024-10-29,SKU-006,2,24.2,0.0,False
SKU-006-20241030,2024-10-30,SKU-006,5,24.2,0.0,False
SKU-006-20241031,2024-10-31,SKU-006,6,24.2,0.0,False
SKU-006-20241101,2024-11-01,SKU-006,6,24.2,0.0,False
SKU-006-20241102,2024-11-02,SKU-006,8,24.2,0.0,False
SKU-006-20241103,2024-11-03,SKU-006,5,24.2,0.0,False
SKU-006-20241104,2024-11-04,SKU-006,8,24.2,0.0,False
SKU-006-20241105,2024-11-05,SKU-006,7,24.2,0.1,True
SKU-006-20241106,2024-11-06,SKU-006,4,24.2,0.0,False
SKU-006-20241107,2024-11-07,SKU-006,3,24.2,0.0,False
SKU-006-20241108,2024-11-08,SKU-006,3,24.2,0.0,False
SKU-006-20241109,2024-11-09,SKU-006,7,24.2,0.0,False
SKU-006-20241110,2024-11-10,SKU-006,8,24.2,0.0,False
SKU-006-20241111,2024-11-11,SKU-006,6,24.2,0.0,False
SKU-006-20241112,2024-11-12,SKU-006,4,24.2,0.0,False
SKU-006-20241113,2024-11-13,SKU-006,7,24.2,0.0,False
SKU-006-20241114,2024-11-14,SKU-006,9,24.2,0.0,False
SKU-006-20241115,2024-11-15,SKU-006,6,24.2,0.0,False
SKU-006-20241116,2024-11-16,SKU-006,5,24.2,0.0,False
SKU-006-20241117,2024-11-17,SKU-006,6,24.2,0.0,False
SKU-006-20241118,2024-11-18,SKU-006,7,24.2,0.0,False
SKU-006-20241119,2024-11-19,SKU-006,5,24.2,0.0,False
SKU-006-20241120,2024-11-20,SKU-006,1,24.2,0.0,False
SKU-006-20241121,2024-11-21,SKU-006,2,24.2,0.0,False
SKU-006-20241122,2024-11-22,SKU-006,3,24.2,0.0,False
SKU-006-20241123,2024-11-23,SKU-006,9,24.2,0.0,False
SKU-006-20241124,2024-11-24,SKU-006,6,24.2,0.0,False
SKU-006-20241125,2024-11-25,SKU-006,11,24.2,0.0,False
SKU-006-20241126,2024-11-26,SKU-006,5,24.2,0.0,False
SKU-006-20241127,2024-11-27,SKU-006,6,24.2,0.0,False
SKU-006-20241128,2024-11-28,SKU-006,4,24.2,0.0,False
SKU-006-20241129,2024-11-29,SKU-006,4,24.2,0.0,False
SKU-006-20241130,2024-11-30,SKU-006,10,24.2,0.0,False
SKU-006-20241201,2024-12-01,SKU-006,6,24.2,0.0,False
SKU-006-20241202,2024-12-02,SKU-006,6,24.2,0.1,True
SKU-006-20241203,2024-12-03,SKU-006,4,24.2,0.0,False
SKU-006-20241204,2024-12-04,SKU-006,7,24.2,0.0,False
SKU-006-20241205,2024-12-05,SKU-006,2,24.2,0.0,False
SKU-006-20241206,2024-12-06,SKU-006,3,24.2,0.0,False
SKU-006-20241207,2024-12-07,SKU-006,7,24.2,0.0,False
SKU-006-20241208,2024-12-08,SKU-006,7,24.2,0.0,False
SKU-006-20241209,2024-12-09,SKU-006,4,24.2,0.0,False
SKU-006-20241210,2024-12-10,SKU-006,11,24.2,0.1,True
SKU-006-20241211,2024-12-11,SKU-006,5,24.2,0.0,False
SKU-006-20241212,2024-12-12,SKU-006,6,24.2,0.0,False
SKU-006-20241213,2024-12-13,SKU-006,10,24.2,0.0,False
SKU-006-20241214,2024-12-14,SKU-006,10,24.2,0.0,False
SKU-006-20241215,2024-12-15,SKU-006,9,24.2,0.0,False
SKU-006-20241216,2024-12-16,SKU-006,7,24.2,0.0,False
SKU-006-20241217,2024-12-17,SKU-006,5,24.2,0.0,False
SKU-006-20241218,2024-12-18,SKU-006,9,24.2,0.0,False
SKU-006-20241219,2024-12-19,SKU-006,3,24.2,0.0,False
SKU-006-20241220,2024-12-20,SKU-006,2,24.2,0.0,False
SKU-006-20241221,2024-12-21,SKU-006,8,24.2,0.0,False
SKU-006-20241222,2024-12-22,SKU-006,6,24.2,0.0,False
SKU-006-20241223,2024-12-23,SKU-006,4,24.2,0.0,False
SKU-006-20241224,2024-12-24,SKU-006,9,24.2,0.0,False
SKU-006-20241225,2024-12-25,SKU-006,7,24.2,0.0,False
SKU-006-20241226,2024-12-26,SKU-006,4,24.2,0.0,False
SKU-006-20241227,2024-12-27,SKU-006,9,24.2,0.0,False
SKU-006-20241228,2024-12-28,SKU-006,4,24.2,0.0,False
SKU-006-20241229,2024-12-29,SKU-006,11,24.2,0.0,False
SKU-006-20241230,2024-12-30,SKU-006,5,24.2,0.0,False
SKU-006-20241231,2024-12-31,SKU-006,4,24.2,0.0,False
SKU-006-20250101,2025-01-01,SKU-006,2,24.2,0.0,False
SKU-006-20250102,2025-01-02,SKU-006,5,24.2,0.0,False
SKU-006-20250103,2025-01-03,SKU-006,12,24.2,0.0,False
SKU-006-20250104,2025-01-04,SKU-006,10,24.2,0.0,False
SKU-006-20250105,2025-01-05,SKU-006,5,24.2,0.0,False
SKU-006-20250106,2025-01-06,SKU-006,8,24.2,0.0,False
SKU-006-20250107,2025-01-07,SKU-006,3,24.2,0.0,False
SKU-006-20250108,2025-01-08,SKU-006,6,24.2,0.0,False
SKU-006-20250109,2025-01-09,SKU-006,5,24.2,0.0,False
SKU-006-20250110,2025-01-10,SKU-006,6,24.2,0.0,False
SKU-006-20250111,2025-01-11,SKU-006,11,24.2,0.0,False
SKU-006-20250112,2025-01-12,SKU-006,4,24.2,0.0,False
SKU-006-20250113,2025-01-13,SKU-006,9,24.2,0.0,False
SKU-006-20250114,2025-01-14,SKU-006,9,24.2,0.0,False
SKU-006-20250115,2025-01-15,SKU-006,9,24.2,0.0,False
SKU-006-20250116,2025-01-16,SKU-006,5,24.2,0.0,False
SKU-006-20250117,2025-01-17,SKU-006,7,24.2,0.0,False
SKU-006-20250118,2025-01-18,SKU-006,11,24.2,0.0,False
SKU-006-20250119,2025-01-19,SKU-006,12,24.2,0.0,False
SKU-006-20250120,2025-01-20,SKU-006,5,24.2,0.0,False
SKU-006-20250121,2025-01-21,SKU-006,3,24.2,0.0,False
SKU-006-20250122,2025-01-22,SKU-006,7,24.2,0.0,False
SKU-006-20250123,2025-01-23,SKU-006,3,24.2,0.0,False
SKU-006-20250124,2025-01-24,SKU-006,4,24.2,0.0,False
SKU-006-20250125,2025-01-25,SKU-006,4,24.2,0.0,False
SKU-006-20250126,2025-01-26,SKU-006,7,24.2,0.0,False
SKU-006-20250127,2025-01-27,SKU-006,5,24.2,0.0,False
SKU-006-20250128,2025-01-28,SKU-006,7,24.2,0.0,False
SKU-006-20250129,2025-01-29,SKU-006,6,24.2,0.0,False
SKU-006-20250130,2025-01-30,SKU-006,4,24.2,0.0,False
SKU-006-20250131,2025-01-31,SKU-006,2,24.2,0.0,False
SKU-006-20250201,2025-02-01,SKU-006,5,24.2,0.0,False
SKU-006-20250202,2025-02-02,SKU-006,7,24.2,0.0,False
SKU-006-20250203,2025-02-03,SKU-006,7,24.2,0.0,False
SKU-006-20250204,2025-02-04,SKU-006,2,24.2,0.0,False
SKU-006-20250205,2025-02-05,SKU-006,5,24.2,0.0,False
SKU-006-20250206,2025-02-06,SKU-006,9,24.2,0.0,False
SKU-006-20250207,2025-02-07,SKU-006,8,24.2,0.0,False
SKU-006-20250208,2025-02-08,SKU-006,8,24.2,0.0,False
SKU-006-20250209,2025-02-09,SKU-006,12,24.2,0.0,False
SKU-006-20250210,2025-02-10,SKU-006,9,24.2,0.0,False
SKU-006-20250211,2025-02-11,SKU-006,9,24.2,0.0,False
SKU-006-20250212,2025-02-12,SKU-006,10,24.2,0.0,False
SKU-006-20250213,2025-02-13,SKU-006,5,24.2,0.0,False
SKU-006-20250214,2025-02-14,SKU-006,6,24.2,0.0,False
SKU-006-20250215,2025-02-15,SKU-006,8,24.2,0.0,False
SKU-006-20250216,2025-02-16,SKU-006,9,24.2,0.0,False
SKU-006-20250217,2025-02-17,SKU-006,6,24.2,0.0,False
SKU-006-20250218,2025-02-18,SKU-006,4,24.2,0.0,False
SKU-006-20250219,2025-02-19,SKU-006,5,24.2,0.0,False
SKU-006-20250220,2025-02-20,SKU-006,3,24.2,0.0,False
SKU-006-20250221,2025-02-21,SKU-006,8,24.2,0.0,False
SKU-006-20250222,2025-02-22,SKU-006,15,24.2,0.1,True
SKU-006-20250223,2025-02-23,SKU-006,4,24.2,0.0,False
SKU-006-20250224,2025-02-24,SKU-006,8,24.2,0.0,False
SKU-006-20250225,2025-02-25,SKU-006,6,24.2,0.0,False
SKU-006-20250226,2025-02-26,SKU-006,4,24.2,0.0,False
SKU-006-20250227,2025-02-27,SKU-006,9,24.2,0.0,False
SKU-006-20250228,2025-02-28,SKU-006,9,24.2,0.0,False
SKU-006-20250301,2025-03-01,SKU-006,7,24.2,0.0,False
SKU-006-20250302,2025-03-02,SKU-006,8,24.2,0.0,False
SKU-006-20250303,2025-03-03,SKU-006,7,24.2,0.0,False
SKU-006-20250304,2025-03-04,SKU-006,4,24.2,0.1,True
SKU-006-20250305,2025-03-05,SKU-006,9,24.2,0.1,True
SKU-006-20250306,2025-03-06,SKU-006,6,24.2,0.0,False
SKU-006-20250307,2025-03-07,SKU-006,8,24.2,0.0,False
SKU-006-20250308,2025-03-08,SKU-006,8,24.2,0.0,False
SKU-006-20250309,2025-03-09,SKU-006,8,24.2,0.0,False
SKU-006-20250310,2025-03-10,SKU-006,7,24.2,0.0,False
SKU-006-20250311,2025-03-11,SKU-006,9,24.2,0.0,False
SKU-006-20250312,2025-03-12,SKU-006,7,24.2,0.0,False
SKU-006-20250313,2025-03-13,SKU-006,8,24.2,0.0,False
SKU-006-20250314,2025-03-14,SKU-006,8,24.2,0.0,False
SKU-006-20250315,2025-03-15,SKU-006,8,24.2,0.0,False
SKU-006-20250316,2025-03-16,SKU-006,7,24.2,0.0,False
SKU-006-20250317,2025-03-17,SKU-006,7,24.2,0.0,False
SKU-006-20250318,2025-03-18,SKU-006,4,24.2,0.0,False
SKU-006-20250319,2025-03-19,SKU-006,6,24.2,0.0,False
SKU-006-20250320,2025-03-20,SKU-006,13,24.2,0.0,False
SKU-006-20250321,2025-03-21,SKU-006,3,24.2,0.0,False
SKU-006-20250322,2025-03-22,SKU-006,1,24.2,0.0,False
SKU-006-20250323,2025-03-23,SKU-006,8,24.2,0.0,False
SKU-006-20250324,2025-03-24,SKU-006,11,24.2,0.0,False
SKU-006-20250325,2025-03-25,SKU-006,5,24.2,0.0,False
SKU-006-20250326,2025-03-26,SKU-006,6,24.2,0.0,False
SKU-006-20250327,2025-03-27,SKU-006,7,24.2,0.0,False
SKU-006-20250328,2025-03-28,SKU-006,5,24.2,0.0,False
SKU-006-20250329,2025-03-29,SKU-006,9,24.2,0.0,False
SKU-006-20250330,2025-03-30,SKU-006,7,24.2,0.0,False
SKU-006-20250331,2025-03-31,SKU-006,7,24.2,0.0,False
SKU-006-20250401,2025-04-01,SKU-006,8,24.2,0.0,False
SKU-006-20250402,2025-04-02,SKU-006,10,24.2,0.0,False
SKU-006-20250403,2025-04-03,SKU-006,9,24.2,0.0,False
SKU-006-20250404,2025-04-04,SKU-006,5,24.2,0.0,False
SKU-006-20250405,2025-04-05,SKU-006,7,24.2,0.0,False
SKU-006-20250406,2025-04-06,SKU-006,3,24.2,0.0,False
SKU-006-20250407,2025-04-07,SKU-006,6,24.2,0.0,False
SKU-006-20250408,2025-04-08,SKU-006,9,24.2,0.0,False
SKU-006-20250409,2025-04-09,SKU-006,3,24.2,0.0,False
SKU-006-20250410,2025-04-10,SKU-006,8,24.2,0.0,False
SKU-006-20250411,2025-04-11,SKU-006,3,24.2,0.0,False
SKU-006-20250412,2025-04-12,SKU-006,7,24.2,0.0,False
SKU-006-20250413,2025-04-13,SKU-006,8,24.2,0.0,False
SKU-006-20250414,2025-04-14,SKU-006,10,24.2,0.0,False
SKU-006-20250415,2025-04-15,SKU-006,9,24.2,0.0,False
SKU-006-20250416,2025-04-16,SKU-006,7,24.2,0.0,False
SKU-006-20250417,2025-04-17,SKU-006,7,24.2,0.0,False
SKU-006-20250418,2025-04-18,SKU-006,7,24.2,0.0,False
SKU-006-20250419,2025-04-19,SKU-006,7,24.2,0.0,False
SKU-006-20250420,2025-04-20,SKU-006,7,24.2,0.0,False
SKU-006-20250421,2025-04-21,SKU-006,3,24.2,0.0,False
SKU-006-20250422,2025-04-22,SKU-006,5,24.2,0.0,False
SKU-006-20250423,2025-04-23,SKU-006,6,24.2,0.0,False
SKU-006-20250424,2025-04-24,SKU-006,4,24.2,0.0,False
SKU-006-20250425,2025-04-25,SKU-006,8,24.2,0.0,False
SKU-006-20250426,2025-04-26,SKU-006,7,24.2,0.0,False
SKU-006-20250427,2025-04-27,SKU-006,11,24.2,0.0,False
SKU-006-20250428,2025-04-28,SKU-006,6,24.2,0.0,False
SKU-006-20250429,2025-04-29,SKU-006,5,24.2,0.0,False
SKU-006-20250430,2025-04-30,SKU-006,6,24.2,0.1,True
SKU-006-20250501,2025-05-01,SKU-006,8,24.2,0.0,False
SKU-006-20250502,2025-05-02,SKU-006,7,24.2,0.0,False
SKU-006-20250503,2025-05-03,SKU-006,2,24.2,0.0,False
SKU-006-20250504,2025-05-04,SKU-006,8,24.2,0.0,False
SKU-006-20250505,2025-05-05,SKU-006,4,24.2,0.0,False
SKU-006-20250506,2025-05-06,SKU-006,11,24.2,0.1,True
SKU-006-20250507,2025-05-07,SKU-006,7,24.2,0.0,False
SKU-006-20250508,2025-05-08,SKU-006,9,24.2,0.0,False
SKU-006-20250509,2025-05-09,SKU-006,7,24.2,0.0,False
SKU-006-20250510,2025-05-10,SKU-006,9,24.2,0.0,False
SKU-006-20250511,2025-05-11,SKU-006,12,24.2,0.0,False
SKU-006-20250512,2025-05-12,SKU-006,12,24.2,0.0,False
SKU-006-20250513,2025-05-13,SKU-006,3,24.2,0.0,False
SKU-006-20250514,2025-05-14,SKU-006,6,24.2,0.0,False
SKU-006-20250515,2025-05-15,SKU-006,9,24.2,0.0,False
SKU-006-20250516,2025-05-16,SKU-006,6,24.2,0.1,True
SKU-006-20250517,2025-05-17,SKU-006,4,24.2,0.0,False
SKU-006-20250518,2025-05-18,SKU-006,11,24.2,0.0,False
SKU-006-20250519,2025-05-19,SKU-006,3,24.2,0.0,False
SKU-006-20250520,2025-05-20,SKU-006,12,24.2,0.0,False
SKU-006-20250521,2025-05-21,SKU-006,13,24.2,0.0,False
SKU-006-20250522,2025-05-22,SKU-006,9,24.2,0.0,False
SKU-006-20250523,2025-05-23,SKU-006,4,24.2,0.0,False
SKU-006-20250524,2025-05-24,SKU-006,5,24.2,0.0,False
SKU-006-20250525,2025-05-25,SKU-006,7,24.2,0.0,False
SKU-006-20250526,2025-05-26,SKU-006,8,24.2,0.0,False
SKU-006-20250527,2025-05-27,SKU-006,8,24.2,0.0,False
SKU-006-20250528,2025-05-28,SKU-006,2,24.2,0.1,True
SKU-006-20250529,2025-05-29,SKU-006,5,24.2,0.0,False
SKU-006-20250530,2025-05-30,SKU-006,3,24.2,0.0,False
SKU-006-20250531,2025-05-31,SKU-006,7,24.2,0.0,False
SKU-006-20250601,2025-06-01,SKU-006,5,24.2,0.1,True
SKU-006-20250602,2025-06-02,SKU-006,6,24.2,0.0,False
SKU-006-20250603,2025-06-03,SKU-006,9,24.2,0.0,False
SKU-006-20250604,2025-06-04,SKU-006,13,24.2,0.1,True
SKU-006-20250605,2025-06-05,SKU-006,7,24.2,0.0,False
SKU-006-20250606,2025-06-06,SKU-006,8,24.2,0.0,False
SKU-006-20250607,2025-06-07,SKU-006,12,24.2,0.0,False
SKU-006-20250608,2025-06-08,SKU-006,7,24.2,0.0,False
SKU-006-20250609,2025-06-09,SKU-006,12,24.2,0.1,True
SKU-006-20250610,2025-06-10,SKU-006,8,24.2,0.1,True
SKU-006-20250611,2025-06-11,SKU-006,7,24.2,0.0,False
SKU-006-20250612,2025-06-12,SKU-006,4,24.2,0.0,False
SKU-006-20250613,2025-06-13,SKU-006,5,24.2,0.0,False
SKU-006-20250614,2025-06-14,SKU-006,9,24.2,0.0,False
SKU-006-20250615,2025-06-15,SKU-006,6,24.2,0.0,False
SKU-006-20250616,2025-06-16,SKU-006,1,24.2,0.0,False
SKU-006-20250617,2025-06-17,SKU-006,7,24.2,0.1,True
SKU-006-20250618,2025-06-18,SKU-006,6,24.2,0.0,False
SKU-006-20250619,2025-06-19,SKU-006,9,24.2,0.0,False
SKU-006-20250620,2025-06-20,SKU-006,4,24.2,0.0,False
SKU-006-20250621,2025-06-21,SKU-006,7,24.2,0.0,False
SKU-006-20250622,2025-06-22,SKU-006,6,24.2,0.0,False
SKU-006-20250623,2025-06-23,SKU-006,3,24.2,0.0,False
SKU-007-20240101,2024-01-01,SKU-007,8,35.2,0.0,False
SKU-007-20240102,2024-01-02,SKU-007,14,35.2,0.0,False
SKU-007-20240103,2024-01-03,SKU-007,13,35.2,0.0,False
SKU-007-20240104,2024-01-04,SKU-007,10,35.2,0.0,False
SKU-007-20240105,2024-01-05,SKU-007,17,35.2,0.0,False
SKU-007-20240106,2024-01-06,SKU-007,13,35.2,0.0,False
SKU-007-20240107,2024-01-07,SKU-007,22,35.2,0.0,False
SKU-007-20240108,2024-01-08,SKU-007,4,35.2,0.0,False
SKU-007-20240109,2024-01-09,SKU-007,14,35.2,0.0,False
SKU-007-20240110,2024-01-10,SKU-007,9,35.2,0.0,False
SKU-007-20240111,2024-01-11,SKU-007,12,35.2,0.0,False
SKU-007-20240112,2024-01-12,SKU-007,14,35.2,0.0,False
SKU-007-20240113,2024-01-13,SKU-007,14,35.2,0.0,False
SKU-007-20240114,2024-01-14,SKU-007,8,35.2,0.0,False
SKU-007-20240115,2024-01-15,SKU-007,9,35.2,0.0,False
SKU-007-20240116,2024-01-16,SKU-007,10,35.2,0.0,False
SKU-007-20240117,2024-01-17,SKU-007,8,35.2,0.0,False
SKU-007-20240118,2024-01-18,SKU-007,12,35.2,0.0,False
SKU-007-20240119,2024-01-19,SKU-007,6,35.2,0.0,False
SKU-007-20240120,2024-01-20,SKU-007,11,35.2,0.0,False
SKU-007-20240121,2024-01-21,SKU-007,14,35.2,0.0,False
SKU-007-20240122,2024-01-22,SKU-007,7,35.2,0.0,False
SKU-007-20240123,2024-01-23,SKU-007,6,35.2,0.0,False
SKU-007-20240124,2024-01-24,SKU-007,11,35.2,0.0,False
SKU-007-20240125,2024-01-25,SKU-007,3,35.2,0.0,False
SKU-007-20240126,2024-01-26,SKU-007,15,35.2,0.0,False
SKU-007-20240127,2024-01-27,SKU-007,10,35.2,0.0,False
SKU-007-20240128,2024-01-28,SKU-007,9,35.2,0.0,False
SKU-007-20240129,2024-01-29,SKU-007,13,35.2,0.0,False
SKU-007-20240130,2024-01-30,SKU-007,12,35.2,0.0,False
SKU-007-20240131,2024-01-31,SKU-007,12,35.2,0.0,False
SKU-007-20240201,2024-02-01,SKU-007,14,35.2,0.0,False
SKU-007-20240202,2024-02-02,SKU-007,14,35.2,0.0,False
SKU-007-20240203,2024-02-03,SKU-007,20,35.2,0.0,False
SKU-007-20240204,2024-02-04,SKU-007,21,35.2,0.0,False
SKU-007-20240205,2024-02-05,SKU-007,8,35.2,0.0,False
SKU-007-20240206,2024-02-06,SKU-007,13,35.2,0.0,False
SKU-007-20240207,2024-02-07,SKU-007,10,35.2,0.0,False
SKU-007-20240208,2024-02-08,SKU-007,5,35.2,0.0,False
SKU-007-20240209,2024-02-09,SKU-007,6,35.2,0.0,False
SKU-007-20240210,2024-02-10,SKU-007,13,35.2,0.0,False
SKU-007-20240211,2024-02-11,SKU-007,7,35.2,0.0,False
SKU-007-20240212,2024-02-12,SKU-007,14,35.2,0.0,False
SKU-007-20240213,2024-02-13,SKU-007,12,35.2,0.0,False
SKU-007-20240214,2024-02-14,SKU-007,7,35.2,0.0,False
SKU-007-20240215,2024-02-15,SKU-007,11,35.2,0.0,False
SKU-007-20240216,2024-02-16,SKU-007,14,35.2,0.0,False
SKU-007-20240217,2024-02-17,SKU-007,19,35.2,0.1,True
SKU-007-20240218,2024-02-18,SKU-007,11,35.2,0.0,False
SKU-007-20240219,2024-02-19,SKU-007,14,35.2,0.0,False
SKU-007-20240220,2024-02-20,SKU-007,12,35.2,0.0,False
SKU-007-20240221,2024-02-21,SKU-007,11,35.2,0.0,False
SKU-007-20240222,2024-02-22,SKU-007,16,35.2,0.0,False
SKU-007-20240223,2024-02-23,SKU-007,14,35.2,0.0,False
SKU-007-20240224,2024-02-24,SKU-007,9,35.2,0.0,False
SKU-007-20240225,2024-02-25,SKU-007,13,35.2,0.0,False
SKU-007-20240226,2024-02-26,SKU-007,6,35.2,0.0,False
SKU-007-20240227,2024-02-27,SKU-007,14,35.2,0.0,False
SKU-007-20240228,2024-02-28,SKU-007,10,35.2,0.0,False
SKU-007-20240229,2024-02-29,SKU-007,14,35.2,0.0,False
SKU-007-20240301,2024-03-01,SKU-007,16,35.2,0.0,False
SKU-007-20240302,2024-03-02,SKU-007,14,35.2,0.0,False
SKU-007-20240303,2024-03-03,SKU-007,16,35.2,0.0,False
SKU-007-20240304,2024-03-04,SKU-007,10,35.2,0.0,False
SKU-007-20240305,2024-03-05,SKU-007,5,35.2,0.0,False
SKU-007-20240306,2024-03-06,SKU-007,10,35.2,0.0,False
SKU-007-20240307,2024-03-07,SKU-007,7,35.2,0.0,False
SKU-007-20240308,2024-03-08,SKU-007,17,35.2,0.0,False
SKU-007-20240309,2024-03-09,SKU-007,12,35.2,0.0,False
SKU-007-20240310,2024-03-10,SKU-007,19,35.2,0.0,False
SKU-007-20240311,2024-03-11,SKU-007,14,35.2,0.0,False
SKU-007-20240312,2024-03-12,SKU-007,12,35.2,0.0,False
SKU-007-20240313,2024-03-13,SKU-007,15,35.2,0.0,False
SKU-007-20240314,2024-03-14,SKU-007,15,35.2,0.0,False
SKU-007-20240315,2024-03-15,SKU-007,15,35.2,0.0,False
SKU-007-20240316,2024-03-16,SKU-007,16,35.2,0.0,False
SKU-007-20240317,2024-03-17,SKU-007,12,35.2,0.0,False
SKU-007-20240318,2024-03-18,SKU-007,11,35.2,0.0,False
SKU-007-20240319,2024-03-19,SKU-007,14,35.2,0.0,False
SKU-007-20240320,2024-03-20,SKU-007,14,35.2,0.0,False
SKU-007-20240321,2024-03-21,SKU-007,10,35.2,0.0,False
SKU-007-20240322,2024-03-22,SKU-007,13,35.2,0.0,False
SKU-007-20240323,2024-03-23,SKU-007,14,35.2,0.0,False
SKU-007-20240324,2024-03-24,SKU-007,9,35.2,0.0,False
SKU-007-20240325,2024-03-25,SKU-007,9,35.2,0.0,False
SKU-007-20240326,2024-03-26,SKU-007,13,35.2,0.0,False
SKU-007-20240327,2024-03-27,SKU-007,12,35.2,0.0,False
SKU-007-20240328,2024-03-28,SKU-007,9,35.2,0.0,False
SKU-007-20240329,2024-03-29,SKU-007,8,35.2,0.0,False
SKU-007-20240330,2024-03-30,SKU-007,18,35.2,0.1,True
SKU-007-20240331,2024-03-31,SKU-007,13,35.2,0.0,False
SKU-007-20240401,2024-04-01,SKU-007,10,35.2,0.0,False
SKU-007-20240402,2024-04-02,SKU-007,8,35.2,0.0,False
SKU-007-20240403,2024-04-03,SKU-007,11,35.2,0.0,False
SKU-007-20240404,2024-04-04,SKU-007,9,35.2,0.0,False
SKU-007-20240405,2024-04-05,SKU-007,11,35.2,0.0,False
SKU-007-20240406,2024-04-06,SKU-007,17,35.2,0.0,False
SKU-007-20240407,2024-04-07,SKU-007,16,35.2,0.0,False
SKU-007-20240408,2024-04-08,SKU-007,18,35.2,0.1,True
SKU-007-20240409,2024-04-09,SKU-007,20,35.2,0.0,False
SKU-007-20240410,2024-04-10,SKU-007,9,35.2,0.0,False
SKU-007-20240411,2024-04-11,SKU-007,13,35.2,0.0,False
SKU-007-20240412,2024-04-12,SKU-007,14,35.2,0.0,False
SKU-007-20240413,2024-04-13,SKU-007,14,35.2,0.0,False
SKU-007-20240414,2024-04-14,SKU-007,20,35.2,0.0,False
SKU-007-20240415,2024-04-15,SKU-007,18,35.2,0.0,False
SKU-007-20240416,2024-04-16,SKU-007,12,35.2,0.0,False
SKU-007-20240417,2024-04-17,SKU-007,12,35.2,0.0,False
SKU-007-20240418,2024-04-18,SKU-007,10,35.2,0.0,False
SKU-007-20240419,2024-04-19,SKU-007,9,35.2,0.0,False
SKU-007-20240420,2024-04-20,SKU-007,13,35.2,0.0,False
SKU-007-20240421,2024-04-21,SKU-007,11,35.2,0.0,False
SKU-007-20240422,2024-04-22,SKU-007,12,35.2,0.0,False
SKU-007-20240423,2024-04-23,SKU-007,17,35.2,0.0,False
SKU-007-20240424,2024-04-24,SKU-007,8,35.2,0.0,False
SKU-007-20240425,2024-04-25,SKU-007,15,35.2,0.0,False
SKU-007-20240426,2024-04-26,SKU-007,11,35.2,0.0,False
SKU-007-20240427,2024-04-27,SKU-007,13,35.2,0.0,False
SKU-007-20240428,2024-04-28,SKU-007,20,35.2,0.0,False
SKU-007-20240429,2024-04-29,SKU-007,10,35.2,0.0,False
SKU-007-20240430,2024-04-30,SKU-007,11,35.2,0.0,False
SKU-007-20240501,2024-05-01,SKU-007,9,35.2,0.0,False
SKU-007-20240502,2024-05-02,SKU-007,17,35.2,0.0,False
SKU-007-20240503,2024-05-03,SKU-007,10,35.2,0.1,True
SKU-007-20240504,2024-05-04,SKU-007,17,35.2,0.0,False
SKU-007-20240505,2024-05-05,SKU-007,15,35.2,0.0,False
SKU-007-20240506,2024-05-06,SKU-007,6,35.2,0.0,False
SKU-007-20240507,2024-05-07,SKU-007,12,35.2,0.0,False
SKU-007-20240508,2024-05-08,SKU-007,14,35.2,0.0,False
SKU-007-20240509,2024-05-09,SKU-007,12,35.2,0.0,False
SKU-007-20240510,2024-05-10,SKU-007,5,35.2,0.0,False
SKU-007-20240511,2024-05-11,SKU-007,17,35.2,0.0,False
SKU-007-20240512,2024-05-12,SKU-007,11,35.2,0.0,False
SKU-007-20240513,2024-05-13,SKU-007,12,35.2,0.0,False
SKU-007-20240514,2024-05-14,SKU-007,5,35.2,0.0,False
SKU-007-20240515,2024-05-15,SKU-007,12,35.2,0.0,False
SKU-007-20240516,2024-05-16,SKU-007,17,35.2,0.1,True
SKU-007-20240517,2024-05-17,SKU-007,12,35.2,0.0,False
SKU-007-20240518,2024-05-18,SKU-007,17,35.2,0.0,False
SKU-007-20240519,2024-05-19,SKU-007,12,35.2,0.0,False
SKU-007-20240520,2024-05-20,SKU-007,12,35.2,0.0,False
SKU-007-20240521,2024-05-21,SKU-007,13,35.2,0.0,False
SKU-007-20240522,2024-05-22,SKU-007,11,35.2,0.0,False
SKU-007-20240523,2024-05-23,SKU-007,8,35.2,0.0,False
SKU-007-20240524,2024-05-24,SKU-007,18,35.2,0.0,False
SKU-007-20240525,2024-05-25,SKU-007,9,35.2,0.0,False
SKU-007-20240526,2024-05-26,SKU-007,15,35.2,0.0,False
SKU-007-20240527,2024-05-27,SKU-007,10,35.2,0.0,False
SKU-007-20240528,2024-05-28,SKU-007,10,35.2,0.0,False
SKU-007-20240529,2024-05-29,SKU-007,14,35.2,0.0,False
SKU-007-20240530,2024-05-30,SKU-007,12,35.2,0.0,False
SKU-007-20240531,2024-05-31,SKU-007,10,35.2,0.0,False
SKU-007-20240601,2024-06-01,SKU-007,20,35.2,0.0,False
SKU-007-20240602,2024-06-02,SKU-007,20,35.2,0.0,False
SKU-007-20240603,2024-06-03,SKU-007,13,35.2,0.0,False
SKU-007-20240604,2024-06-04,SKU-007,10,35.2,0.0,False
SKU-007-20240605,2024-06-05,SKU-007,10,35.2,0.0,False
SKU-007-20240606,2024-06-06,SKU-007,10,35.2,0.0,False
SKU-007-20240607,2024-06-07,SKU-007,11,35.2,0.0,False
SKU-007-20240608,2024-06-08,SKU-007,11,35.2,0.0,False
SKU-007-20240609,2024-06-09,SKU-007,12,35.2,0.0,False
SKU-007-20240610,2024-06-10,SKU-007,14,35.2,0.0,False
SKU-007-20240611,2024-06-11,SKU-007,14,35.2,0.0,False
SKU-007-20240612,2024-06-12,SKU-007,10,35.2,0.0,False
SKU-007-20240613,2024-06-13,SKU-007,10,35.2,0.0,False
SKU-007-20240614,2024-06-14,SKU-007,13,35.2,0.0,False
SKU-007-20240615,2024-06-15,SKU-007,16,35.2,0.0,False
SKU-007-20240616,2024-06-16,SKU-007,9,35.2,0.0,False
SKU-007-20240617,2024-06-17,SKU-007,8,35.2,0.0,False
SKU-007-20240618,2024-06-18,SKU-007,10,35.2,0.0,False
SKU-007-20240619,2024-06-19,SKU-007,20,35.2,0.1,True
SKU-007-20240620,2024-06-20,SKU-007,14,35.2,0.0,False
SKU-007-20240621,2024-06-21,SKU-007,11,35.2,0.0,False
SKU-007-20240622,2024-06-22,SKU-007,12,35.2,0.0,False
SKU-007-20240623,2024-06-23,SKU-007,8,35.2,0.0,False
SKU-007-20240624,2024-06-24,SKU-007,10,35.2,0.0,False
SKU-007-20240625,2024-06-25,SKU-007,9,35.2,0.0,False
SKU-007-20240626,2024-06-26,SKU-007,12,35.2,0.0,False
SKU-007-20240627,2024-06-27,SKU-007,11,35.2,0.0,False
SKU-007-20240628,2024-06-28,SKU-007,7,35.2,0.0,False
SKU-007-20240629,2024-06-29,SKU-007,11,35.2,0.0,False
SKU-007-20240630,2024-06-30,SKU-007,11,35.2,0.0,False
SKU-007-20240701,2024-07-01,SKU-007,13,35.2,0.1,True
SKU-007-20240702,2024-07-02,SKU-007,14,35.2,0.0,False
SKU-007-20240703,2024-07-03,SKU-007,6,35.2,0.0,False
SKU-007-20240704,2024-07-04,SKU-007,8,35.2,0.0,False
SKU-007-20240705,2024-07-05,SKU-007,9,35.2,0.0,False
SKU-007-20240706,2024-07-06,SKU-007,16,35.2,0.0,False
SKU-007-20240707,2024-07-07,SKU-007,13,35.2,0.0,False
SKU-007-20240708,2024-07-08,SKU-007,5,35.2,0.0,False
SKU-007-20240709,2024-07-09,SKU-007,9,35.2,0.0,False
SKU-007-20240710,2024-07-10,SKU-007,15,35.2,0.0,False
SKU-007-20240711,2024-07-11,SKU-007,9,35.2,0.0,False
SKU-007-20240712,2024-07-12,SKU-007,6,35.2,0.0,False
SKU-007-20240713,2024-07-13,SKU-007,12,35.2,0.0,False
SKU-007-20240714,2024-07-14,SKU-007,8,35.2,0.0,False
SKU-007-20240715,2024-07-15,SKU-007,7,35.2,0.0,False
SKU-007-20240716,2024-07-16,SKU-007,16,35.2,0.0,False
SKU-007-20240717,2024-07-17,SKU-007,7,35.2,0.0,False
SKU-007-20240718,2024-07-18,SKU-007,3,35.2,0.0,False
SKU-007-20240719,2024-07-19,SKU-007,13,35.2,0.0,False
SKU-007-20240720,2024-07-20,SKU-007,11,35.2,0.0,False
SKU-007-20240721,2024-07-21,SKU-007,11,35.2,0.0,False
SKU-007-20240722,2024-07-22,SKU-007,10,35.2,0.0,False
SKU-007-20240723,2024-07-23,SKU-007,16,35.2,0.0,False
SKU-007-20240724,2024-07-24,SKU-007,9,35.2,0.0,False
SKU-007-20240725,2024-07-25,SKU-007,12,35.2,0.0,False
SKU-007-20240726,2024-07-26,SKU-007,13,35.2,0.0,False
SKU-007-20240727,2024-07-27,SKU-007,12,35.2,0.0,False
SKU-007-20240728,2024-07-28,SKU-007,13,35.2,0.0,False
SKU-007-20240729,2024-07-29,SKU-007,10,35.2,0.0,False
SKU-007-20240730,2024-07-30,SKU-007,13,35.2,0.0,False
SKU-007-20240731,2024-07-31,SKU-007,11,35.2,0.0,False
SKU-007-20240801,2024-08-01,SKU-007,10,35.2,0.0,False
SKU-007-20240802,2024-08-02,SKU-007,6,35.2,0.0,False
SKU-007-20240803,2024-08-03,SKU-007,14,35.2,0.0,False
SKU-007-20240804,2024-08-04,SKU-007,15,35.2,0.0,False
SKU-007-20240805,2024-08-05,SKU-007,4,35.2,0.0,False
SKU-007-20240806,2024-08-06,SKU-007,8,35.2,0.0,False
SKU-007-20240807,2024-08-07,SKU-007,8,35.2,0.0,False
SKU-007-20240808,2024-08-08,SKU-007,9,35.2,0.0,False
SKU-007-20240809,2024-08-09,SKU-007,10,35.2,0.0,False
SKU-007-20240810,2024-08-10,SKU-007,10,35.2,0.0,False
SKU-007-20240811,2024-08-11,SKU-007,7,35.2,0.0,False
SKU-007-20240812,2024-08-12,SKU-007,14,35.2,0.0,False
SKU-007-20240813,2024-08-13,SKU-007,10,35.2,0.0,False
SKU-007-20240814,2024-08-14,SKU-007,6,35.2,0.0,False
SKU-007-20240815,2024-08-15,SKU-007,7,35.2,0.0,False
SKU-007-20240816,2024-08-16,SKU-007,8,35.2,0.0,False
SKU-007-20240817,2024-08-17,SKU-007,9,35.2,0.0,False
SKU-007-20240818,2024-08-18,SKU-007,14,35.2,0.0,False
SKU-007-20240819,2024-08-19,SKU-007,16,35.2,0.1,True
SKU-007-20240820,2024-08-20,SKU-007,8,35.2,0.0,False
SKU-007-20240821,2024-08-21,SKU-007,9,35.2,0.0,False
SKU-007-20240822,2024-08-22,SKU-007,12,35.2,0.0,False
SKU-007-20240823,2024-08-23,SKU-007,11,35.2,0.0,False
SKU-007-20240824,2024-08-24,SKU-007,11,35.2,0.0,False
SKU-007-20240825,2024-08-25,SKU-007,13,35.2,0.0,False
SKU-007-20240826,2024-08-26,SKU-007,7,35.2,0.0,False
SKU-007-20240827,2024-08-27,SKU-007,8,35.2,0.0,False
SKU-007-20240828,2024-08-28,SKU-007,7,35.2,0.0,False
SKU-007-20240829,2024-08-29,SKU-007,4,35.2,0.0,False
SKU-007-20240830,2024-08-30,SKU-007,9,35.2,0.0,False
SKU-007-20240831,2024-08-31,SKU-007,13,35.2,0.0,False
SKU-007-20240901,2024-09-01,SKU-007,8,35.2,0.0,False
SKU-007-20240902,2024-09-02,SKU-007,6,35.2,0.0,False
SKU-007-20240903,2024-09-03,SKU-007,5,35.2,0.0,False
SKU-007-20240904,2024-09-04,SKU-007,9,35.2,0.0,False
SKU-007-20240905,2024-09-05,SKU-007,8,35.2,0.0,False
SKU-007-20240906,2024-09-06,SKU-007,9,35.2,0.0,False
SKU-007-20240907,2024-09-07,SKU-007,11,35.2,0.0,False
SKU-007-20240908,2024-09-08,SKU-007,19,35.2,0.1,True
SKU-007-20240909,2024-09-09,SKU-007,8,35.2,0.0,False
SKU-007-20240910,2024-09-10,SKU-007,7,35.2,0.0,False
SKU-007-20240911,2024-09-11,SKU-007,5,35.2,0.0,False
SKU-007-20240912,2024-09-12,SKU-007,10,35.2,0.0,False
SKU-007-20240913,2024-09-13,SKU-007,5,35.2,0.0,False
SKU-007-20240914,2024-09-14,SKU-007,11,35.2,0.0,False
SKU-007-20240915,2024-09-15,SKU-007,7,35.2,0.0,False
SKU-007-20240916,2024-09-16,SKU-007,6,35.2,0.0,False
SKU-007-20240917,2024-09-17,SKU-007,7,35.2,0.0,False
SKU-007-20240918,2024-09-18,SKU-007,6,35.2,0.0,False
SKU-007-20240919,2024-09-19,SKU-007,8,35.2,0.0,False
SKU-007-20240920,2024-09-20,SKU-007,9,35.2,0.1,True
SKU-007-20240921,2024-09-21,SKU-007,11,35.2,0.0,False
SKU-007-20240922,2024-09-22,SKU-007,10,35.2,0.0,False
SKU-007-20240923,2024-09-23,SKU-007,6,35.2,0.0,False
SKU-007-20240924,2024-09-24,SKU-007,9,35.2,0.1,True
SKU-007-20240925,2024-09-25,SKU-007,7,35.2,0.0,False
SKU-007-20240926,2024-09-26,SKU-007,9,35.2,0.0,False
SKU-007-20240927,2024-09-27,SKU-007,9,35.2,0.0,False
SKU-007-20240928,2024-09-28,SKU-007,8,35.2,0.0,False
SKU-007-20240929,2024-09-29,SKU-007,8,35.2,0.0,False
SKU-007-20240930,2024-09-30,SKU-007,12,35.2,0.0,False
SKU-007-20241001,2024-10-01,SKU-007,4,35.2,0.0,False
SKU-007-20241002,2024-10-02,SKU-007,12,35.2,0.0,False
SKU-007-20241003,2024-10-03,SKU-007,14,35.2,0.0,False
SKU-007-20241004,2024-10-04,SKU-007,6,35.2,0.0,False
SKU-007-20241005,2024-10-05,SKU-007,4,35.2,0.0,False
SKU-007-20241006,2024-10-06,SKU-007,2,35.2,0.0,False
SKU-007-20241007,2024-10-07,SKU-007,8,35.2,0.0,False
SKU-007-20241008,2024-10-08,SKU-007,9,35.2,0.0,False
SKU-007-20241009,2024-10-09,SKU-007,11,35.2,0.0,False
SKU-007-20241010,2024-10-10,SKU-007,6,35.2,0.0,False
SKU-007-20241011,2024-10-11,SKU-007,6,35.2,0.0,False
SKU-007-20241012,2024-10-12,SKU-007,7,35.2,0.0,False
SKU-007-20241013,2024-10-13,SKU-007,7,35.2,0.0,False
SKU-007-20241014,2024-10-14,SKU-007,10,35.2,0.0,False
SKU-007-20241015,2024-10-15,SKU-007,6,35.2,0.0,False
SKU-007-20241016,2024-10-16,SKU-007,12,35.2,0.0,False
SKU-007-20241017,2024-10-17,SKU-007,6,35.2,0.0,False
SKU-007-20241018,2024-10-18,SKU-007,8,35.2,0.0,False
SKU-007-20241019,2024-10-19,SKU-007,12,35.2,0.0,False
SKU-007-20241020,2024-10-20,SKU-007,15,35.2,0.0,False
SKU-007-20241021,2024-10-21,SKU-007,12,35.2,0.1,True
SKU-007-20241022,2024-10-22,SKU-007,5,35.2,0.0,False
SKU-007-20241023,2024-10-23,SKU-007,8,35.2,0.0,False
SKU-007-20241024,2024-10-24,SKU-007,8,35.2,0.0,False
SKU-007-20241025,2024-10-25,SKU-007,7,35.2,0.0,False
SKU-007-20241026,2024-10-26,SKU-007,13,35.2,0.0,False
SKU-007-20241027,2024-10-27,SKU-007,12,35.2,0.0,False
SKU-007-20241028,2024-10-28,SKU-007,7,35.2,0.0,False
SKU-007-20241029,2024-10-29,SKU-007,5,35.2,0.0,False
SKU-007-20241030,2024-10-30,SKU-007,11,35.2,0.0,False
SKU-007-20241031,2024-10-31,SKU-007,7,35.2,0.0,False
SKU-007-20241101,2024-11-01,SKU-007,6,35.2,0.0,False
SKU-007-20241102,2024-11-02,SKU-007,11,35.2,0.0,False
SKU-007-20241103,2024-11-03,SKU-007,6,35.2,0.0,False
SKU-007-20241104,2024-11-04,SKU-007,5,35.2,0.0,False
SKU-007-20241105,2024-11-05,SKU-007,4,35.2,0.0,False
SKU-007-20241106,2024-11-06,SKU-007,9,35.2,0.0,False
SKU-007-20241107,2024-11-07,SKU-007,6,35.2,0.0,False
SKU-007-20241108,2024-11-08,SKU-007,9,35.2,0.0,False
SKU-007-20241109,2024-11-09,SKU-007,11,35.2,0.0,False
SKU-007-20241110,2024-11-10,SKU-007,6,35.2,0.0,False
SKU-007-20241111,2024-11-11,SKU-007,6,35.2,0.0,False
SKU-007-20241112,2024-11-12,SKU-007,14,35.2,0.1,True
SKU-007-20241113,2024-11-13,SKU-007,7,35.2,0.0,False
SKU-007-20241114,2024-11-14,SKU-007,4,35.2,0.0,False
SKU-007-20241115,2024-11-15,SKU-007,10,35.2,0.0,False
SKU-007-20241116,2024-11-16,SKU-007,11,35.2,0.0,False
SKU-007-20241117,2024-11-17,SKU-007,12,35.2,0.0,False
SKU-007-20241118,2024-11-18,SKU-007,10,35.2,0.0,False
SKU-007-20241119,2024-11-19,SKU-007,10,35.2,0.0,False
SKU-007-20241120,2024-11-20,SKU-007,15,35.2,0.0,False
SKU-007-20241121,2024-11-21,SKU-007,12,35.2,0.0,False
SKU-007-20241122,2024-11-22,SKU-007,12,35.2,0.1,True
SKU-007-20241123,2024-11-23,SKU-007,7,35.2,0.0,False
SKU-007-20241124,2024-11-24,SKU-007,12,35.2,0.0,False
SKU-007-20241125,2024-11-25,SKU-007,12,35.2,0.0,False
SKU-007-20241126,2024-11-26,SKU-007,11,35.2,0.0,False
SKU-007-20241127,2024-11-27,SKU-007,5,35.2,0.0,False
SKU-007-20241128,2024-11-28,SKU-007,10,35.2,0.0,False
SKU-007-20241129,2024-11-29,SKU-007,13,35.2,0.0,False
SKU-007-20241130,2024-11-30,SKU-007,7,35.2,0.0,False
SKU-007-20241201,2024-12-01,SKU-007,11,35.2,0.0,False
SKU-007-20241202,2024-12-02,SKU-007,8,35.2,0.0,False
SKU-007-20241203,2024-12-03,SKU-007,10,35.2,0.0,False
SKU-007-20241204,2024-12-04,SKU-007,7,35.2,0.0,False
SKU-007-20241205,2024-12-05,SKU-007,4,35.2,0.0,False
SKU-007-20241206,2024-12-06,SKU-007,13,35.2,0.0,False
SKU-007-20241207,2024-12-07,SKU-007,11,35.2,0.1,True
SKU-007-20241208,2024-12-08,SKU-007,18,35.2,0.0,False
SKU-007-20241209,2024-12-09,SKU-007,14,35.2,0.0,False
SKU-007-20241210,2024-12-10,SKU-007,6,35.2,0.0,False
SKU-007-20241211,2024-12-11,SKU-007,12,35.2,0.1,True
SKU-007-20241212,2024-12-12,SKU-007,13,35.2,0.0,False
SKU-007-20241213,2024-12-13,SKU-007,5,35.2,0.0,False
SKU-007-20241214,2024-12-14,SKU-007,12,35.2,0.0,False
SKU-007-20241215,2024-12-15,SKU-007,20,35.2,0.0,False
SKU-007-20241216,2024-12-16,SKU-007,10,35.2,0.0,False
SKU-007-20241217,2024-12-17,SKU-007,6,35.2,0.0,False
SKU-007-20241218,2024-12-18,SKU-007,10,35.2,0.0,False
SKU-007-20241219,2024-12-19,SKU-007,11,35.2,0.0,False
SKU-007-20241220,2024-12-20,SKU-007,8,35.2,0.0,False
SKU-007-20241221,2024-12-21,SKU-007,15,35.2,0.0,False
SKU-007-20241222,2024-12-22,SKU-007,13,35.2,0.0,False
SKU-007-20241223,2024-12-23,SKU-007,14,35.2,0.0,False
SKU-007-20241224,2024-12-24,SKU-007,13,35.2,0.0,False
SKU-007-20241225,2024-12-25,SKU-007,11,35.2,0.0,False
SKU-007-20241226,2024-12-26,SKU-007,10,35.2,0.0,False
SKU-007-20241227,2024-12-27,SKU-007,8,35.2,0.0,False
SKU-007-20241228,2024-12-28,SKU-007,8,35.2,0.0,False
SKU-007-20241229,2024-12-29,SKU-007,18,35.2,0.0,False
SKU-007-20241230,2024-12-30,SKU-007,12,35.2,0.0,False
SKU-007-20241231,2024-12-31,SKU-007,9,35.2,0.0,False
SKU-007-20250101,2025-01-01,SKU-007,12,35.2,0.0,False
SKU-007-20250102,2025-01-02,SKU-007,4,35.2,0.0,False
SKU-007-20250103,2025-01-03,SKU-007,7,35.2,0.0,False
SKU-007-20250104,2025-01-04,SKU-007,14,35.2,0.0,False
SKU-007-20250105,2025-01-05,SKU-007,16,35.2,0.0,False
SKU-007-20250106,2025-01-06,SKU-007,7,35.2,0.0,False
SKU-007-20250107,2025-01-07,SKU-007,13,35.2,0.0,False
SKU-007-20250108,2025-01-08,SKU-007,12,35.2,0.0,False
SKU-007-20250109,2025-01-09,SKU-007,14,35.2,0.0,False
SKU-007-20250110,2025-01-10,SKU-007,12,35.2,0.0,False
SKU-007-20250111,2025-01-11,SKU-007,13,35.2,0.0,False
SKU-007-20250112,2025-01-12,SKU-007,8,35.2,0.0,False
SKU-007-20250113,2025-01-13,SKU-007,10,35.2,0.0,False
SKU-007-20250114,2025-01-14,SKU-007,14,35.2,0.0,False
SKU-007-20250115,2025-01-15,SKU-007,13,35.2,0.0,False
SKU-007-20250116,2025-01-16,SKU-007,14,35.2,0.0,False
SKU-007-20250117,2025-01-17,SKU-007,12,35.2,0.0,False
SKU-007-20250118,2025-01-18,SKU-007,13,35.2,0.0,False
SKU-007-20250119,2025-01-19,SKU-007,14,35.2,0.0,False
SKU-007-20250120,2025-01-20,SKU-007,15,35.2,0.0,False
SKU-007-20250121,2025-01-21,SKU-007,16,35.2,0.0,False
SKU-007-20250122,2025-01-22,SKU-007,13,35.2,0.0,False
SKU-007-20250123,2025-01-23,SKU-007,7,35.2,0.0,False
SKU-007-20250124,2025-01-24,SKU-007,6,35.2,0.0,False
SKU-007-20250125,2025-01-25,SKU-007,9,35.2,0.0,False
SKU-007-20250126,2025-01-26,SKU-007,15,35.2,0.0,False
SKU-007-20250127,2025-01-27,SKU-007,14,35.2,0.0,False
SKU-007-20250128,2025-01-28,SKU-007,12,35.2,0.0,False
SKU-007-20250129,2025-01-29,SKU-007,8,35.2,0.0,False
SKU-007-20250130,2025-01-30,SKU-007,8,35.2,0.0,False
SKU-007-20250131,2025-01-31,SKU-007,11,35.2,0.0,False
SKU-007-20250201,2025-02-01,SKU-007,12,35.2,0.0,False
SKU-007-20250202,2025-02-02,SKU-007,13,35.2,0.0,False
SKU-007-20250203,2025-02-03,SKU-007,7,35.2,0.0,False
SKU-007-20250204,2025-02-04,SKU-007,12,35.2,0.0,False
SKU-007-20250205,2025-02-05,SKU-007,11,35.2,0.0,False
SKU-007-20250206,2025-02-06,SKU-007,13,35.2,0.0,False
SKU-007-20250207,2025-02-07,SKU-007,11,35.2,0.0,False
SKU-007-20250208,2025-02-08,SKU-007,18,35.2,0.0,False
SKU-007-20250209,2025-02-09,SKU-007,13,35.2,0.0,False
SKU-007-20250210,2025-02-10,SKU-007,11,35.2,0.0,False
SKU-007-20250211,2025-02-11,SKU-007,11,35.2,0.0,False
SKU-007-20250212,2025-02-12,SKU-007,11,35.2,0.0,False
SKU-007-20250213,2025-02-13,SKU-007,11,35.2,0.0,False
SKU-007-20250214,2025-02-14,SKU-007,11,35.2,0.0,False
SKU-007-20250215,2025-02-15,SKU-007,17,35.2,0.0,False
SKU-007-20250216,2025-02-16,SKU-007,16,35.2,0.0,False
SKU-007-20250217,2025-02-17,SKU-007,14,35.2,0.0,False
SKU-007-20250218,2025-02-18,SKU-007,17,35.2,0.0,False
SKU-007-20250219,2025-02-19,SKU-007,8,35.2,0.0,False
SKU-007-20250220,2025-02-20,SKU-007,10,35.2,0.0,False
SKU-007-20250221,2025-02-21,SKU-007,10,35.2,0.0,False
SKU-007-20250222,2025-02-22,SKU-007,13,35.2,0.0,False
SKU-007-20250223,2025-02-23,SKU-007,6,35.2,0.0,False
SKU-007-20250224,2025-02-24,SKU-007,8,35.2,0.0,False
SKU-007-20250225,2025-02-25,SKU-007,17,35.2,0.0,False
SKU-007-20250226,2025-02-26,SKU-007,10,35.2,0.0,False
SKU-007-20250227,2025-02-27,SKU-007,15,35.2,0.0,False
SKU-007-20250228,2025-02-28,SKU-007,15,35.2,0.0,False
SKU-007-20250301,2025-03-01,SKU-007,13,35.2,0.0,False
SKU-007-20250302,2025-03-02,SKU-007,15,35.2,0.0,False
SKU-007-20250303,2025-03-03,SKU-007,10,35.2,0.0,False
SKU-007-20250304,2025-03-04,SKU-007,13,35.2,0.0,False
SKU-007-20250305,2025-03-05,SKU-007,18,35.2,0.0,False
SKU-007-20250306,2025-03-06,SKU-007,13,35.2,0.0,False
SKU-007-20250307,2025-03-07,SKU-007,13,35.2,0.0,False
SKU-007-20250308,2025-03-08,SKU-007,14,35.2,0.0,False
SKU-007-20250309,2025-03-09,SKU-007,14,35.2,0.0,False
SKU-007-20250310,2025-03-10,SKU-007,6,35.2,0.0,False
SKU-007-20250311,2025-03-11,SKU-007,12,35.2,0.0,False
SKU-007-20250312,2025-03-12,SKU-007,9,35.2,0.0,False
SKU-007-20250313,2025-03-13,SKU-007,13,35.2,0.0,False
SKU-007-20250314,2025-03-14,SKU-007,15,35.2,0.0,False
SKU-007-20250315,2025-03-15,SKU-007,21,35.2,0.0,False
SKU-007-20250316,2025-03-16,SKU-007,18,35.2,0.0,False
SKU-007-20250317,2025-03-17,SKU-007,12,35.2,0.0,False
SKU-007-20250318,2025-03-18,SKU-007,12,35.2,0.0,False
SKU-007-20250319,2025-03-19,SKU-007,11,35.2,0.0,False
SKU-007-20250320,2025-03-20,SKU-007,12,35.2,0.0,False
SKU-007-20250321,2025-03-21,SKU-007,13,35.2,0.0,False
SKU-007-20250322,2025-03-22,SKU-007,14,35.2,0.0,False
SKU-007-20250323,2025-03-23,SKU-007,16,35.2,0.0,False
SKU-007-20250324,2025-03-24,SKU-007,15,35.2,0.0,False
SKU-007-20250325,2025-03-25,SKU-007,12,35.2,0.0,False
SKU-007-20250326,2025-03-26,SKU-007,15,35.2,0.0,False
SKU-007-20250327,2025-03-27,SKU-007,15,35.2,0.0,False
SKU-007-20250328,2025-03-28,SKU-007,9,35.2,0.0,False
SKU-007-20250329,2025-03-29,SKU-007,31,35.2,0.1,True
SKU-007-20250330,2025-03-30,SKU-007,17,35.2,0.0,False
SKU-007-20250331,2025-03-31,SKU-007,9,35.2,0.0,False
SKU-007-20250401,2025-04-01,SKU-007,15,35.2,0.0,False
SKU-007-20250402,2025-04-02,SKU-007,7,35.2,0.0,False
SKU-007-20250403,2025-04-03,SKU-007,11,35.2,0.0,False
SKU-007-20250404,2025-04-04,SKU-007,7,35.2,0.0,False
SKU-007-20250405,2025-04-05,SKU-007,18,35.2,0.1,True
SKU-007-20250406,2025-04-06,SKU-007,20,35.2,0.0,False
SKU-007-20250407,2025-04-07,SKU-007,14,35.2,0.1,True
SKU-007-20250408,2025-04-08,SKU-007,14,35.2,0.0,False
SKU-007-20250409,2025-04-09,SKU-007,18,35.2,0.0,False
SKU-007-20250410,2025-04-10,SKU-007,13,35.2,0.0,False
SKU-007-20250411,2025-04-11,SKU-007,16,35.2,0.0,False
SKU-007-20250412,2025-04-12,SKU-007,23,35.2,0.0,False
SKU-007-20250413,2025-04-13,SKU-007,9,35.2,0.0,False
SKU-007-20250414,2025-04-14,SKU-007,13,35.2,0.0,False
SKU-007-20250415,2025-04-15,SKU-007,10,35.2,0.0,False
SKU-007-20250416,2025-04-16,SKU-007,14,35.2,0.0,False
SKU-007-20250417,2025-04-17,SKU-007,14,35.2,0.0,False
SKU-007-20250418,2025-04-18,SKU-007,9,35.2,0.0,False
SKU-007-20250419,2025-04-19,SKU-007,17,35.2,0.0,False
SKU-007-20250420,2025-04-20,SKU-007,17,35.2,0.0,False
SKU-007-20250421,2025-04-21,SKU-007,9,35.2,0.0,False
SKU-007-20250422,2025-04-22,SKU-007,12,35.2,0.0,False
SKU-007-20250423,2025-04-23,SKU-007,12,35.2,0.0,False
SKU-007-20250424,2025-04-24,SKU-007,11,35.2,0.0,False
SKU-007-20250425,2025-04-25,SKU-007,13,35.2,0.1,True
SKU-007-20250426,2025-04-26,SKU-007,16,35.2,0.0,False
SKU-007-20250427,2025-04-27,SKU-007,12,35.2,0.0,False
SKU-007-20250428,2025-04-28,SKU-007,17,35.2,0.0,False
SKU-007-20250429,2025-04-29,SKU-007,17,35.2,0.0,False
SKU-007-20250430,2025-04-30,SKU-007,9,35.2,0.0,False
SKU-007-20250501,2025-05-01,SKU-007,10,35.2,0.0,False
SKU-007-20250502,2025-05-02,SKU-007,14,35.2,0.0,False
SKU-007-20250503,2025-05-03,SKU-007,10,35.2,0.0,False
SKU-007-20250504,2025-05-04,SKU-007,22,35.2,0.0,False
SKU-007-20250505,2025-05-05,SKU-007,10,35.2,0.0,False
SKU-007-20250506,2025-05-06,SKU-007,15,35.2,0.0,False
SKU-007-20250507,2025-05-07,SKU-007,12,35.2,0.0,False
SKU-007-20250508,2025-05-08,SKU-007,7,35.2,0.0,False
SKU-007-20250509,2025-05-09,SKU-007,10,35.2,0.0,False
SKU-007-20250510,2025-05-10,SKU-007,17,35.2,0.0,False
SKU-007-20250511,2025-05-11,SKU-007,13,35.2,0.0,False
SKU-007-20250512,2025-05-12,SKU-007,8,35.2,0.0,False
SKU-007-20250513,2025-05-13,SKU-007,6,35.2,0.0,False
SKU-007-20250514,2025-05-14,SKU-007,14,35.2,0.0,False
SKU-007-20250515,2025-05-15,SKU-007,5,35.2,0.0,False
SKU-007-20250516,2025-05-16,SKU-007,19,35.2,0.0,False
SKU-007-20250517,2025-05-17,SKU-007,16,35.2,0.0,False
SKU-007-20250518,2025-05-18,SKU-007,13,35.2,0.0,False
SKU-007-20250519,2025-05-19,SKU-007,14,35.2,0.1,True
SKU-007-20250520,2025-05-20,SKU-007,12,35.2,0.0,False
SKU-007-20250521,2025-05-21,SKU-007,12,35.2,0.0,False
SKU-007-20250522,2025-05-22,SKU-007,13,35.2,0.0,False
SKU-007-20250523,2025-05-23,SKU-007,9,35.2,0.0,False
SKU-007-20250524,2025-05-24,SKU-007,22,35.2,0.0,False
SKU-007-20250525,2025-05-25,SKU-007,12,35.2,0.0,False
SKU-007-20250526,2025-05-26,SKU-007,13,35.2,0.0,False
SKU-007-20250527,2025-05-27,SKU-007,14,35.2,0.0,False
SKU-007-20250528,2025-05-28,SKU-007,16,35.2,0.0,False
SKU-007-20250529,2025-05-29,SKU-007,12,35.2,0.0,False
SKU-007-20250530,2025-05-30,SKU-007,8,35.2,0.0,False
SKU-007-20250531,2025-05-31,SKU-007,6,35.2,0.0,False
SKU-007-20250601,2025-06-01,SKU-007,19,35.2,0.0,False
SKU-007-20250602,2025-06-02,SKU-007,13,35.2,0.0,False
SKU-007-20250603,2025-06-03,SKU-007,9,35.2,0.0,False
SKU-007-20250604,2025-06-04,SKU-007,11,35.2,0.0,False
SKU-007-20250605,2025-06-05,SKU-007,14,35.2,0.0,False
SKU-007-20250606,2025-06-06,SKU-007,13,35.2,0.0,False
SKU-007-20250607,2025-06-07,SKU-007,18,35.2,0.0,False
SKU-007-20250608,2025-06-08,SKU-007,17,35.2,0.0,False
SKU-007-20250609,2025-06-09,SKU-007,9,35.2,0.0,False
SKU-007-20250610,2025-06-10,SKU-007,10,35.2,0.0,False
SKU-007-20250611,2025-06-11,SKU-007,10,35.2,0.0,False
SKU-007-20250612,2025-06-12,SKU-007,9,35.2,0.0,False
SKU-007-20250613,2025-06-13,SKU-007,9,35.2,0.0,False
SKU-007-20250614,2025-06-14,SKU-007,13,35.2,0.0,False
SKU-007-20250615,2025-06-15,SKU-007,13,35.2,0.0,False
SKU-007-20250616,2025-06-16,SKU-007,11,35.2,0.0,False
SKU-007-20250617,2025-06-17,SKU-007,1,35.2,0.0,False
SKU-007-20250618,2025-06-18,SKU-007,7,35.2,0.0,False
SKU-007-20250619,2025-06-19,SKU-007,8,35.2,0.0,False
SKU-007-20250620,2025-06-20,SKU-007,10,35.2,0.0,False
SKU-007-20250621,2025-06-21,SKU-007,16,35.2,0.0,False
SKU-007-20250622,2025-06-22,SKU-007,14,35.2,0.0,False
SKU-007-20250623,2025-06-23,SKU-007,13,35.2,0.0,False
SKU-008-20240101,2024-01-01,SKU-008,12,13.2,0.0,False
SKU-008-20240102,2024-01-02,SKU-008,9,13.2,0.0,False
SKU-008-20240103,2024-01-03,SKU-008,18,13.2,0.0,False
SKU-008-20240104,2024-01-04,SKU-008,15,13.2,0.0,False
SKU-008-20240105,2024-01-05,SKU-008,17,13.2,0.0,False
SKU-008-20240106,2024-01-06,SKU-008,30,13.2,0.0,False
SKU-008-20240107,2024-01-07,SKU-008,17,13.2,0.0,False
SKU-008-20240108,2024-01-08,SKU-008,5,13.2,0.0,False
SKU-008-20240109,2024-01-09,SKU-008,17,13.2,0.0,False
SKU-008-20240110,2024-01-10,SKU-008,23,13.2,0.0,False
SKU-008-20240111,2024-01-11,SKU-008,17,13.2,0.0,False
SKU-008-20240112,2024-01-12,SKU-008,18,13.2,0.0,False
SKU-008-20240113,2024-01-13,SKU-008,24,13.2,0.0,False
SKU-008-20240114,2024-01-14,SKU-008,23,13.2,0.0,False
SKU-008-20240115,2024-01-15,SKU-008,15,13.2,0.0,False
SKU-008-20240116,2024-01-16,SKU-008,23,13.2,0.0,False
SKU-008-20240117,2024-01-17,SKU-008,19,13.2,0.0,False
SKU-008-20240118,2024-01-18,SKU-008,18,13.2,0.0,False
SKU-008-20240119,2024-01-19,SKU-008,21,13.2,0.0,False
SKU-008-20240120,2024-01-20,SKU-008,31,13.2,0.0,False
SKU-008-20240121,2024-01-21,SKU-008,19,13.2,0.0,False
SKU-008-20240122,2024-01-22,SKU-008,21,13.2,0.0,False
SKU-008-20240123,2024-01-23,SKU-008,17,13.2,0.0,False
SKU-008-20240124,2024-01-24,SKU-008,14,13.2,0.0,False
SKU-008-20240125,2024-01-25,SKU-008,19,13.2,0.0,False
SKU-008-20240126,2024-01-26,SKU-008,12,13.2,0.0,False
SKU-008-20240127,2024-01-27,SKU-008,26,13.2,0.0,False
SKU-008-20240128,2024-01-28,SKU-008,25,13.2,0.0,False
SKU-008-20240129,2024-01-29,SKU-008,31,13.2,0.0,False
SKU-008-20240130,2024-01-30,SKU-008,17,13.2,0.0,False
SKU-008-20240131,2024-01-31,SKU-008,16,13.2,0.0,False
SKU-008-20240201,2024-02-01,SKU-008,16,13.2,0.0,False
SKU-008-20240202,2024-02-02,SKU-008,19,13.2,0.0,False
SKU-008-20240203,2024-02-03,SKU-008,32,13.2,0.0,False
SKU-008-20240204,2024-02-04,SKU-008,16,13.2,0.0,False
SKU-008-20240205,2024-02-05,SKU-008,18,13.2,0.0,False
SKU-008-20240206,2024-02-06,SKU-008,27,13.2,0.0,False
SKU-008-20240207,2024-02-07,SKU-008,30,13.2,0.0,False
SKU-008-20240208,2024-02-08,SKU-008,26,13.2,0.0,False
SKU-008-20240209,2024-02-09,SKU-008,15,13.2,0.0,False
SKU-008-20240210,2024-02-10,SKU-008,26,13.2,0.0,False
SKU-008-20240211,2024-02-11,SKU-008,24,13.2,0.0,False
SKU-008-20240212,2024-02-12,SKU-008,19,13.2,0.0,False
SKU-008-20240213,2024-02-13,SKU-008,17,13.2,0.0,False
SKU-008-20240214,2024-02-14,SKU-008,16,13.2,0.0,False
SKU-008-20240215,2024-02-15,SKU-008,13,13.2,0.0,False
SKU-008-20240216,2024-02-16,SKU-008,17,13.2,0.0,False
SKU-008-20240217,2024-02-17,SKU-008,27,13.2,0.1,True
SKU-008-20240218,2024-02-18,SKU-008,37,13.2,0.0,False
SKU-008-20240219,2024-02-19,SKU-008,18,13.2,0.0,False
SKU-008-20240220,2024-02-20,SKU-008,13,13.2,0.0,False
SKU-008-20240221,2024-02-21,SKU-008,23,13.2,0.0,False
SKU-008-20240222,2024-02-22,SKU-008,25,13.2,0.0,False
SKU-008-20240223,2024-02-23,SKU-008,24,13.2,0.0,False
SKU-008-20240224,2024-02-24,SKU-008,22,13.2,0.0,False
SKU-008-20240225,2024-02-25,SKU-008,21,13.2,0.0,False
SKU-008-20240226,2024-02-26,SKU-008,33,13.2,0.1,True
SKU-008-20240227,2024-02-27,SKU-008,14,13.2,0.0,False
SKU-008-20240228,2024-02-28,SKU-008,20,13.2,0.0,False
SKU-008-20240229,2024-02-29,SKU-008,20,13.2,0.0,False
SKU-008-20240301,2024-03-01,SKU-008,25,13.2,0.0,False
SKU-008-20240302,2024-03-02,SKU-008,30,13.2,0.0,False
SKU-008-20240303,2024-03-03,SKU-008,32,13.2,0.0,False
SKU-008-20240304,2024-03-04,SKU-008,20,13.2,0.0,False
SKU-008-20240305,2024-03-05,SKU-008,17,13.2,0.0,False
SKU-008-20240306,2024-03-06,SKU-008,15,13.2,0.0,False
SKU-008-20240307,2024-03-07,SKU-008,21,13.2,0.1,True
SKU-008-20240308,2024-03-08,SKU-008,21,13.2,0.0,False
SKU-008-20240309,2024-03-09,SKU-008,22,13.2,0.0,False
SKU-008-20240310,2024-03-10,SKU-008,24,13.2,0.0,False
SKU-008-20240311,2024-03-11,SKU-008,19,13.2,0.0,False
SKU-008-20240312,2024-03-12,SKU-008,21,13.2,0.0,False
SKU-008-20240313,2024-03-13,SKU-008,25,13.2,0.0,False
SKU-008-20240314,2024-03-14,SKU-008,20,13.2,0.0,False
SKU-008-20240315,2024-03-15,SKU-008,21,13.2,0.0,False
SKU-008-20240316,2024-03-16,SKU-008,25,13.2,0.1,True
SKU-008-20240317,2024-03-17,SKU-008,26,13.2,0.0,False
SKU-008-20240318,2024-03-18,SKU-008,27,13.2,0.0,False
SKU-008-20240319,2024-03-19,SKU-008,27,13.2,0.0,False
SKU-008-20240320,2024-03-20,SKU-008,25,13.2,0.0,False
SKU-008-20240321,2024-03-21,SKU-008,17,13.2,0.0,False
SKU-008-20240322,2024-03-22,SKU-008,26,13.2,0.0,False
SKU-008-20240323,2024-03-23,SKU-008,31,13.2,0.0,False
SKU-008-20240324,2024-03-24,SKU-008,29,13.2,0.0,False
SKU-008-20240325,2024-03-25,SKU-008,24,13.2,0.0,False
SKU-008-20240326,2024-03-26,SKU-008,29,13.2,0.0,False
SKU-008-20240327,2024-03-27,SKU-008,20,13.2,0.0,False
SKU-008-20240328,2024-03-28,SKU-008,21,13.2,0.0,False
SKU-008-20240329,2024-03-29,SKU-008,25,13.2,0.0,False
SKU-008-20240330,2024-03-30,SKU-008,26,13.2,0.0,False
SKU-008-20240331,2024-03-31,SKU-008,21,13.2,0.0,False
SKU-008-20240401,2024-04-01,SKU-008,26,13.2,0.0,False
SKU-008-20240402,2024-04-02,SKU-008,23,13.2,0.0,False
SKU-008-20240403,2024-04-03,SKU-008,14,13.2,0.0,False
SKU-008-20240404,2024-04-04,SKU-008,22,13.2,0.0,False
SKU-008-20240405,2024-04-05,SKU-008,19,13.2,0.0,False
SKU-008-20240406,2024-04-06,SKU-008,29,13.2,0.0,False
SKU-008-20240407,2024-04-07,SKU-008,24,13.2,0.0,False
SKU-008-20240408,2024-04-08,SKU-008,21,13.2,0.0,False
SKU-008-20240409,2024-04-09,SKU-008,16,13.2,0.0,False
SKU-008-20240410,2024-04-10,SKU-008,18,13.2,0.0,False
SKU-008-20240411,2024-04-11,SKU-008,16,13.2,0.0,False
SKU-008-20240412,2024-04-12,SKU-008,31,13.2,0.1,True
SKU-008-20240413,2024-04-13,SKU-008,30,13.2,0.0,False
SKU-008-20240414,2024-04-14,SKU-008,20,13.2,0.0,False
SKU-008-20240415,2024-04-15,SKU-008,17,13.2,0.0,False
SKU-008-20240416,2024-04-16,SKU-008,26,13.2,0.0,False
SKU-008-20240417,2024-04-17,SKU-008,17,13.2,0.0,False
SKU-008-20240418,2024-04-18,SKU-008,23,13.2,0.0,False
SKU-008-20240419,2024-04-19,SKU-008,26,13.2,0.0,False
SKU-008-20240420,2024-04-20,SKU-008,19,13.2,0.0,False
SKU-008-20240421,2024-04-21,SKU-008,27,13.2,0.0,False
SKU-008-20240422,2024-04-22,SKU-008,22,13.2,0.0,False
SKU-008-20240423,2024-04-23,SKU-008,17,13.2,0.0,False
SKU-008-20240424,2024-04-24,SKU-008,14,13.2,0.0,False
SKU-008-20240425,2024-04-25,SKU-008,19,13.2,0.0,False
SKU-008-20240426,2024-04-26,SKU-008,18,13.2,0.0,False
SKU-008-20240427,2024-04-27,SKU-008,27,13.2,0.0,False
SKU-008-20240428,2024-04-28,SKU-008,36,13.2,0.1,True
SKU-008-20240429,2024-04-29,SKU-008,18,13.2,0.0,False
SKU-008-20240430,2024-04-30,SKU-008,15,13.2,0.0,False
SKU-008-20240501,2024-05-01,SKU-008,23,13.2,0.0,False
SKU-008-20240502,2024-05-02,SKU-008,19,13.2,0.0,False
SKU-008-20240503,2024-05-03,SKU-008,14,13.2,0.0,False
SKU-008-20240504,2024-05-04,SKU-008,28,13.2,0.0,False
SKU-008-20240505,2024-05-05,SKU-008,26,13.2,0.0,False
SKU-008-20240506,2024-05-06,SKU-008,15,13.2,0.0,False
SKU-008-20240507,2024-05-07,SKU-008,31,13.2,0.1,True
SKU-008-20240508,2024-05-08,SKU-008,12,13.2,0.0,False
SKU-008-20240509,2024-05-09,SKU-008,19,13.2,0.0,False
SKU-008-20240510,2024-05-10,SKU-008,14,13.2,0.0,False
SKU-008-20240511,2024-05-11,SKU-008,28,13.2,0.0,False
SKU-008-20240512,2024-05-12,SKU-008,24,13.2,0.0,False
SKU-008-20240513,2024-05-13,SKU-008,15,13.2,0.0,False
SKU-008-20240514,2024-05-14,SKU-008,24,13.2,0.0,False
SKU-008-20240515,2024-05-15,SKU-008,29,13.2,0.1,True
SKU-008-20240516,2024-05-16,SKU-008,14,13.2,0.0,False
SKU-008-20240517,2024-05-17,SKU-008,21,13.2,0.0,False
SKU-008-20240518,2024-05-18,SKU-008,18,13.2,0.0,False
SKU-008-20240519,2024-05-19,SKU-008,34,13.2,0.0,False
SKU-008-20240520,2024-05-20,SKU-008,26,13.2,0.1,True
SKU-008-20240521,2024-05-21,SKU-008,15,13.2,0.0,False
SKU-008-20240522,2024-05-22,SKU-008,17,13.2,0.0,False
SKU-008-20240523,2024-05-23,SKU-008,18,13.2,0.0,False
SKU-008-20240524,2024-05-24,SKU-008,19,13.2,0.0,False
SKU-008-20240525,2024-05-25,SKU-008,32,13.2,0.0,False
SKU-008-20240526,2024-05-26,SKU-008,22,13.2,0.0,False
SKU-008-20240527,2024-05-27,SKU-008,22,13.2,0.0,False
SKU-008-20240528,2024-05-28,SKU-008,21,13.2,0.0,False
SKU-008-20240529,2024-05-29,SKU-008,21,13.2,0.0,False
SKU-008-20240530,2024-05-30,SKU-008,27,13.2,0.1,True
SKU-008-20240531,2024-05-31,SKU-008,14,13.2,0.0,False
SKU-008-20240601,2024-06-01,SKU-008,25,13.2,0.0,False
SKU-008-20240602,2024-06-02,SKU-008,32,13.2,0.1,True
SKU-008-20240603,2024-06-03,SKU-008,20,13.2,0.0,False
SKU-008-20240604,2024-06-04,SKU-008,18,13.2,0.0,False
SKU-008-20240605,2024-06-05,SKU-008,13,13.2,0.0,False
SKU-008-20240606,2024-06-06,SKU-008,16,13.2,0.0,False
SKU-008-20240607,2024-06-07,SKU-008,22,13.2,0.0,False
SKU-008-20240608,2024-06-08,SKU-008,35,13.2,0.1,True
SKU-008-20240609,2024-06-09,SKU-008,21,13.2,0.0,False
SKU-008-20240610,2024-06-10,SKU-008,23,13.2,0.0,False
SKU-008-20240611,2024-06-11,SKU-008,19,13.2,0.0,False
SKU-008-20240612,2024-06-12,SKU-008,17,13.2,0.0,False
SKU-008-20240613,2024-06-13,SKU-008,15,13.2,0.0,False
SKU-008-20240614,2024-06-14,SKU-008,23,13.2,0.0,False
SKU-008-20240615,2024-06-15,SKU-008,22,13.2,0.0,False
SKU-008-20240616,2024-06-16,SKU-008,20,13.2,0.0,False
SKU-008-20240617,2024-06-17,SKU-008,24,13.2,0.0,False
SKU-008-20240618,2024-06-18,SKU-008,17,13.2,0.0,False
SKU-008-20240619,2024-06-19,SKU-008,14,13.2,0.0,False
SKU-008-20240620,2024-06-20,SKU-008,13,13.2,0.0,False
SKU-008-20240621,2024-06-21,SKU-008,21,13.2,0.0,False
SKU-008-20240622,2024-06-22,SKU-008,18,13.2,0.0,False
SKU-008-20240623,2024-06-23,SKU-008,23,13.2,0.0,False
SKU-008-20240624,2024-06-24,SKU-008,17,13.2,0.0,False
SKU-008-20240625,2024-06-25,SKU-008,18,13.2,0.0,False
SKU-008-20240626,2024-06-26,SKU-008,18,13.2,0.0,False
SKU-008-20240627,2024-06-27,SKU-008,19,13.2,0.0,False
SKU-008-20240628,2024-06-28,SKU-008,21,13.2,0.0,False
SKU-008-20240629,2024-06-29,SKU-008,14,13.2,0.0,False
SKU-008-20240630,2024-06-30,SKU-008,21,13.2,0.0,False
SKU-008-20240701,2024-07-01,SKU-008,16,13.2,0.0,False
SKU-008-20240702,2024-07-02,SKU-008,16,13.2,0.0,False
SKU-008-20240703,2024-07-03,SKU-008,20,13.2,0.0,False
SKU-008-20240704,2024-07-04,SKU-008,23,13.2,0.0,False
SKU-008-20240705,2024-07-05,SKU-008,21,13.2,0.0,False
SKU-008-20240706,2024-07-06,SKU-008,21,13.2,0.0,False
SKU-008-20240707,2024-07-07,SKU-008,18,13.2,0.0,False
SKU-008-20240708,2024-07-08,SKU-008,13,13.2,0.0,False
SKU-008-20240709,2024-07-09,SKU-008,23,13.2,0.0,False
SKU-008-20240710,2024-07-10,SKU-008,16,13.2,0.0,False
SKU-008-20240711,2024-07-11,SKU-008,24,13.2,0.0,False
SKU-008-20240712,2024-07-12,SKU-008,22,13.2,0.0,False
SKU-008-20240713,2024-07-13,SKU-008,26,13.2,0.0,False
SKU-008-20240714,2024-07-14,SKU-008,24,13.2,0.0,False
SKU-008-20240715,2024-07-15,SKU-008,17,13.2,0.0,False
SKU-008-20240716,2024-07-16,SKU-008,17,13.2,0.0,False
SKU-008-20240717,2024-07-17,SKU-008,17,13.2,0.0,False
SKU-008-20240718,2024-07-18,SKU-008,18,13.2,0.0,False
SKU-008-20240719,2024-07-19,SKU-008,17,13.2,0.0,False
SKU-008-20240720,2024-07-20,SKU-008,21,13.2,0.0,False
SKU-008-20240721,2024-07-21,SKU-008,20,13.2,0.0,False
SKU-008-20240722,2024-07-22,SKU-008,13,13.2,0.0,False
SKU-008-20240723,2024-07-23,SKU-008,15,13.2,0.0,False
SKU-008-20240724,2024-07-24,SKU-008,16,13.2,0.0,False
SKU-008-20240725,2024-07-25,SKU-008,13,13.2,0.0,False
SKU-008-20240726,2024-07-26,SKU-008,17,13.2,0.0,False
SKU-008-20240727,2024-07-27,SKU-008,16,13.2,0.0,False
SKU-008-20240728,2024-07-28,SKU-008,25,13.2,0.0,False
SKU-008-20240729,2024-07-29,SKU-008,15,13.2,0.0,False
SKU-008-20240730,2024-07-30,SKU-008,15,13.2,0.0,False
SKU-008-20240731,2024-07-31,SKU-008,14,13.2,0.0,False
SKU-008-20240801,2024-08-01,SKU-008,11,13.2,0.0,False
SKU-008-20240802,2024-08-02,SKU-008,13,13.2,0.0,False
SKU-008-20240803,2024-08-03,SKU-008,18,13.2,0.0,False
SKU-008-20240804,2024-08-04,SKU-008,27,13.2,0.0,False
SKU-008-20240805,2024-08-05,SKU-008,17,13.2,0.0,False
SKU-008-20240806,2024-08-06,SKU-008,12,13.2,0.0,False
SKU-008-20240807,2024-08-07,SKU-008,11,13.2,0.0,False
SKU-008-20240808,2024-08-08,SKU-008,11,13.2,0.0,False
SKU-008-20240809,2024-08-09,SKU-008,14,13.2,0.0,False
SKU-008-20240810,2024-08-10,SKU-008,17,13.2,0.0,False
SKU-008-20240811,2024-08-11,SKU-008,16,13.2,0.0,False
SKU-008-20240812,2024-08-12,SKU-008,14,13.2,0.0,False
SKU-008-20240813,2024-08-13,SKU-008,21,13.2,0.0,False
SKU-008-20240814,2024-08-14,SKU-008,15,13.2,0.0,False
SKU-008-20240815,2024-08-15,SKU-008,11,13.2,0.0,False
SKU-008-20240816,2024-08-16,SKU-008,13,13.2,0.0,False
SKU-008-20240817,2024-08-17,SKU-008,20,13.2,0.0,False
SKU-008-20240818,2024-08-18,SKU-008,16,13.2,0.0,False
SKU-008-20240819,2024-08-19,SKU-008,14,13.2,0.0,False
SKU-008-20240820,2024-08-20,SKU-008,18,13.2,0.0,False
SKU-008-20240821,2024-08-21,SKU-008,17,13.2,0.0,False
SKU-008-20240822,2024-08-22,SKU-008,15,13.2,0.0,False
SKU-008-20240823,2024-08-23,SKU-008,15,13.2,0.0,False
SKU-008-20240824,2024-08-24,SKU-008,25,13.2,0.1,True
SKU-008-20240825,2024-08-25,SKU-008,21,13.2,0.0,False
SKU-008-20240826,2024-08-26,SKU-008,13,13.2,0.0,False
SKU-008-20240827,2024-08-27,SKU-008,14,13.2,0.0,False
SKU-008-20240828,2024-08-28,SKU-008,14,13.2,0.0,False
SKU-008-20240829,2024-08-29,SKU-008,11,13.2,0.0,False
SKU-008-20240830,2024-08-30,SKU-008,9,13.2,0.1,True
SKU-008-20240831,2024-08-31,SKU-008,33,13.2,0.1,True
SKU-008-20240901,2024-09-01,SKU-008,22,13.2,0.0,False
SKU-008-20240902,2024-09-02,SKU-008,13,13.2,0.0,False
SKU-008-20240903,2024-09-03,SKU-008,16,13.2,0.0,False
SKU-008-20240904,2024-09-04,SKU-008,21,13.2,0.0,False
SKU-008-20240905,2024-09-05,SKU-008,11,13.2,0.0,False
SKU-008-20240906,2024-09-06,SKU-008,24,13.2,0.0,False
SKU-008-20240907,2024-09-07,SKU-008,20,13.2,0.0,False
SKU-008-20240908,2024-09-08,SKU-008,19,13.2,0.0,False
SKU-008-20240909,2024-09-09,SKU-008,19,13.2,0.0,False
SKU-008-20240910,2024-09-10,SKU-008,15,13.2,0.0,False
SKU-008-20240911,2024-09-11,SKU-008,8,13.2,0.0,False
SKU-008-20240912,2024-09-12,SKU-008,16,13.2,0.0,False
SKU-008-20240913,2024-09-13,SKU-008,16,13.2,0.0,False
SKU-008-20240914,2024-09-14,SKU-008,22,13.2,0.0,False
SKU-008-20240915,2024-09-15,SKU-008,23,13.2,0.0,False
SKU-008-20240916,2024-09-16,SKU-008,18,13.2,0.0,False
SKU-008-20240917,2024-09-17,SKU-008,15,13.2,0.0,False
SKU-008-20240918,2024-09-18,SKU-008,19,13.2,0.0,False
SKU-008-20240919,2024-09-19,SKU-008,7,13.2,0.0,False
SKU-008-20240920,2024-09-20,SKU-008,15,13.2,0.0,False
SKU-008-20240921,2024-09-21,SKU-008,15,13.2,0.0,False
SKU-008-20240922,2024-09-22,SKU-008,19,13.2,0.0,False
SKU-008-20240923,2024-09-23,SKU-008,9,13.2,0.0,False
SKU-008-20240924,2024-09-24,SKU-008,18,13.2,0.0,False
SKU-008-20240925,2024-09-25,SKU-008,19,13.2,0.0,False
SKU-008-20240926,2024-09-26,SKU-008,16,13.2,0.0,False
SKU-008-20240927,2024-09-27,SKU-008,13,13.2,0.0,False
SKU-008-20240928,2024-09-28,SKU-008,29,13.2,0.0,False
SKU-008-20240929,2024-09-29,SKU-008,16,13.2,0.0,False
SKU-008-20240930,2024-09-30,SKU-008,12,13.2,0.0,False
SKU-008-20241001,2024-10-01,SKU-008,13,13.2,0.0,False
SKU-008-20241002,2024-10-02,SKU-008,18,13.2,0.0,False
SKU-008-20241003,2024-10-03,SKU-008,17,13.2,0.0,False
SKU-008-20241004,2024-10-04,SKU-008,18,13.2,0.0,False
SKU-008-20241005,2024-10-05,SKU-008,18,13.2,0.0,False
SKU-008-20241006,2024-10-06,SKU-008,17,13.2,0.0,False
SKU-008-20241007,2024-10-07,SKU-008,8,13.2,0.0,False
SKU-008-20241008,2024-10-08,SKU-008,5,13.2,0.0,False
SKU-008-20241009,2024-10-09,SKU-008,18,13.2,0.0,False
SKU-008-20241010,2024-10-10,SKU-008,12,13.2,0.0,False
SKU-008-20241011,2024-10-11,SKU-008,17,13.2,0.0,False
SKU-008-20241012,2024-10-12,SKU-008,11,13.2,0.0,False
SKU-008-20241013,2024-10-13,SKU-008,15,13.2,0.0,False
SKU-008-20241014,2024-10-14,SKU-008,21,13.2,0.0,False
SKU-008-20241015,2024-10-15,SKU-008,15,13.2,0.0,False
SKU-008-20241016,2024-10-16,SKU-008,14,13.2,0.0,False
SKU-008-20241017,2024-10-17,SKU-008,15,13.2,0.0,False
SKU-008-20241018,2024-10-18,SKU-008,14,13.2,0.0,False
SKU-008-20241019,2024-10-19,SKU-008,26,13.2,0.1,True
SKU-008-20241020,2024-10-20,SKU-008,20,13.2,0.0,False
SKU-008-20241021,2024-10-21,SKU-008,23,13.2,0.0,False
SKU-008-20241022,2024-10-22,SKU-008,17,13.2,0.0,False
SKU-008-20241023,2024-10-23,SKU-008,10,13.2,0.0,False
SKU-008-20241024,2024-10-24,SKU-008,9,13.2,0.0,False
SKU-008-20241025,2024-10-25,SKU-008,15,13.2,0.0,False
SKU-008-20241026,2024-10-26,SKU-008,23,13.2,0.0,False
SKU-008-20241027,2024-10-27,SKU-008,15,13.2,0.0,False
SKU-008-20241028,2024-10-28,SKU-008,13,13.2,0.0,False
SKU-008-20241029,2024-10-29,SKU-008,9,13.2,0.0,False
SKU-008-20241030,2024-10-30,SKU-008,14,13.2,0.0,False
SKU-008-20241031,2024-10-31,SKU-008,13,13.2,0.0,False
SKU-008-20241101,2024-11-01,SKU-008,13,13.2,0.0,False
SKU-008-20241102,2024-11-02,SKU-008,19,13.2,0.0,False
SKU-008-20241103,2024-11-03,SKU-008,18,13.2,0.0,False
SKU-008-20241104,2024-11-04,SKU-008,18,13.2,0.0,False
SKU-008-20241105,2024-11-05,SKU-008,26,13.2,0.1,True
SKU-008-20241106,2024-11-06,SKU-008,14,13.2,0.0,False
SKU-008-20241107,2024-11-07,SKU-008,8,13.2,0.0,False
SKU-008-20241108,2024-11-08,SKU-008,16,13.2,0.0,False
SKU-008-20241109,2024-11-09,SKU-008,19,13.2,0.0,False
SKU-008-20241110,2024-11-10,SKU-008,12,13.2,0.0,False
SKU-008-20241111,2024-11-11,SKU-008,19,13.2,0.0,False
SKU-008-20241112,2024-11-12,SKU-008,16,13.2,0.0,False
SKU-008-20241113,2024-11-13,SKU-008,10,13.2,0.0,False
SKU-008-20241114,2024-11-14,SKU-008,13,13.2,0.0,False
SKU-008-20241115,2024-11-15,SKU-008,13,13.2,0.0,False
SKU-008-20241116,2024-11-16,SKU-008,21,13.2,0.0,False
SKU-008-20241117,2024-11-17,SKU-008,25,13.2,0.0,False
SKU-008-20241118,2024-11-18,SKU-008,15,13.2,0.0,False
SKU-008-20241119,2024-11-19,SKU-008,11,13.2,0.0,False
SKU-008-20241120,2024-11-20,SKU-008,30,13.2,0.1,True
SKU-008-20241121,2024-11-21,SKU-008,8,13.2,0.0,False
SKU-008-20241122,2024-11-22,SKU-008,14,13.2,0.0,False
SKU-008-20241123,2024-11-23,SKU-008,24,13.2,0.0,False
SKU-008-20241124,2024-11-24,SKU-008,19,13.2,0.0,False
SKU-008-20241125,2024-11-25,SKU-008,15,13.2,0.1,True
SKU-008-20241126,2024-11-26,SKU-008,16,13.2,0.0,False
SKU-008-20241127,2024-11-27,SKU-008,15,13.2,0.0,False
SKU-008-20241128,2024-11-28,SKU-008,16,13.2,0.0,False
SKU-008-20241129,2024-11-29,SKU-008,11,13.2,0.0,False
SKU-008-20241130,2024-11-30,SKU-008,20,13.2,0.0,False
SKU-008-20241201,2024-12-01,SKU-008,20,13.2,0.0,False
SKU-008-20241202,2024-12-02,SKU-008,14,13.2,0.1,True
SKU-008-20241203,2024-12-03,SKU-008,18,13.2,0.0,False
SKU-008-20241204,2024-12-04,SKU-008,13,13.2,0.0,False
SKU-008-20241205,2024-12-05,SKU-008,16,13.2,0.0,False
SKU-008-20241206,2024-12-06,SKU-008,15,13.2,0.0,False
SKU-008-20241207,2024-12-07,SKU-008,28,13.2,0.0,False
SKU-008-20241208,2024-12-08,SKU-008,19,13.2,0.0,False
SKU-008-20241209,2024-12-09,SKU-008,22,13.2,0.0,False
SKU-008-20241210,2024-12-10,SKU-008,22,13.2,0.0,False
SKU-008-20241211,2024-12-11,SKU-008,14,13.2,0.0,False
SKU-008-20241212,2024-12-12,SKU-008,14,13.2,0.0,False
SKU-008-20241213,2024-12-13,SKU-008,12,13.2,0.0,False
SKU-008-20241214,2024-12-14,SKU-008,18,13.2,0.0,False
SKU-008-20241215,2024-12-15,SKU-008,18,13.2,0.0,False
SKU-008-20241216,2024-12-16,SKU-008,16,13.2,0.0,False
SKU-008-20241217,2024-12-17,SKU-008,12,13.2,0.0,False
SKU-008-20241218,2024-12-18,SKU-008,18,13.2,0.0,False
SKU-008-20241219,2024-12-19,SKU-008,22,13.2,0.0,False
SKU-008-20241220,2024-12-20,SKU-008,22,13.2,0.0,False
SKU-008-20241221,2024-12-21,SKU-008,31,13.2,0.0,False
SKU-008-20241222,2024-12-22,SKU-008,16,13.2,0.0,False
SKU-008-20241223,2024-12-23,SKU-008,12,13.2,0.0,False
SKU-008-20241224,2024-12-24,SKU-008,18,13.2,0.0,False
SKU-008-20241225,2024-12-25,SKU-008,19,13.2,0.1,True
SKU-008-20241226,2024-12-26,SKU-008,17,13.2,0.0,False
SKU-008-20241227,2024-12-27,SKU-008,20,13.2,0.1,True
SKU-008-20241228,2024-12-28,SKU-008,31,13.2,0.0,False
SKU-008-20241229,2024-12-29,SKU-008,30,13.2,0.0,False
SKU-008-20241230,2024-12-30,SKU-008,21,13.2,0.0,False
SKU-008-20241231,2024-12-31,SKU-008,18,13.2,0.0,False
SKU-008-20250101,2025-01-01,SKU-008,19,13.2,0.0,False
SKU-008-20250102,2025-01-02,SKU-008,19,13.2,0.0,False
SKU-008-20250103,2025-01-03,SKU-008,14,13.2,0.0,False
SKU-008-20250104,2025-01-04,SKU-008,40,13.2,0.1,True
SKU-008-20250105,2025-01-05,SKU-008,19,13.2,0.0,False
SKU-008-20250106,2025-01-06,SKU-008,18,13.2,0.1,True
SKU-008-20250107,2025-01-07,SKU-008,17,13.2,0.0,False
SKU-008-20250108,2025-01-08,SKU-008,21,13.2,0.0,False
SKU-008-20250109,2025-01-09,SKU-008,20,13.2,0.0,False
SKU-008-20250110,2025-01-10,SKU-008,22,13.2,0.0,False
SKU-008-20250111,2025-01-11,SKU-008,22,13.2,0.0,False
SKU-008-20250112,2025-01-12,SKU-008,18,13.2,0.0,False
SKU-008-20250113,2025-01-13,SKU-008,16,13.2,0.0,False
SKU-008-20250114,2025-01-14,SKU-008,22,13.2,0.0,False
SKU-008-20250115,2025-01-15,SKU-008,18,13.2,0.0,False
SKU-008-20250116,2025-01-16,SKU-008,29,13.2,0.0,False
SKU-008-20250117,2025-01-17,SKU-008,17,13.2,0.0,False
SKU-008-20250118,2025-01-18,SKU-008,20,13.2,0.0,False
SKU-008-20250119,2025-01-19,SKU-008,19,13.2,0.0,False
SKU-008-20250120,2025-01-20,SKU-008,15,13.2,0.0,False
SKU-008-20250121,2025-01-21,SKU-008,19,13.2,0.0,False
SKU-008-20250122,2025-01-22,SKU-008,19,13.2,0.0,False
SKU-008-20250123,2025-01-23,SKU-008,17,13.2,0.0,False
SKU-008-20250124,2025-01-24,SKU-008,19,13.2,0.0,False
SKU-008-20250125,2025-01-25,SKU-008,27,13.2,0.0,False
SKU-008-20250126,2025-01-26,SKU-008,21,13.2,0.0,False
SKU-008-20250127,2025-01-27,SKU-008,18,13.2,0.0,False
SKU-008-20250128,2025-01-28,SKU-008,19,13.2,0.0,False
SKU-008-20250129,2025-01-29,SKU-008,24,13.2,0.0,False
SKU-008-20250130,2025-01-30,SKU-008,16,13.2,0.0,False
SKU-008-20250131,2025-01-31,SKU-008,12,13.2,0.0,False
SKU-008-20250201,2025-02-01,SKU-008,23,13.2,0.0,False
SKU-008-20250202,2025-02-02,SKU-008,26,13.2,0.0,False
SKU-008-20250203,2025-02-03,SKU-008,25,13.2,0.0,False
SKU-008-20250204,2025-02-04,SKU-008,18,13.2,0.0,False
SKU-008-20250205,2025-02-05,SKU-008,18,13.2,0.0,False
SKU-008-20250206,2025-02-06,SKU-008,21,13.2,0.0,False
SKU-008-20250207,2025-02-07,SKU-008,11,13.2,0.0,False
SKU-008-20250208,2025-02-08,SKU-008,30,13.2,0.0,False
SKU-008-20250209,2025-02-09,SKU-008,29,13.2,0.0,False
SKU-008-20250210,2025-02-10,SKU-008,10,13.2,0.0,False
SKU-008-20250211,2025-02-11,SKU-008,24,13.2,0.0,False
SKU-008-20250212,2025-02-12,SKU-008,10,13.2,0.0,False
SKU-008-20250213,2025-02-13,SKU-008,17,13.2,0.0,False
SKU-008-20250214,2025-02-14,SKU-008,30,13.2,0.0,False
SKU-008-20250215,2025-02-15,SKU-008,23,13.2,0.0,False
SKU-008-20250216,2025-02-16,SKU-008,25,13.2,0.0,False
SKU-008-20250217,2025-02-17,SKU-008,19,13.2,0.0,False
SKU-008-20250218,2025-02-18,SKU-008,26,13.2,0.0,False
SKU-008-20250219,2025-02-19,SKU-008,26,13.2,0.0,False
SKU-008-20250220,2025-02-20,SKU-008,20,13.2,0.0,False
SKU-008-20250221,2025-02-21,SKU-008,16,13.2,0.0,False
SKU-008-20250222,2025-02-22,SKU-008,17,13.2,0.0,False
SKU-008-20250223,2025-02-23,SKU-008,31,13.2,0.0,False
SKU-008-20250224,2025-02-24,SKU-008,17,13.2,0.0,False
SKU-008-20250225,2025-02-25,SKU-008,16,13.2,0.0,False
SKU-008-20250226,2025-02-26,SKU-008,23,13.2,0.0,False
SKU-008-20250227,2025-02-27,SKU-008,14,13.2,0.0,False
SKU-008-20250228,2025-02-28,SKU-008,20,13.2,0.0,False
SKU-008-20250301,2025-03-01,SKU-008,33,13.2,0.0,False
SKU-008-20250302,2025-03-02,SKU-008,34,13.2,0.0,False
SKU-008-20250303,2025-03-03,SKU-008,20,13.2,0.0,False
SKU-008-20250304,2025-03-04,SKU-008,17,13.2,0.0,False
SKU-008-20250305,2025-03-05,SKU-008,20,13.2,0.0,False
SKU-008-20250306,2025-03-06,SKU-008,15,13.2,0.0,False
SKU-008-20250307,2025-03-07,SKU-008,31,13.2,0.1,True
SKU-008-20250308,2025-03-08,SKU-008,27,13.2,0.0,False
SKU-008-20250309,2025-03-09,SKU-008,26,13.2,0.0,False
SKU-008-20250310,2025-03-10,SKU-008,15,13.2,0.0,False
SKU-008-20250311,2025-03-11,SKU-008,32,13.2,0.1,True
SKU-008-20250312,2025-03-12,SKU-008,21,13.2,0.0,False
SKU-008-20250313,2025-03-13,SKU-008,25,13.2,0.0,False
SKU-008-20250314,2025-03-14,SKU-008,18,13.2,0.0,False
SKU-008-20250315,2025-03-15,SKU-008,25,13.2,0.0,False
SKU-008-20250316,2025-03-16,SKU-008,27,13.2,0.0,False
SKU-008-20250317,2025-03-17,SKU-008,20,13.2,0.0,False
SKU-008-20250318,2025-03-18,SKU-008,19,13.2,0.0,False
SKU-008-20250319,2025-03-19,SKU-008,25,13.2,0.0,False
SKU-008-20250320,2025-03-20,SKU-008,18,13.2,0.0,False
SKU-008-20250321,2025-03-21,SKU-008,30,13.2,0.0,False
SKU-008-20250322,2025-03-22,SKU-008,30,13.2,0.1,True
SKU-008-20250323,2025-03-23,SKU-008,29,13.2,0.0,False
SKU-008-20250324,2025-03-24,SKU-008,17,13.2,0.0,False
SKU-008-20250325,2025-03-25,SKU-008,23,13.2,0.0,False
SKU-008-20250326,2025-03-26,SKU-008,23,13.2,0.0,False
SKU-008-20250327,2025-03-27,SKU-008,17,13.2,0.0,False
SKU-008-20250328,2025-03-28,SKU-008,21,13.2,0.0,False
SKU-008-20250329,2025-03-29,SKU-008,36,13.2,0.0,False
SKU-008-20250330,2025-03-30,SKU-008,22,13.2,0.0,False
SKU-008-20250331,2025-03-31,SKU-008,23,13.2,0.0,False
SKU-008-20250401,2025-04-01,SKU-008,20,13.2,0.0,False
SKU-008-20250402,2025-04-02,SKU-008,17,13.2,0.0,False
SKU-008-20250403,2025-04-03,SKU-008,16,13.2,0.0,False
SKU-008-20250404,2025-04-04,SKU-008,23,13.2,0.0,False
SKU-008-20250405,2025-04-05,SKU-008,28,13.2,0.0,False
SKU-008-20250406,2025-04-06,SKU-008,21,13.2,0.0,False
SKU-008-20250407,2025-04-07,SKU-008,19,13.2,0.0,False
SKU-008-20250408,2025-04-08,SKU-008,22,13.2,0.0,False
SKU-008-20250409,2025-04-09,SKU-008,18,13.2,0.0,False
SKU-008-20250410,2025-04-10,SKU-008,27,13.2,0.0,False
SKU-008-20250411,2025-04-11,SKU-008,17,13.2,0.0,False
SKU-008-20250412,2025-04-12,SKU-008,26,13.2,0.0,False
SKU-008-20250413,2025-04-13,SKU-008,27,13.2,0.0,False
SKU-008-20250414,2025-04-14,SKU-008,18,13.2,0.0,False
SKU-008-20250415,2025-04-15,SKU-008,25,13.2,0.0,False
SKU-008-20250416,2025-04-16,SKU-008,21,13.2,0.0,False
SKU-008-20250417,2025-04-17,SKU-008,27,13.2,0.0,False
SKU-008-20250418,2025-04-18,SKU-008,23,13.2,0.0,False
SKU-008-20250419,2025-04-19,SKU-008,34,13.2,0.0,False
SKU-008-20250420,2025-04-20,SKU-008,24,13.2,0.0,False
SKU-008-20250421,2025-04-21,SKU-008,29,13.2,0.0,False
SKU-008-20250422,2025-04-22,SKU-008,29,13.2,0.0,False
SKU-008-20250423,2025-04-23,SKU-008,26,13.2,0.0,False
SKU-008-20250424,2025-04-24,SKU-008,19,13.2,0.0,False
SKU-008-20250425,2025-04-25,SKU-008,18,13.2,0.0,False
SKU-008-20250426,2025-04-26,SKU-008,20,13.2,0.0,False
SKU-008-20250427,2025-04-27,SKU-008,26,13.2,0.0,False
SKU-008-20250428,2025-04-28,SKU-008,20,13.2,0.0,False
SKU-008-20250429,2025-04-29,SKU-008,15,13.2,0.0,False
SKU-008-20250430,2025-04-30,SKU-008,22,13.2,0.0,False
SKU-008-20250501,2025-05-01,SKU-008,27,13.2,0.0,False
SKU-008-20250502,2025-05-02,SKU-008,27,13.2,0.0,False
SKU-008-20250503,2025-05-03,SKU-008,30,13.2,0.0,False
SKU-008-20250504,2025-05-04,SKU-008,24,13.2,0.0,False
SKU-008-20250505,2025-05-05,SKU-008,12,13.2,0.0,False
SKU-008-20250506,2025-05-06,SKU-008,23,13.2,0.0,False
SKU-008-20250507,2025-05-07,SKU-008,20,13.2,0.0,False
SKU-008-20250508,2025-05-08,SKU-008,19,13.2,0.0,False
SKU-008-20250509,2025-05-09,SKU-008,18,13.2,0.0,False
SKU-008-20250510,2025-05-10,SKU-008,23,13.2,0.0,False
SKU-008-20250511,2025-05-11,SKU-008,32,13.2,0.0,False
SKU-008-20250512,2025-05-12,SKU-008,19,13.2,0.0,False
SKU-008-20250513,2025-05-13,SKU-008,21,13.2,0.0,False
SKU-008-20250514,2025-05-14,SKU-008,18,13.2,0.0,False
SKU-008-20250515,2025-05-15,SKU-008,18,13.2,0.0,False
SKU-008-20250516,2025-05-16,SKU-008,20,13.2,0.0,False
SKU-008-20250517,2025-05-17,SKU-008,21,13.2,0.0,False
SKU-008-20250518,2025-05-18,SKU-008,25,13.2,0.0,False
SKU-008-20250519,2025-05-19,SKU-008,18,13.2,0.0,False
SKU-008-20250520,2025-05-20,SKU-008,20,13.2,0.0,False
SKU-008-20250521,2025-05-21,SKU-008,15,13.2,0.0,False
SKU-008-20250522,2025-05-22,SKU-008,22,13.2,0.0,False
SKU-008-20250523,2025-05-23,SKU-008,18,13.2,0.0,False
SKU-008-20250524,2025-05-24,SKU-008,31,13.2,0.0,False
SKU-008-20250525,2025-05-25,SKU-008,18,13.2,0.0,False
SKU-008-20250526,2025-05-26,SKU-008,11,13.2,0.0,False
SKU-008-20250527,2025-05-27,SKU-008,24,13.2,0.0,False
SKU-008-20250528,2025-05-28,SKU-008,15,13.2,0.0,False
SKU-008-20250529,2025-05-29,SKU-008,17,13.2,0.0,False
SKU-008-20250530,2025-05-30,SKU-008,15,13.2,0.0,False
SKU-008-20250531,2025-05-31,SKU-008,37,13.2,0.0,False
SKU-008-20250601,2025-06-01,SKU-008,24,13.2,0.0,False
SKU-008-20250602,2025-06-02,SKU-008,11,13.2,0.0,False
SKU-008-20250603,2025-06-03,SKU-008,30,13.2,0.0,False
SKU-008-20250604,2025-06-04,SKU-008,14,13.2,0.0,False
SKU-008-20250605,2025-06-05,SKU-008,28,13.2,0.0,False
SKU-008-20250606,2025-06-06,SKU-008,22,13.2,0.0,False
SKU-008-20250607,2025-06-07,SKU-008,23,13.2,0.0,False
SKU-008-20250608,2025-06-08,SKU-008,20,13.2,0.0,False
SKU-008-20250609,2025-06-09,SKU-008,24,13.2,0.0,False
SKU-008-20250610,2025-06-10,SKU-008,26,13.2,0.0,False
SKU-008-20250611,2025-06-11,SKU-008,12,13.2,0.0,False
SKU-008-20250612,2025-06-12,SKU-008,18,13.2,0.0,False
SKU-008-20250613,2025-06-13,SKU-008,16,13.2,0.0,False
SKU-008-20250614,2025-06-14,SKU-008,25,13.2,0.0,False
SKU-008-20250615,2025-06-15,SKU-008,19,13.2,0.0,False
SKU-008-20250616,2025-06-16,SKU-008,18,13.2,0.0,False
SKU-008-20250617,2025-06-17,SKU-008,13,13.2,0.0,False
SKU-008-20250618,2025-06-18,SKU-008,18,13.2,0.0,False
SKU-008-20250619,2025-06-19,SKU-008,22,13.2,0.0,False
SKU-008-20250620,2025-06-20,SKU-008,15,13.2,0.0,False
SKU-008-20250621,2025-06-21,SKU-008,29,13.2,0.0,False
SKU-008-20250622,2025-06-22,SKU-008,15,13.2,0.0,False
SKU-008-20250623,2025-06-23,SKU-008,10,13.2,0.0,False
