sku_id,date,demand
SKU-001,2024-01-01,11.0
SKU-001,2024-01-02,14.0
SKU-001,2024-01-03,19.0
SKU-001,2024-01-04,7.0
SKU-001,2024-01-05,18.0
SKU-001,2024-01-06,11.0
SKU-001,2024-01-07,11.0
SKU-001,2024-01-08,11.0
SKU-001,2024-01-09,16.0
SKU-001,2024-01-10,8.0
SKU-001,2024-01-11,11.0
SKU-001,2024-01-12,7.0
SKU-001,2024-01-13,16.0
SKU-001,2024-01-14,20.0
SKU-001,2024-01-15,16.0
SKU-001,2024-01-16,10.0
SKU-001,2024-01-17,8.0
SKU-001,2024-01-18,15.0
SKU-001,2024-01-19,15.0
SKU-001,2024-01-20,21.0
SKU-001,2024-01-21,17.0
SKU-001,2024-01-22,14.0
SKU-001,2024-01-23,17.0
SKU-001,2024-01-24,13.0
SKU-001,2024-01-25,10.0
SKU-001,2024-01-26,11.0
SKU-001,2024-01-27,21.0
SKU-001,2024-01-28,15.0
SKU-001,2024-01-29,11.0
SKU-001,2024-01-30,12.0
SKU-001,2024-01-31,18.0
SKU-001,2024-02-01,16.0
SKU-001,2024-02-02,13.0
SKU-001,2024-02-03,21.0
SKU-001,2024-02-04,19.0
SKU-001,2024-02-05,12.0
SKU-001,2024-02-06,11.0
SKU-001,2024-02-07,10.0
SKU-001,2024-02-08,5.0
SKU-001,2024-02-09,9.0
SKU-001,2024-02-10,23.0
SKU-001,2024-02-11,15.0
SKU-001,2024-02-12,12.0
SKU-001,2024-02-13,9.0
SKU-001,2024-02-14,9.0
SKU-001,2024-02-15,16.0
SKU-001,2024-02-16,11.0
SKU-001,2024-02-17,19.0
SKU-001,2024-02-18,13.0
SKU-001,2024-02-19,15.0
SKU-001,2024-02-20,15.0
SKU-001,2024-02-21,12.0
SKU-001,2024-02-22,16.0
SKU-001,2024-02-23,17.0
SKU-001,2024-02-24,11.0
SKU-001,2024-02-25,17.0
SKU-001,2024-02-26,11.0
SKU-001,2024-02-27,19.0
SKU-001,2024-02-28,11.0
SKU-001,2024-02-29,18.0
SKU-001,2024-03-01,18.0
SKU-001,2024-03-02,21.0
SKU-001,2024-03-03,19.0
SKU-001,2024-03-04,12.0
SKU-001,2024-03-05,20.0
SKU-001,2024-03-06,16.0
SKU-001,2024-03-07,11.0
SKU-001,2024-03-08,12.0
SKU-001,2024-03-09,23.0
SKU-001,2024-03-10,23.0
SKU-001,2024-03-11,10.0
SKU-001,2024-03-12,12.0
SKU-001,2024-03-13,10.0
SKU-001,2024-03-14,16.0
SKU-001,2024-03-15,18.0
SKU-001,2024-03-16,10.0
SKU-001,2024-03-17,17.0
SKU-001,2024-03-18,15.0
SKU-001,2024-03-19,15.0
SKU-001,2024-03-20,12.0
SKU-001,2024-03-21,9.0
SKU-001,2024-03-22,12.0
SKU-001,2024-03-23,15.0
SKU-001,2024-03-24,20.0
SKU-001,2024-03-25,15.0
SKU-001,2024-03-26,11.0
SKU-001,2024-03-27,11.0
SKU-001,2024-03-28,14.0
SKU-001,2024-03-29,18.0
SKU-001,2024-03-30,20.0
SKU-001,2024-03-31,18.0
SKU-001,2024-04-01,10.0
SKU-001,2024-04-02,18.0
SKU-001,2024-04-03,20.0
SKU-001,2024-04-04,14.0
SKU-001,2024-04-05,17.0
SKU-001,2024-04-06,14.0
SKU-001,2024-04-07,19.0
SKU-001,2024-04-08,10.0
SKU-001,2024-04-09,17.0
SKU-001,2024-04-10,14.0
SKU-001,2024-04-11,18.0
SKU-001,2024-04-12,14.0
SKU-001,2024-04-13,17.0
SKU-001,2024-04-14,13.0
SKU-001,2024-04-15,9.0
SKU-001,2024-04-16,12.0
SKU-001,2024-04-17,17.0
SKU-001,2024-04-18,13.0
SKU-001,2024-04-19,24.0
SKU-001,2024-04-20,8.0
SKU-001,2024-04-21,18.0
SKU-001,2024-04-22,13.0
SKU-001,2024-04-23,15.0
SKU-001,2024-04-24,8.0
SKU-001,2024-04-25,8.0
SKU-001,2024-04-26,9.0
SKU-001,2024-04-27,19.0
SKU-001,2024-04-28,18.0
SKU-001,2024-04-29,12.0
SKU-001,2024-04-30,15.0
SKU-001,2024-05-01,16.0
SKU-001,2024-05-02,11.0
SKU-001,2024-05-03,16.0
SKU-001,2024-05-04,21.0
SKU-001,2024-05-05,14.0
SKU-001,2024-05-06,14.0
SKU-001,2024-05-07,6.0
SKU-001,2024-05-08,17.0
SKU-001,2024-05-09,20.0
SKU-001,2024-05-10,11.0
SKU-001,2024-05-11,20.0
SKU-001,2024-05-12,25.0
SKU-001,2024-05-13,15.0
SKU-001,2024-05-14,12.0
SKU-001,2024-05-15,12.0
SKU-001,2024-05-16,16.0
SKU-001,2024-05-17,12.0
SKU-001,2024-05-18,17.0
SKU-001,2024-05-19,17.0
SKU-001,2024-05-20,16.0
SKU-001,2024-05-21,16.0
SKU-001,2024-05-22,10.0
SKU-001,2024-05-23,17.0
SKU-001,2024-05-24,14.0
SKU-001,2024-05-25,14.0
SKU-001,2024-05-26,11.0
SKU-001,2024-05-27,12.0
SKU-001,2024-05-28,11.0
SKU-001,2024-05-29,10.0
SKU-001,2024-05-30,13.0
SKU-001,2024-05-31,9.0
SKU-001,2024-06-01,18.0
SKU-001,2024-06-02,21.0
SKU-001,2024-06-03,14.0
SKU-001,2024-06-04,14.0
SKU-001,2024-06-05,12.0
SKU-001,2024-06-06,16.0
SKU-001,2024-06-07,13.0
SKU-001,2024-06-08,10.0
SKU-001,2024-06-09,22.0
SKU-001,2024-06-10,18.0
SKU-001,2024-06-11,15.0
SKU-001,2024-06-12,15.0
SKU-001,2024-06-13,12.0
SKU-001,2024-06-14,12.0
SKU-001,2024-06-15,13.0
SKU-001,2024-06-16,12.0
SKU-001,2024-06-17,10.0
SKU-001,2024-06-18,19.0
SKU-001,2024-06-19,6.0
SKU-001,2024-06-20,19.0
SKU-001,2024-06-21,11.0
SKU-001,2024-06-22,15.0
SKU-001,2024-06-23,13.0
SKU-001,2024-06-24,8.0
SKU-001,2024-06-25,13.0
SKU-001,2024-06-26,12.0
SKU-001,2024-06-27,16.0
SKU-001,2024-06-28,12.0
SKU-001,2024-06-29,14.0
SKU-001,2024-06-30,15.0
SKU-001,2024-07-01,13.0
SKU-001,2024-07-02,11.0
SKU-001,2024-07-03,12.0
SKU-001,2024-07-04,15.0
SKU-001,2024-07-05,9.0
SKU-001,2024-07-06,12.0
SKU-001,2024-07-07,13.0
SKU-001,2024-07-08,16.0
SKU-001,2024-07-09,10.0
SKU-001,2024-07-10,11.0
SKU-001,2024-07-11,13.0
SKU-001,2024-07-12,18.0
SKU-001,2024-07-13,8.0
SKU-001,2024-07-14,16.0
SKU-001,2024-07-15,10.0
SKU-001,2024-07-16,21.0
SKU-001,2024-07-17,11.0
SKU-001,2024-07-18,14.0
SKU-001,2024-07-19,8.0
SKU-001,2024-07-20,14.0
SKU-001,2024-07-21,12.0
SKU-001,2024-07-22,15.0
SKU-001,2024-07-23,8.0
SKU-001,2024-07-24,15.0
SKU-001,2024-07-25,7.0
SKU-001,2024-07-26,14.0
SKU-001,2024-07-27,10.0
SKU-001,2024-07-28,15.0
SKU-001,2024-07-29,14.0
SKU-001,2024-07-30,13.0
SKU-001,2024-07-31,12.0
SKU-001,2024-08-01,13.0
SKU-001,2024-08-02,13.0
SKU-001,2024-08-03,16.0
SKU-001,2024-08-04,10.0
SKU-001,2024-08-05,14.0
SKU-001,2024-08-06,13.0
SKU-001,2024-08-07,8.0
SKU-001,2024-08-08,7.0
SKU-001,2024-08-09,4.0
SKU-001,2024-08-10,12.0
SKU-001,2024-08-11,16.0
SKU-001,2024-08-12,11.0
SKU-001,2024-08-13,11.0
SKU-001,2024-08-14,16.0
SKU-001,2024-08-15,5.0
SKU-001,2024-08-16,7.0
SKU-001,2024-08-17,11.0
SKU-001,2024-08-18,11.0
SKU-001,2024-08-19,11.0
SKU-001,2024-08-20,18.0
SKU-001,2024-08-21,15.0
SKU-001,2024-08-22,12.0
SKU-001,2024-08-23,10.0
SKU-001,2024-08-24,15.0
SKU-001,2024-08-25,11.0
SKU-001,2024-08-26,14.0
SKU-001,2024-08-27,14.0
SKU-001,2024-08-28,11.0
SKU-001,2024-08-29,8.0
SKU-001,2024-08-30,10.0
SKU-001,2024-08-31,11.0
SKU-001,2024-09-01,13.0
SKU-001,2024-09-02,12.0
SKU-001,2024-09-03,10.0
SKU-001,2024-09-04,12.0
SKU-001,2024-09-05,11.0
SKU-001,2024-09-06,13.0
SKU-001,2024-09-07,6.0
SKU-001,2024-09-08,12.0
SKU-001,2024-09-09,8.0
SKU-001,2024-09-10,8.0
SKU-001,2024-09-11,11.0
SKU-001,2024-09-12,7.0
SKU-001,2024-09-13,8.0
SKU-001,2024-09-14,15.0
SKU-001,2024-09-15,12.0
SKU-001,2024-09-16,16.0
SKU-001,2024-09-17,12.0
SKU-001,2024-09-18,9.0
SKU-001,2024-09-19,9.0
SKU-001,2024-09-20,5.0
SKU-001,2024-09-21,13.0
SKU-001,2024-09-22,15.0
SKU-001,2024-09-23,11.0
SKU-001,2024-09-24,4.0
SKU-001,2024-09-25,8.0
SKU-001,2024-09-26,14.0
SKU-001,2024-09-27,10.0
SKU-001,2024-09-28,11.0
SKU-001,2024-09-29,4.0
SKU-001,2024-09-30,9.0
SKU-001,2024-10-01,12.0
SKU-001,2024-10-02,6.0
SKU-001,2024-10-03,7.0
SKU-001,2024-10-04,7.0
SKU-001,2024-10-05,14.0
SKU-001,2024-10-06,13.0
SKU-001,2024-10-07,11.0
SKU-001,2024-10-08,8.0
SKU-001,2024-10-09,13.0
SKU-001,2024-10-10,24.0
SKU-001,2024-10-11,9.0
SKU-001,2024-10-12,8.0
SKU-001,2024-10-13,7.0
SKU-001,2024-10-14,9.0
SKU-001,2024-10-15,7.0
SKU-001,2024-10-16,9.0
SKU-001,2024-10-17,11.0
SKU-001,2024-10-18,11.0
SKU-001,2024-10-19,10.0
SKU-001,2024-10-20,15.0
SKU-001,2024-10-21,7.0
SKU-001,2024-10-22,6.0
SKU-001,2024-10-23,19.0
SKU-001,2024-10-24,9.0
SKU-001,2024-10-25,8.0
SKU-001,2024-10-26,10.0
SKU-001,2024-10-27,18.0
SKU-001,2024-10-28,6.0
SKU-001,2024-10-29,9.0
SKU-001,2024-10-30,10.0
SKU-001,2024-10-31,13.0
SKU-001,2024-11-01,7.0
SKU-001,2024-11-02,14.0
SKU-001,2024-11-03,10.0
SKU-001,2024-11-04,13.0
SKU-001,2024-11-05,10.0
SKU-001,2024-11-06,9.0
SKU-001,2024-11-07,9.0
SKU-001,2024-11-08,9.0
SKU-001,2024-11-09,10.0
SKU-001,2024-11-10,9.0
SKU-001,2024-11-11,9.0
SKU-001,2024-11-12,12.0
SKU-001,2024-11-13,8.0
SKU-001,2024-11-14,10.0
SKU-001,2024-11-15,12.0
SKU-001,2024-11-16,17.0
SKU-001,2024-11-17,7.0
SKU-001,2024-11-18,9.0
SKU-001,2024-11-19,10.0
SKU-001,2024-11-20,15.0
SKU-001,2024-11-21,8.0
SKU-001,2024-11-22,7.0
SKU-001,2024-11-23,14.0
SKU-001,2024-11-24,19.0
SKU-001,2024-11-25,9.0
SKU-001,2024-11-26,16.0
SKU-001,2024-11-27,7.0
SKU-001,2024-11-28,12.0
SKU-001,2024-11-29,19.0
SKU-001,2024-11-30,12.0
SKU-001,2024-12-01,20.0
SKU-001,2024-12-02,13.0
SKU-001,2024-12-03,10.0
SKU-001,2024-12-04,13.0
SKU-001,2024-12-05,7.0
SKU-001,2024-12-06,8.0
SKU-001,2024-12-07,12.0
SKU-001,2024-12-08,11.0
SKU-001,2024-12-09,13.0
SKU-001,2024-12-10,16.0
SKU-001,2024-12-11,6.0
SKU-001,2024-12-12,8.0
SKU-001,2024-12-13,13.0
SKU-001,2024-12-14,13.0
SKU-001,2024-12-15,14.0
SKU-001,2024-12-16,10.0
SKU-001,2024-12-17,8.0
SKU-001,2024-12-18,11.0
SKU-001,2024-12-19,3.0
SKU-001,2024-12-20,9.0
SKU-001,2024-12-21,12.0
SKU-001,2024-12-22,15.0
SKU-001,2024-12-23,12.0
SKU-001,2024-12-24,19.0
SKU-001,2024-12-25,20.0
SKU-001,2024-12-26,7.0
SKU-001,2024-12-27,7.0
SKU-001,2024-12-28,11.0
SKU-001,2024-12-29,17.0
SKU-001,2024-12-30,15.0
SKU-001,2024-12-31,12.0
SKU-001,2025-01-01,13.0
SKU-001,2025-01-02,13.0
SKU-001,2025-01-03,16.0
SKU-001,2025-01-04,17.0
SKU-001,2025-01-05,17.0
SKU-001,2025-01-06,11.0
SKU-001,2025-01-07,9.0
SKU-001,2025-01-08,7.0
SKU-001,2025-01-09,18.0
SKU-001,2025-01-10,8.0
SKU-001,2025-01-11,20.0
SKU-001,2025-01-12,18.0
SKU-001,2025-01-13,11.0
SKU-001,2025-01-14,10.0
SKU-001,2025-01-15,28.0
SKU-001,2025-01-16,11.0
SKU-001,2025-01-17,5.0
SKU-001,2025-01-18,16.0
SKU-001,2025-01-19,17.0
SKU-001,2025-01-20,17.0
SKU-001,2025-01-21,9.0
SKU-001,2025-01-22,10.0
SKU-001,2025-01-23,17.0
SKU-001,2025-01-24,15.0
SKU-001,2025-01-25,19.0
SKU-001,2025-01-26,31.0
SKU-001,2025-01-27,11.0
SKU-001,2025-01-28,12.0
SKU-001,2025-01-29,11.0
SKU-001,2025-01-30,11.0
SKU-001,2025-01-31,6.0
SKU-001,2025-02-01,23.0
SKU-001,2025-02-02,20.0
SKU-001,2025-02-03,10.0
SKU-001,2025-02-04,12.0
SKU-001,2025-02-05,15.0
SKU-001,2025-02-06,10.0
SKU-001,2025-02-07,10.0
SKU-001,2025-02-08,16.0
SKU-001,2025-02-09,15.0
SKU-001,2025-02-10,24.0
SKU-001,2025-02-11,11.0
SKU-001,2025-02-12,5.0
SKU-001,2025-02-13,15.0
SKU-001,2025-02-14,13.0
SKU-001,2025-02-15,13.0
SKU-001,2025-02-16,13.0
SKU-001,2025-02-17,8.0
SKU-001,2025-02-18,5.0
SKU-001,2025-02-19,21.0
SKU-001,2025-02-20,12.0
SKU-001,2025-02-21,13.0
SKU-001,2025-02-22,14.0
SKU-001,2025-02-23,12.0
SKU-001,2025-02-24,18.0
SKU-001,2025-02-25,17.0
SKU-001,2025-02-26,6.0
SKU-001,2025-02-27,15.0
SKU-001,2025-02-28,14.0
SKU-001,2025-03-01,17.0
SKU-001,2025-03-02,19.0
SKU-001,2025-03-03,12.0
SKU-001,2025-03-04,12.0
SKU-001,2025-03-05,16.0
SKU-001,2025-03-06,16.0
SKU-001,2025-03-07,14.0
SKU-001,2025-03-08,25.0
SKU-001,2025-03-09,19.0
SKU-001,2025-03-10,12.0
SKU-001,2025-03-11,27.0
SKU-001,2025-03-12,10.0
SKU-001,2025-03-13,16.0
SKU-001,2025-03-14,13.0
SKU-001,2025-03-15,13.0
SKU-001,2025-03-16,18.0
SKU-001,2025-03-17,9.0
SKU-001,2025-03-18,15.0
SKU-001,2025-03-19,9.0
SKU-001,2025-03-20,12.0
SKU-001,2025-03-21,27.0
SKU-001,2025-03-22,18.0
SKU-001,2025-03-23,12.0
SKU-001,2025-03-24,13.0
SKU-001,2025-03-25,21.0
SKU-001,2025-03-26,18.0
SKU-001,2025-03-27,13.0
SKU-001,2025-03-28,20.0
SKU-001,2025-03-29,18.0
SKU-001,2025-03-30,20.0
SKU-001,2025-03-31,14.0
SKU-001,2025-04-01,11.0
SKU-001,2025-04-02,16.0
SKU-001,2025-04-03,14.0
SKU-001,2025-04-04,15.0
SKU-001,2025-04-05,17.0
SKU-001,2025-04-06,17.0
SKU-001,2025-04-07,13.0
SKU-001,2025-04-08,12.0
SKU-001,2025-04-09,18.0
SKU-001,2025-04-10,18.0
SKU-001,2025-04-11,9.0
SKU-001,2025-04-12,19.0
SKU-001,2025-04-13,23.0
SKU-001,2025-04-14,23.0
SKU-001,2025-04-15,21.0
SKU-001,2025-04-16,11.0
SKU-001,2025-04-17,16.0
SKU-001,2025-04-18,21.0
SKU-001,2025-04-19,13.0
SKU-001,2025-04-20,23.0
SKU-001,2025-04-21,9.0
SKU-001,2025-04-22,16.0
SKU-001,2025-04-23,15.0
SKU-001,2025-04-24,8.0
SKU-001,2025-04-25,12.0
SKU-001,2025-04-26,19.0
SKU-001,2025-04-27,21.0
SKU-001,2025-04-28,15.0
SKU-001,2025-04-29,20.0
SKU-001,2025-04-30,14.0
SKU-001,2025-05-01,10.0
SKU-001,2025-05-02,11.0
SKU-001,2025-05-03,14.0
SKU-001,2025-05-04,26.0
SKU-001,2025-05-05,15.0
SKU-001,2025-05-06,9.0
SKU-001,2025-05-07,19.0
SKU-001,2025-05-08,19.0
SKU-001,2025-05-09,8.0
SKU-001,2025-05-10,16.0
SKU-001,2025-05-11,23.0
SKU-001,2025-05-12,12.0
SKU-001,2025-05-13,15.0
SKU-001,2025-05-14,13.0
SKU-001,2025-05-15,2.0
SKU-001,2025-05-16,10.0
SKU-001,2025-05-17,22.0
SKU-001,2025-05-18,17.0
SKU-001,2025-05-19,17.0
SKU-001,2025-05-20,12.0
SKU-001,2025-05-21,17.0
SKU-001,2025-05-22,16.0
SKU-001,2025-05-23,11.0
SKU-001,2025-05-24,25.0
SKU-001,2025-05-25,20.0
SKU-001,2025-05-26,8.0
SKU-001,2025-05-27,15.0
SKU-001,2025-05-28,15.0
SKU-001,2025-05-29,12.0
SKU-001,2025-05-30,9.0
SKU-001,2025-05-31,17.0
SKU-001,2025-06-01,21.0
SKU-001,2025-06-02,19.0
SKU-001,2025-06-03,10.0
SKU-001,2025-06-04,8.0
SKU-001,2025-06-05,6.0
SKU-001,2025-06-06,11.0
SKU-001,2025-06-07,14.0
SKU-001,2025-06-08,13.0
SKU-001,2025-06-09,13.0
SKU-001,2025-06-10,13.0
SKU-001,2025-06-11,15.0
SKU-001,2025-06-12,13.0
SKU-001,2025-06-13,16.0
SKU-001,2025-06-14,18.0
SKU-001,2025-06-15,20.0
SKU-001,2025-06-16,8.0
SKU-001,2025-06-17,22.0
SKU-001,2025-06-18,8.0
SKU-001,2025-06-19,13.0
SKU-001,2025-06-20,13.0
SKU-001,2025-06-21,19.0
SKU-001,2025-06-22,23.0
SKU-001,2025-06-23,11.0
SKU-002,2024-01-01,6.0
SKU-002,2024-01-02,14.0
SKU-002,2024-01-03,16.0
SKU-002,2024-01-04,15.0
SKU-002,2024-01-05,19.0
SKU-002,2024-01-06,21.0
SKU-002,2024-01-07,26.0
SKU-002,2024-01-08,21.0
SKU-002,2024-01-09,16.0
SKU-002,2024-01-10,15.0
SKU-002,2024-01-11,13.0
SKU-002,2024-01-12,15.0
SKU-002,2024-01-13,16.0
SKU-002,2024-01-14,17.0
SKU-002,2024-01-15,16.0
SKU-002,2024-01-16,22.0
SKU-002,2024-01-17,19.0
SKU-002,2024-01-18,22.0
SKU-002,2024-01-19,24.0
SKU-002,2024-01-20,23.0
SKU-002,2024-01-21,26.0
SKU-002,2024-01-22,17.0
SKU-002,2024-01-23,15.0
SKU-002,2024-01-24,14.0
SKU-002,2024-01-25,10.0
SKU-002,2024-01-26,20.0
SKU-002,2024-01-27,23.0
SKU-002,2024-01-28,29.0
SKU-002,2024-01-29,22.0
SKU-002,2024-01-30,13.0
SKU-002,2024-01-31,12.0
SKU-002,2024-02-01,20.0
SKU-002,2024-02-02,18.0
SKU-002,2024-02-03,30.0
SKU-002,2024-02-04,23.0
SKU-002,2024-02-05,16.0
SKU-002,2024-02-06,19.0
SKU-002,2024-02-07,14.0
SKU-002,2024-02-08,23.0
SKU-002,2024-02-09,13.0
SKU-002,2024-02-10,18.0
SKU-002,2024-02-11,25.0
SKU-002,2024-02-12,20.0
SKU-002,2024-02-13,34.0
SKU-002,2024-02-14,32.0
SKU-002,2024-02-15,16.0
SKU-002,2024-02-16,23.0
SKU-002,2024-02-17,19.0
SKU-002,2024-02-18,23.0
SKU-002,2024-02-19,13.0
SKU-002,2024-02-20,22.0
SKU-002,2024-02-21,13.0
SKU-002,2024-02-22,18.0
SKU-002,2024-02-23,22.0
SKU-002,2024-02-24,24.0
SKU-002,2024-02-25,30.0
SKU-002,2024-02-26,18.0
SKU-002,2024-02-27,19.0
SKU-002,2024-02-28,17.0
SKU-002,2024-02-29,24.0
SKU-002,2024-03-01,26.0
SKU-002,2024-03-02,22.0
SKU-002,2024-03-03,15.0
SKU-002,2024-03-04,21.0
SKU-002,2024-03-05,32.0
SKU-002,2024-03-06,14.0
SKU-002,2024-03-07,25.0
SKU-002,2024-03-08,19.0
SKU-002,2024-03-09,17.0
SKU-002,2024-03-10,21.0
SKU-002,2024-03-11,18.0
SKU-002,2024-03-12,16.0
SKU-002,2024-03-13,12.0
SKU-002,2024-03-14,13.0
SKU-002,2024-03-15,17.0
SKU-002,2024-03-16,22.0
SKU-002,2024-03-17,23.0
SKU-002,2024-03-18,24.0
SKU-002,2024-03-19,20.0
SKU-002,2024-03-20,22.0
SKU-002,2024-03-21,13.0
SKU-002,2024-03-22,31.0
SKU-002,2024-03-23,19.0
SKU-002,2024-03-24,28.0
SKU-002,2024-03-25,33.0
SKU-002,2024-03-26,16.0
SKU-002,2024-03-27,34.0
SKU-002,2024-03-28,18.0
SKU-002,2024-03-29,24.0
SKU-002,2024-03-30,26.0
SKU-002,2024-03-31,29.0
SKU-002,2024-04-01,19.0
SKU-002,2024-04-02,26.0
SKU-002,2024-04-03,20.0
SKU-002,2024-04-04,16.0
SKU-002,2024-04-05,16.0
SKU-002,2024-04-06,19.0
SKU-002,2024-04-07,27.0
SKU-002,2024-04-08,23.0
SKU-002,2024-04-09,22.0
SKU-002,2024-04-10,14.0
SKU-002,2024-04-11,21.0
SKU-002,2024-04-12,15.0
SKU-002,2024-04-13,24.0
SKU-002,2024-04-14,27.0
SKU-002,2024-04-15,16.0
SKU-002,2024-04-16,27.0
SKU-002,2024-04-17,18.0
SKU-002,2024-04-18,17.0
SKU-002,2024-04-19,26.0
SKU-002,2024-04-20,32.0
SKU-002,2024-04-21,30.0
SKU-002,2024-04-22,14.0
SKU-002,2024-04-23,14.0
SKU-002,2024-04-24,18.0
SKU-002,2024-04-25,19.0
SKU-002,2024-04-26,23.0
SKU-002,2024-04-27,26.0
SKU-002,2024-04-28,22.0
SKU-002,2024-04-29,23.0
SKU-002,2024-04-30,17.0
SKU-002,2024-05-01,12.0
SKU-002,2024-05-02,30.0
SKU-002,2024-05-03,20.0
SKU-002,2024-05-04,25.0
SKU-002,2024-05-05,25.0
SKU-002,2024-05-06,20.0
SKU-002,2024-05-07,21.0
SKU-002,2024-05-08,28.0
SKU-002,2024-05-09,14.0
SKU-002,2024-05-10,20.0
SKU-002,2024-05-11,20.0
SKU-002,2024-05-12,21.0
SKU-002,2024-05-13,21.0
SKU-002,2024-05-14,16.0
SKU-002,2024-05-15,14.0
SKU-002,2024-05-16,24.0
SKU-002,2024-05-17,15.0
SKU-002,2024-05-18,25.0
SKU-002,2024-05-19,34.0
SKU-002,2024-05-20,16.0
SKU-002,2024-05-21,25.0
SKU-002,2024-05-22,16.0
SKU-002,2024-05-23,14.0
SKU-002,2024-05-24,21.0
SKU-002,2024-05-25,23.0
SKU-002,2024-05-26,27.0
SKU-002,2024-05-27,24.0
SKU-002,2024-05-28,13.0
SKU-002,2024-05-29,26.0
SKU-002,2024-05-30,23.0
SKU-002,2024-05-31,24.0
SKU-002,2024-06-01,25.0
SKU-002,2024-06-02,17.0
SKU-002,2024-06-03,10.0
SKU-002,2024-06-04,13.0
SKU-002,2024-06-05,25.0
SKU-002,2024-06-06,15.0
SKU-002,2024-06-07,18.0
SKU-002,2024-06-08,26.0
SKU-002,2024-06-09,29.0
SKU-002,2024-06-10,17.0
SKU-002,2024-06-11,23.0
SKU-002,2024-06-12,17.0
SKU-002,2024-06-13,18.0
SKU-002,2024-06-14,18.0
SKU-002,2024-06-15,26.0
SKU-002,2024-06-16,25.0
SKU-002,2024-06-17,14.0
SKU-002,2024-06-18,17.0
SKU-002,2024-06-19,15.0
SKU-002,2024-06-20,15.0
SKU-002,2024-06-21,25.0
SKU-002,2024-06-22,25.0
SKU-002,2024-06-23,21.0
SKU-002,2024-06-24,16.0
SKU-002,2024-06-25,15.0
SKU-002,2024-06-26,22.0
SKU-002,2024-06-27,21.0
SKU-002,2024-06-28,13.0
SKU-002,2024-06-29,33.0
SKU-002,2024-06-30,23.0
SKU-002,2024-07-01,10.0
SKU-002,2024-07-02,20.0
SKU-002,2024-07-03,22.0
SKU-002,2024-07-04,16.0
SKU-002,2024-07-05,14.0
SKU-002,2024-07-06,33.0
SKU-002,2024-07-07,17.0
SKU-002,2024-07-08,19.0
SKU-002,2024-07-09,14.0
SKU-002,2024-07-10,14.0
SKU-002,2024-07-11,16.0
SKU-002,2024-07-12,10.0
SKU-002,2024-07-13,27.0
SKU-002,2024-07-14,22.0
SKU-002,2024-07-15,18.0
SKU-002,2024-07-16,15.0
SKU-002,2024-07-17,16.0
SKU-002,2024-07-18,17.0
SKU-002,2024-07-19,15.0
SKU-002,2024-07-20,27.0
SKU-002,2024-07-21,25.0
SKU-002,2024-07-22,20.0
SKU-002,2024-07-23,15.0
SKU-002,2024-07-24,15.0
SKU-002,2024-07-25,19.0
SKU-002,2024-07-26,16.0
SKU-002,2024-07-27,17.0
SKU-002,2024-07-28,17.0
SKU-002,2024-07-29,10.0
SKU-002,2024-07-30,9.0
SKU-002,2024-07-31,16.0
SKU-002,2024-08-01,15.0
SKU-002,2024-08-02,14.0
SKU-002,2024-08-03,19.0
SKU-002,2024-08-04,15.0
SKU-002,2024-08-05,12.0
SKU-002,2024-08-06,10.0
SKU-002,2024-08-07,19.0
SKU-002,2024-08-08,13.0
SKU-002,2024-08-09,17.0
SKU-002,2024-08-10,17.0
SKU-002,2024-08-11,20.0
SKU-002,2024-08-12,11.0
SKU-002,2024-08-13,10.0
SKU-002,2024-08-14,23.0
SKU-002,2024-08-15,13.0
SKU-002,2024-08-16,18.0
SKU-002,2024-08-17,16.0
SKU-002,2024-08-18,15.0
SKU-002,2024-08-19,13.0
SKU-002,2024-08-20,10.0
SKU-002,2024-08-21,16.0
SKU-002,2024-08-22,12.0
SKU-002,2024-08-23,10.0
SKU-002,2024-08-24,19.0
SKU-002,2024-08-25,20.0
SKU-002,2024-08-26,10.0
SKU-002,2024-08-27,15.0
SKU-002,2024-08-28,13.0
SKU-002,2024-08-29,16.0
SKU-002,2024-08-30,18.0
SKU-002,2024-08-31,18.0
SKU-002,2024-09-01,11.0
SKU-002,2024-09-02,17.0
SKU-002,2024-09-03,20.0
SKU-002,2024-09-04,11.0
SKU-002,2024-09-05,11.0
SKU-002,2024-09-06,14.0
SKU-002,2024-09-07,19.0
SKU-002,2024-09-08,21.0
SKU-002,2024-09-09,11.0
SKU-002,2024-09-10,17.0
SKU-002,2024-09-11,12.0
SKU-002,2024-09-12,13.0
SKU-002,2024-09-13,16.0
SKU-002,2024-09-14,18.0
SKU-002,2024-09-15,11.0
SKU-002,2024-09-16,15.0
SKU-002,2024-09-17,14.0
SKU-002,2024-09-18,17.0
SKU-002,2024-09-19,14.0
SKU-002,2024-09-20,11.0
SKU-002,2024-09-21,16.0
SKU-002,2024-09-22,14.0
SKU-002,2024-09-23,10.0
SKU-002,2024-09-24,13.0
SKU-002,2024-09-25,11.0
SKU-002,2024-09-26,11.0
SKU-002,2024-09-27,19.0
SKU-002,2024-09-28,17.0
SKU-002,2024-09-29,17.0
SKU-002,2024-09-30,20.0
SKU-002,2024-10-01,19.0
SKU-002,2024-10-02,4.0
SKU-002,2024-10-03,14.0
SKU-002,2024-10-04,14.0
SKU-002,2024-10-05,22.0
SKU-002,2024-10-06,15.0
SKU-002,2024-10-07,17.0
SKU-002,2024-10-08,12.0
SKU-002,2024-10-09,20.0
SKU-002,2024-10-10,9.0
SKU-002,2024-10-11,14.0
SKU-002,2024-10-12,17.0
SKU-002,2024-10-13,20.0
SKU-002,2024-10-14,20.0
SKU-002,2024-10-15,16.0
SKU-002,2024-10-16,15.0
SKU-002,2024-10-17,11.0
SKU-002,2024-10-18,6.0
SKU-002,2024-10-19,21.0
SKU-002,2024-10-20,29.0
SKU-002,2024-10-21,8.0
SKU-002,2024-10-22,16.0
SKU-002,2024-10-23,15.0
SKU-002,2024-10-24,15.0
SKU-002,2024-10-25,11.0
SKU-002,2024-10-26,22.0
SKU-002,2024-10-27,21.0
SKU-002,2024-10-28,13.0
SKU-002,2024-10-29,18.0
SKU-002,2024-10-30,17.0
SKU-002,2024-10-31,12.0
SKU-002,2024-11-01,13.0
SKU-002,2024-11-02,13.0
SKU-002,2024-11-03,21.0
SKU-002,2024-11-04,16.0
SKU-002,2024-11-05,9.0
SKU-002,2024-11-06,22.0
SKU-002,2024-11-07,14.0
SKU-002,2024-11-08,12.0
SKU-002,2024-11-09,25.0
SKU-002,2024-11-10,15.0
SKU-002,2024-11-11,8.0
SKU-002,2024-11-12,16.0
SKU-002,2024-11-13,7.0
SKU-002,2024-11-14,13.0
SKU-002,2024-11-15,12.0
SKU-002,2024-11-16,24.0
SKU-002,2024-11-17,19.0
SKU-002,2024-11-18,13.0
SKU-002,2024-11-19,10.0
SKU-002,2024-11-20,20.0
SKU-002,2024-11-21,12.0
SKU-002,2024-11-22,15.0
SKU-002,2024-11-23,10.0
SKU-002,2024-11-24,15.0
SKU-002,2024-11-25,16.0
SKU-002,2024-11-26,18.0
SKU-002,2024-11-27,11.0
SKU-002,2024-11-28,19.0
SKU-002,2024-11-29,19.0
SKU-002,2024-11-30,26.0
SKU-002,2024-12-01,19.0
SKU-002,2024-12-02,16.0
SKU-002,2024-12-03,17.0
SKU-002,2024-12-04,8.0
SKU-002,2024-12-05,13.0
SKU-002,2024-12-06,19.0
SKU-002,2024-12-07,20.0
SKU-002,2024-12-08,13.0
SKU-002,2024-12-09,19.0
SKU-002,2024-12-10,9.0
SKU-002,2024-12-11,12.0
SKU-002,2024-12-12,20.0
SKU-002,2024-12-13,28.0
SKU-002,2024-12-14,20.0
SKU-002,2024-12-15,29.0
SKU-002,2024-12-16,10.0
SKU-002,2024-12-17,24.0
SKU-002,2024-12-18,14.0
SKU-002,2024-12-19,14.0
SKU-002,2024-12-20,17.0
SKU-002,2024-12-21,16.0
SKU-002,2024-12-22,19.0
SKU-002,2024-12-23,16.0
SKU-002,2024-12-24,20.0
SKU-002,2024-12-25,16.0
SKU-002,2024-12-26,24.0
SKU-002,2024-12-27,16.0
SKU-002,2024-12-28,22.0
SKU-002,2024-12-29,26.0
SKU-002,2024-12-30,16.0
SKU-002,2024-12-31,17.0
SKU-002,2025-01-01,16.0
SKU-002,2025-01-02,14.0
SKU-002,2025-01-03,15.0
SKU-002,2025-01-04,23.0
SKU-002,2025-01-05,13.0
SKU-002,2025-01-06,23.0
SKU-002,2025-01-07,13.0
SKU-002,2025-01-08,18.0
SKU-002,2025-01-09,13.0
SKU-002,2025-01-10,18.0
SKU-002,2025-01-11,30.0
SKU-002,2025-01-12,16.0
SKU-002,2025-01-13,20.0
SKU-002,2025-01-14,11.0
SKU-002,2025-01-15,20.0
SKU-002,2025-01-16,16.0
SKU-002,2025-01-17,18.0
SKU-002,2025-01-18,28.0
SKU-002,2025-01-19,21.0
SKU-002,2025-01-20,25.0
SKU-002,2025-01-21,8.0
SKU-002,2025-01-22,17.0
SKU-002,2025-01-23,17.0
SKU-002,2025-01-24,19.0
SKU-002,2025-01-25,21.0
SKU-002,2025-01-26,21.0
SKU-002,2025-01-27,18.0
SKU-002,2025-01-28,22.0
SKU-002,2025-01-29,20.0
SKU-002,2025-01-30,16.0
SKU-002,2025-01-31,23.0
SKU-002,2025-02-01,26.0
SKU-002,2025-02-02,18.0
SKU-002,2025-02-03,20.0
SKU-002,2025-02-04,20.0
SKU-002,2025-02-05,19.0
SKU-002,2025-02-06,28.0
SKU-002,2025-02-07,22.0
SKU-002,2025-02-08,28.0
SKU-002,2025-02-09,27.0
SKU-002,2025-02-10,21.0
SKU-002,2025-02-11,23.0
SKU-002,2025-02-12,13.0
SKU-002,2025-02-13,15.0
SKU-002,2025-02-14,12.0
SKU-002,2025-02-15,17.0
SKU-002,2025-02-16,16.0
SKU-002,2025-02-17,15.0
SKU-002,2025-02-18,18.0
SKU-002,2025-02-19,21.0
SKU-002,2025-02-20,23.0
SKU-002,2025-02-21,23.0
SKU-002,2025-02-22,21.0
SKU-002,2025-02-23,31.0
SKU-002,2025-02-24,19.0
SKU-002,2025-02-25,21.0
SKU-002,2025-02-26,25.0
SKU-002,2025-02-27,19.0
SKU-002,2025-02-28,24.0
SKU-002,2025-03-01,18.0
SKU-002,2025-03-02,24.0
SKU-002,2025-03-03,16.0
SKU-002,2025-03-04,21.0
SKU-002,2025-03-05,24.0
SKU-002,2025-03-06,21.0
SKU-002,2025-03-07,18.0
SKU-002,2025-03-08,16.0
SKU-002,2025-03-09,34.0
SKU-002,2025-03-10,10.0
SKU-002,2025-03-11,12.0
SKU-002,2025-03-12,21.0
SKU-002,2025-03-13,25.0
SKU-002,2025-03-14,29.0
SKU-002,2025-03-15,28.0
SKU-002,2025-03-16,26.0
SKU-002,2025-03-17,19.0
SKU-002,2025-03-18,22.0
SKU-002,2025-03-19,23.0
SKU-002,2025-03-20,19.0
SKU-002,2025-03-21,24.0
SKU-002,2025-03-22,21.0
SKU-002,2025-03-23,31.0
SKU-002,2025-03-24,17.0
SKU-002,2025-03-25,20.0
SKU-002,2025-03-26,20.0
SKU-002,2025-03-27,17.0
SKU-002,2025-03-28,20.0
SKU-002,2025-03-29,18.0
SKU-002,2025-03-30,19.0
SKU-002,2025-03-31,19.0
SKU-002,2025-04-01,23.0
SKU-002,2025-04-02,18.0
SKU-002,2025-04-03,19.0
SKU-002,2025-04-04,18.0
SKU-002,2025-04-05,29.0
SKU-002,2025-04-06,26.0
SKU-002,2025-04-07,17.0
SKU-002,2025-04-08,22.0
SKU-002,2025-04-09,27.0
SKU-002,2025-04-10,23.0
SKU-002,2025-04-11,24.0
SKU-002,2025-04-12,34.0
SKU-002,2025-04-13,21.0
SKU-002,2025-04-14,21.0
SKU-002,2025-04-15,24.0
SKU-002,2025-04-16,19.0
SKU-002,2025-04-17,15.0
SKU-002,2025-04-18,18.0
SKU-002,2025-04-19,24.0
SKU-002,2025-04-20,23.0
SKU-002,2025-04-21,24.0
SKU-002,2025-04-22,30.0
SKU-002,2025-04-23,20.0
SKU-002,2025-04-24,22.0
SKU-002,2025-04-25,15.0
SKU-002,2025-04-26,17.0
SKU-002,2025-04-27,21.0
SKU-002,2025-04-28,18.0
SKU-002,2025-04-29,23.0
SKU-002,2025-04-30,17.0
SKU-002,2025-05-01,21.0
SKU-002,2025-05-02,22.0
SKU-002,2025-05-03,27.0
SKU-002,2025-05-04,28.0
SKU-002,2025-05-05,20.0
SKU-002,2025-05-06,15.0
SKU-002,2025-05-07,23.0
SKU-002,2025-05-08,18.0
SKU-002,2025-05-09,21.0
SKU-002,2025-05-10,23.0
SKU-002,2025-05-11,22.0
SKU-002,2025-05-12,20.0
SKU-002,2025-05-13,18.0
SKU-002,2025-05-14,27.0
SKU-002,2025-05-15,17.0
SKU-002,2025-05-16,20.0
SKU-002,2025-05-17,30.0
SKU-002,2025-05-18,37.0
SKU-002,2025-05-19,18.0
SKU-002,2025-05-20,20.0
SKU-002,2025-05-21,19.0
SKU-002,2025-05-22,19.0
SKU-002,2025-05-23,27.0
SKU-002,2025-05-24,27.0
SKU-002,2025-05-25,33.0
SKU-002,2025-05-26,14.0
SKU-002,2025-05-27,20.0
SKU-002,2025-05-28,16.0
SKU-002,2025-05-29,16.0
SKU-002,2025-05-30,18.0
SKU-002,2025-05-31,24.0
SKU-002,2025-06-01,19.0
SKU-002,2025-06-02,15.0
SKU-002,2025-06-03,16.0
SKU-002,2025-06-04,16.0
SKU-002,2025-06-05,18.0
SKU-002,2025-06-06,12.0
SKU-002,2025-06-07,23.0
SKU-002,2025-06-08,21.0
SKU-002,2025-06-09,20.0
SKU-002,2025-06-10,28.0
SKU-002,2025-06-11,8.0
SKU-002,2025-06-12,20.0
SKU-002,2025-06-13,15.0
SKU-002,2025-06-14,26.0
SKU-002,2025-06-15,15.0
SKU-002,2025-06-16,20.0
SKU-002,2025-06-17,14.0
SKU-002,2025-06-18,15.0
SKU-002,2025-06-19,15.0
SKU-002,2025-06-20,25.0
SKU-002,2025-06-21,31.0
SKU-002,2025-06-22,29.0
SKU-002,2025-06-23,13.0
SKU-003,2024-01-01,5.0
SKU-003,2024-01-02,6.0
SKU-003,2024-01-03,8.0
SKU-003,2024-01-04,6.0
SKU-003,2024-01-05,4.0
SKU-003,2024-01-06,14.0
SKU-003,2024-01-07,10.0
SKU-003,2024-01-08,7.0
SKU-003,2024-01-09,6.0
SKU-003,2024-01-10,14.0
SKU-003,2024-01-11,8.0
SKU-003,2024-01-12,8.0
SKU-003,2024-01-13,8.0
SKU-003,2024-01-14,8.0
SKU-003,2024-01-15,8.0
SKU-003,2024-01-16,7.0
SKU-003,2024-01-17,8.0
SKU-003,2024-01-18,8.0
SKU-003,2024-01-19,12.0
SKU-003,2024-01-20,16.0
SKU-003,2024-01-21,15.0
SKU-003,2024-01-22,12.0
SKU-003,2024-01-23,9.0
SKU-003,2024-01-24,8.0
SKU-003,2024-01-25,10.0
SKU-003,2024-01-26,11.0
SKU-003,2024-01-27,12.0
SKU-003,2024-01-28,11.0
SKU-003,2024-01-29,12.0
SKU-003,2024-01-30,9.0
SKU-003,2024-01-31,13.0
SKU-003,2024-02-01,13.0
SKU-003,2024-02-02,10.0
SKU-003,2024-02-03,10.0
SKU-003,2024-02-04,18.0
SKU-003,2024-02-05,14.0
SKU-003,2024-02-06,6.0
SKU-003,2024-02-07,13.0
SKU-003,2024-02-08,13.0
SKU-003,2024-02-09,8.0
SKU-003,2024-02-10,13.0
SKU-003,2024-02-11,5.0
SKU-003,2024-02-12,8.0
SKU-003,2024-02-13,12.0
SKU-003,2024-02-14,9.0
SKU-003,2024-02-15,14.0
SKU-003,2024-02-16,10.0
SKU-003,2024-02-17,12.0
SKU-003,2024-02-18,11.0
SKU-003,2024-02-19,8.0
SKU-003,2024-02-20,10.0
SKU-003,2024-02-21,7.0
SKU-003,2024-02-22,8.0
SKU-003,2024-02-23,16.0
SKU-003,2024-02-24,15.0
SKU-003,2024-02-25,12.0
SKU-003,2024-02-26,6.0
SKU-003,2024-02-27,19.0
SKU-003,2024-02-28,8.0
SKU-003,2024-02-29,10.0
SKU-003,2024-03-01,3.0
SKU-003,2024-03-02,13.0
SKU-003,2024-03-03,17.0
SKU-003,2024-03-04,7.0
SKU-003,2024-03-05,13.0
SKU-003,2024-03-06,9.0
SKU-003,2024-03-07,5.0
SKU-003,2024-03-08,15.0
SKU-003,2024-03-09,14.0
SKU-003,2024-03-10,14.0
SKU-003,2024-03-11,10.0
SKU-003,2024-03-12,5.0
SKU-003,2024-03-13,10.0
SKU-003,2024-03-14,4.0
SKU-003,2024-03-15,7.0
SKU-003,2024-03-16,15.0
SKU-003,2024-03-17,15.0
SKU-003,2024-03-18,9.0
SKU-003,2024-03-19,18.0
SKU-003,2024-03-20,12.0
SKU-003,2024-03-21,9.0
SKU-003,2024-03-22,14.0
SKU-003,2024-03-23,9.0
SKU-003,2024-03-24,12.0
SKU-003,2024-03-25,8.0
SKU-003,2024-03-26,10.0
SKU-003,2024-03-27,12.0
SKU-003,2024-03-28,10.0
SKU-003,2024-03-29,12.0
SKU-003,2024-03-30,12.0
SKU-003,2024-03-31,8.0
SKU-003,2024-04-01,7.0
SKU-003,2024-04-02,11.0
SKU-003,2024-04-03,14.0
SKU-003,2024-04-04,12.0
SKU-003,2024-04-05,5.0
SKU-003,2024-04-06,17.0
SKU-003,2024-04-07,8.0
SKU-003,2024-04-08,15.0
SKU-003,2024-04-09,8.0
SKU-003,2024-04-10,7.0
SKU-003,2024-04-11,8.0
SKU-003,2024-04-12,13.0
SKU-003,2024-04-13,12.0
SKU-003,2024-04-14,9.0
SKU-003,2024-04-15,8.0
SKU-003,2024-04-16,11.0
SKU-003,2024-04-17,6.0
SKU-003,2024-04-18,3.0
SKU-003,2024-04-19,7.0
SKU-003,2024-04-20,11.0
SKU-003,2024-04-21,23.0
SKU-003,2024-04-22,8.0
SKU-003,2024-04-23,9.0
SKU-003,2024-04-24,9.0
SKU-003,2024-04-25,10.0
SKU-003,2024-04-26,4.0
SKU-003,2024-04-27,11.0
SKU-003,2024-04-28,12.0
SKU-003,2024-04-29,10.0
SKU-003,2024-04-30,6.0
SKU-003,2024-05-01,7.0
SKU-003,2024-05-02,9.0
SKU-003,2024-05-03,12.0
SKU-003,2024-05-04,6.0
SKU-003,2024-05-05,16.0
SKU-003,2024-05-06,8.0
SKU-003,2024-05-07,16.0
SKU-003,2024-05-08,3.0
SKU-003,2024-05-09,2.0
SKU-003,2024-05-10,9.0
SKU-003,2024-05-11,12.0
SKU-003,2024-05-12,8.0
SKU-003,2024-05-13,11.0
SKU-003,2024-05-14,13.0
SKU-003,2024-05-15,11.0
SKU-003,2024-05-16,8.0
SKU-003,2024-05-17,14.0
SKU-003,2024-05-18,18.0
SKU-003,2024-05-19,16.0
SKU-003,2024-05-20,15.0
SKU-003,2024-05-21,8.0
SKU-003,2024-05-22,4.0
SKU-003,2024-05-23,8.0
SKU-003,2024-05-24,9.0
SKU-003,2024-05-25,15.0
SKU-003,2024-05-26,12.0
SKU-003,2024-05-27,5.0
SKU-003,2024-05-28,17.0
SKU-003,2024-05-29,10.0
SKU-003,2024-05-30,10.0
SKU-003,2024-05-31,14.0
SKU-003,2024-06-01,14.0
SKU-003,2024-06-02,12.0
SKU-003,2024-06-03,6.0
SKU-003,2024-06-04,10.0
SKU-003,2024-06-05,7.0
SKU-003,2024-06-06,5.0
SKU-003,2024-06-07,10.0
SKU-003,2024-06-08,16.0
SKU-003,2024-06-09,13.0
SKU-003,2024-06-10,8.0
SKU-003,2024-06-11,7.0
SKU-003,2024-06-12,7.0
SKU-003,2024-06-13,6.0
SKU-003,2024-06-14,7.0
SKU-003,2024-06-15,17.0
SKU-003,2024-06-16,16.0
SKU-003,2024-06-17,6.0
SKU-003,2024-06-18,9.0
SKU-003,2024-06-19,10.0
SKU-003,2024-06-20,7.0
SKU-003,2024-06-21,11.0
SKU-003,2024-06-22,12.0
SKU-003,2024-06-23,8.0
SKU-003,2024-06-24,16.0
SKU-003,2024-06-25,9.0
SKU-003,2024-06-26,8.0
SKU-003,2024-06-27,8.0
SKU-003,2024-06-28,8.0
SKU-003,2024-06-29,11.0
SKU-003,2024-06-30,6.0
SKU-003,2024-07-01,7.0
SKU-003,2024-07-02,5.0
SKU-003,2024-07-03,11.0
SKU-003,2024-07-04,11.0
SKU-003,2024-07-05,9.0
SKU-003,2024-07-06,8.0
SKU-003,2024-07-07,12.0
SKU-003,2024-07-08,11.0
SKU-003,2024-07-09,11.0
SKU-003,2024-07-10,5.0
SKU-003,2024-07-11,6.0
SKU-003,2024-07-12,14.0
SKU-003,2024-07-13,16.0
SKU-003,2024-07-14,12.0
SKU-003,2024-07-15,9.0
SKU-003,2024-07-16,3.0
SKU-003,2024-07-17,8.0
SKU-003,2024-07-18,5.0
SKU-003,2024-07-19,13.0
SKU-003,2024-07-20,12.0
SKU-003,2024-07-21,10.0
SKU-003,2024-07-22,5.0
SKU-003,2024-07-23,8.0
SKU-003,2024-07-24,7.0
SKU-003,2024-07-25,4.0
SKU-003,2024-07-26,11.0
SKU-003,2024-07-27,10.0
SKU-003,2024-07-28,11.0
SKU-003,2024-07-29,3.0
SKU-003,2024-07-30,8.0
SKU-003,2024-07-31,8.0
SKU-003,2024-08-01,2.0
SKU-003,2024-08-02,5.0
SKU-003,2024-08-03,14.0
SKU-003,2024-08-04,11.0
SKU-003,2024-08-05,4.0
SKU-003,2024-08-06,6.0
SKU-003,2024-08-07,6.0
SKU-003,2024-08-08,4.0
SKU-003,2024-08-09,7.0
SKU-003,2024-08-10,12.0
SKU-003,2024-08-11,11.0
SKU-003,2024-08-12,6.0
SKU-003,2024-08-13,6.0
SKU-003,2024-08-14,11.0
SKU-003,2024-08-15,9.0
SKU-003,2024-08-16,5.0
SKU-003,2024-08-17,9.0
SKU-003,2024-08-18,13.0
SKU-003,2024-08-19,6.0
SKU-003,2024-08-20,5.0
SKU-003,2024-08-21,3.0
SKU-003,2024-08-22,9.0
SKU-003,2024-08-23,8.0
SKU-003,2024-08-24,5.0
SKU-003,2024-08-25,15.0
SKU-003,2024-08-26,3.0
SKU-003,2024-08-27,4.0
SKU-003,2024-08-28,7.0
SKU-003,2024-08-29,5.0
SKU-003,2024-08-30,9.0
SKU-003,2024-08-31,13.0
SKU-003,2024-09-01,8.0
SKU-003,2024-09-02,7.0
SKU-003,2024-09-03,9.0
SKU-003,2024-09-04,8.0
SKU-003,2024-09-05,4.0
SKU-003,2024-09-06,7.0
SKU-003,2024-09-07,17.0
SKU-003,2024-09-08,7.0
SKU-003,2024-09-09,4.0
SKU-003,2024-09-10,10.0
SKU-003,2024-09-11,5.0
SKU-003,2024-09-12,9.0
SKU-003,2024-09-13,6.0
SKU-003,2024-09-14,14.0
SKU-003,2024-09-15,6.0
SKU-003,2024-09-16,14.0
SKU-003,2024-09-17,4.0
SKU-003,2024-09-18,7.0
SKU-003,2024-09-19,5.0
SKU-003,2024-09-20,9.0
SKU-003,2024-09-21,8.0
SKU-003,2024-09-22,9.0
SKU-003,2024-09-23,9.0
SKU-003,2024-09-24,4.0
SKU-003,2024-09-25,7.0
SKU-003,2024-09-26,8.0
SKU-003,2024-09-27,11.0
SKU-003,2024-09-28,8.0
SKU-003,2024-09-29,13.0
SKU-003,2024-09-30,6.0
SKU-003,2024-10-01,7.0
SKU-003,2024-10-02,10.0
SKU-003,2024-10-03,11.0
SKU-003,2024-10-04,5.0
SKU-003,2024-10-05,15.0
SKU-003,2024-10-06,10.0
SKU-003,2024-10-07,2.0
SKU-003,2024-10-08,8.0
SKU-003,2024-10-09,7.0
SKU-003,2024-10-10,8.0
SKU-003,2024-10-11,5.0
SKU-003,2024-10-12,9.0
SKU-003,2024-10-13,13.0
SKU-003,2024-10-14,5.0
SKU-003,2024-10-15,4.0
SKU-003,2024-10-16,17.0
SKU-003,2024-10-17,9.0
SKU-003,2024-10-18,6.0
SKU-003,2024-10-19,7.0
SKU-003,2024-10-20,5.0
SKU-003,2024-10-21,8.0
SKU-003,2024-10-22,7.0
SKU-003,2024-10-23,5.0
SKU-003,2024-10-24,7.0
SKU-003,2024-10-25,6.0
SKU-003,2024-10-26,10.0
SKU-003,2024-10-27,13.0
SKU-003,2024-10-28,4.0
SKU-003,2024-10-29,4.0
SKU-003,2024-10-30,6.0
SKU-003,2024-10-31,12.0
SKU-003,2024-11-01,4.0
SKU-003,2024-11-02,7.0
SKU-003,2024-11-03,13.0
SKU-003,2024-11-04,6.0
SKU-003,2024-11-05,4.0
SKU-003,2024-11-06,8.0
SKU-003,2024-11-07,14.0
SKU-003,2024-11-08,4.0
SKU-003,2024-11-09,7.0
SKU-003,2024-11-10,6.0
SKU-003,2024-11-11,10.0
SKU-003,2024-11-12,10.0
SKU-003,2024-11-13,4.0
SKU-003,2024-11-14,4.0
SKU-003,2024-11-15,8.0
SKU-003,2024-11-16,7.0
SKU-003,2024-11-17,9.0
SKU-003,2024-11-18,10.0
SKU-003,2024-11-19,6.0
SKU-003,2024-11-20,4.0
SKU-003,2024-11-21,10.0
SKU-003,2024-11-22,6.0
SKU-003,2024-11-23,9.0
SKU-003,2024-11-24,5.0
SKU-003,2024-11-25,7.0
SKU-003,2024-11-26,6.0
SKU-003,2024-11-27,4.0
SKU-003,2024-11-28,6.0
SKU-003,2024-11-29,4.0
SKU-003,2024-11-30,8.0
SKU-003,2024-12-01,15.0
SKU-003,2024-12-02,8.0
SKU-003,2024-12-03,5.0
SKU-003,2024-12-04,4.0
SKU-003,2024-12-05,10.0
SKU-003,2024-12-06,6.0
SKU-003,2024-12-07,9.0
SKU-003,2024-12-08,12.0
SKU-003,2024-12-09,6.0
SKU-003,2024-12-10,7.0
SKU-003,2024-12-11,8.0
SKU-003,2024-12-12,10.0
SKU-003,2024-12-13,3.0
SKU-003,2024-12-14,12.0
SKU-003,2024-12-15,11.0
SKU-003,2024-12-16,10.0
SKU-003,2024-12-17,11.0
SKU-003,2024-12-18,9.0
SKU-003,2024-12-19,4.0
SKU-003,2024-12-20,5.0
SKU-003,2024-12-21,11.0
SKU-003,2024-12-22,14.0
SKU-003,2024-12-23,10.0
SKU-003,2024-12-24,12.0
SKU-003,2024-12-25,12.0
SKU-003,2024-12-26,7.0
SKU-003,2024-12-27,8.0
SKU-003,2024-12-28,18.0
SKU-003,2024-12-29,14.0
SKU-003,2024-12-30,4.0
SKU-003,2024-12-31,7.0
SKU-003,2025-01-01,11.0
SKU-003,2025-01-02,11.0
SKU-003,2025-01-03,6.0
SKU-003,2025-01-04,13.0
SKU-003,2025-01-05,9.0
SKU-003,2025-01-06,16.0
SKU-003,2025-01-07,5.0
SKU-003,2025-01-08,3.0
SKU-003,2025-01-09,5.0
SKU-003,2025-01-10,9.0
SKU-003,2025-01-11,15.0
SKU-003,2025-01-12,10.0
SKU-003,2025-01-13,7.0
SKU-003,2025-01-14,11.0
SKU-003,2025-01-15,4.0
SKU-003,2025-01-16,9.0
SKU-003,2025-01-17,9.0
SKU-003,2025-01-18,13.0
SKU-003,2025-01-19,5.0
SKU-003,2025-01-20,18.0
SKU-003,2025-01-21,10.0
SKU-003,2025-01-22,12.0
SKU-003,2025-01-23,10.0
SKU-003,2025-01-24,9.0
SKU-003,2025-01-25,11.0
SKU-003,2025-01-26,16.0
SKU-003,2025-01-27,8.0
SKU-003,2025-01-28,9.0
SKU-003,2025-01-29,7.0
SKU-003,2025-01-30,11.0
SKU-003,2025-01-31,5.0
SKU-003,2025-02-01,19.0
SKU-003,2025-02-02,13.0
SKU-003,2025-02-03,7.0
SKU-003,2025-02-04,1.0
SKU-003,2025-02-05,6.0
SKU-003,2025-02-06,12.0
SKU-003,2025-02-07,7.0
SKU-003,2025-02-08,13.0
SKU-003,2025-02-09,11.0
SKU-003,2025-02-10,11.0
SKU-003,2025-02-11,9.0
SKU-003,2025-02-12,5.0
SKU-003,2025-02-13,6.0
SKU-003,2025-02-14,10.0
SKU-003,2025-02-15,8.0
SKU-003,2025-02-16,13.0
SKU-003,2025-02-17,13.0
SKU-003,2025-02-18,6.0
SKU-003,2025-02-19,5.0
SKU-003,2025-02-20,7.0
SKU-003,2025-02-21,16.0
SKU-003,2025-02-22,10.0
SKU-003,2025-02-23,17.0
SKU-003,2025-02-24,8.0
SKU-003,2025-02-25,10.0
SKU-003,2025-02-26,12.0
SKU-003,2025-02-27,7.0
SKU-003,2025-02-28,6.0
SKU-003,2025-03-01,17.0
SKU-003,2025-03-02,16.0
SKU-003,2025-03-03,8.0
SKU-003,2025-03-04,7.0
SKU-003,2025-03-05,4.0
SKU-003,2025-03-06,5.0
SKU-003,2025-03-07,6.0
SKU-003,2025-03-08,14.0
SKU-003,2025-03-09,9.0
SKU-003,2025-03-10,10.0
SKU-003,2025-03-11,11.0
SKU-003,2025-03-12,9.0
SKU-003,2025-03-13,13.0
SKU-003,2025-03-14,7.0
SKU-003,2025-03-15,11.0
SKU-003,2025-03-16,11.0
SKU-003,2025-03-17,10.0
SKU-003,2025-03-18,10.0
SKU-003,2025-03-19,14.0
SKU-003,2025-03-20,14.0
SKU-003,2025-03-21,5.0
SKU-003,2025-03-22,16.0
SKU-003,2025-03-23,14.0
SKU-003,2025-03-24,12.0
SKU-003,2025-03-25,10.0
SKU-003,2025-03-26,5.0
SKU-003,2025-03-27,9.0
SKU-003,2025-03-28,13.0
SKU-003,2025-03-29,14.0
SKU-003,2025-03-30,18.0
SKU-003,2025-03-31,10.0
SKU-003,2025-04-01,8.0
SKU-003,2025-04-02,9.0
SKU-003,2025-04-03,10.0
SKU-003,2025-04-04,5.0
SKU-003,2025-04-05,16.0
SKU-003,2025-04-06,8.0
SKU-003,2025-04-07,13.0
SKU-003,2025-04-08,10.0
SKU-003,2025-04-09,9.0
SKU-003,2025-04-10,11.0
SKU-003,2025-04-11,9.0
SKU-003,2025-04-12,10.0
SKU-003,2025-04-13,6.0
SKU-003,2025-04-14,7.0
SKU-003,2025-04-15,8.0
SKU-003,2025-04-16,14.0
SKU-003,2025-04-17,13.0
SKU-003,2025-04-18,7.0
SKU-003,2025-04-19,5.0
SKU-003,2025-04-20,9.0
SKU-003,2025-04-21,13.0
SKU-003,2025-04-22,10.0
SKU-003,2025-04-23,9.0
SKU-003,2025-04-24,7.0
SKU-003,2025-04-25,3.0
SKU-003,2025-04-26,23.0
SKU-003,2025-04-27,11.0
SKU-003,2025-04-28,7.0
SKU-003,2025-04-29,8.0
SKU-003,2025-04-30,9.0
SKU-003,2025-05-01,10.0
SKU-003,2025-05-02,8.0
SKU-003,2025-05-03,11.0
SKU-003,2025-05-04,19.0
SKU-003,2025-05-05,11.0
SKU-003,2025-05-06,16.0
SKU-003,2025-05-07,7.0
SKU-003,2025-05-08,10.0
SKU-003,2025-05-09,12.0
SKU-003,2025-05-10,9.0
SKU-003,2025-05-11,14.0
SKU-003,2025-05-12,8.0
SKU-003,2025-05-13,10.0
SKU-003,2025-05-14,14.0
SKU-003,2025-05-15,6.0
SKU-003,2025-05-16,10.0
SKU-003,2025-05-17,12.0
SKU-003,2025-05-18,11.0
SKU-003,2025-05-19,9.0
SKU-003,2025-05-20,17.0
SKU-003,2025-05-21,8.0
SKU-003,2025-05-22,9.0
SKU-003,2025-05-23,12.0
SKU-003,2025-05-24,16.0
SKU-003,2025-05-25,24.0
SKU-003,2025-05-26,11.0
SKU-003,2025-05-27,14.0
SKU-003,2025-05-28,8.0
SKU-003,2025-05-29,12.0
SKU-003,2025-05-30,7.0
SKU-003,2025-05-31,13.0
SKU-003,2025-06-01,14.0
SKU-003,2025-06-02,11.0
SKU-003,2025-06-03,9.0
SKU-003,2025-06-04,8.0
SKU-003,2025-06-05,12.0
SKU-003,2025-06-06,8.0
SKU-003,2025-06-07,7.0
SKU-003,2025-06-08,4.0
SKU-003,2025-06-09,7.0
SKU-003,2025-06-10,12.0
SKU-003,2025-06-11,9.0
SKU-003,2025-06-12,11.0
SKU-003,2025-06-13,8.0
SKU-003,2025-06-14,10.0
SKU-003,2025-06-15,11.0
SKU-003,2025-06-16,5.0
SKU-003,2025-06-17,7.0
SKU-003,2025-06-18,4.0
SKU-003,2025-06-19,4.0
SKU-003,2025-06-20,9.0
SKU-003,2025-06-21,13.0
SKU-003,2025-06-22,10.0
SKU-003,2025-06-23,7.0
SKU-004,2024-01-01,5.0
SKU-004,2024-01-02,5.0
SKU-004,2024-01-03,2.0
SKU-004,2024-01-04,3.0
SKU-004,2024-01-05,5.0
SKU-004,2024-01-06,13.0
SKU-004,2024-01-07,7.0
SKU-004,2024-01-08,9.0
SKU-004,2024-01-09,3.0
SKU-004,2024-01-10,13.0
SKU-004,2024-01-11,4.0
SKU-004,2024-01-12,13.0
SKU-004,2024-01-13,4.0
SKU-004,2024-01-14,2.0
SKU-004,2024-01-15,8.0
SKU-004,2024-01-16,9.0
SKU-004,2024-01-17,9.0
SKU-004,2024-01-18,9.0
SKU-004,2024-01-19,5.0
SKU-004,2024-01-20,4.0
SKU-004,2024-01-21,12.0
SKU-004,2024-01-22,7.0
SKU-004,2024-01-23,5.0
SKU-004,2024-01-24,7.0
SKU-004,2024-01-25,10.0
SKU-004,2024-01-26,5.0
SKU-004,2024-01-27,6.0
SKU-004,2024-01-28,10.0
SKU-004,2024-01-29,10.0
SKU-004,2024-01-30,10.0
SKU-004,2024-01-31,5.0
SKU-004,2024-02-01,8.0
SKU-004,2024-02-02,8.0
SKU-004,2024-02-03,8.0
SKU-004,2024-02-04,12.0
SKU-004,2024-02-05,7.0
SKU-004,2024-02-06,0.0
SKU-004,2024-02-07,7.0
SKU-004,2024-02-08,8.0
SKU-004,2024-02-09,5.0
SKU-004,2024-02-10,13.0
SKU-004,2024-02-11,6.0
SKU-004,2024-02-12,5.0
SKU-004,2024-02-13,5.0
SKU-004,2024-02-14,5.0
SKU-004,2024-02-15,5.0
SKU-004,2024-02-16,4.0
SKU-004,2024-02-17,14.0
SKU-004,2024-02-18,7.0
SKU-004,2024-02-19,5.0
SKU-004,2024-02-20,11.0
SKU-004,2024-02-21,2.0
SKU-004,2024-02-22,9.0
SKU-004,2024-02-23,8.0
SKU-004,2024-02-24,11.0
SKU-004,2024-02-25,10.0
SKU-004,2024-02-26,11.0
SKU-004,2024-02-27,9.0
SKU-004,2024-02-28,7.0
SKU-004,2024-02-29,6.0
SKU-004,2024-03-01,10.0
SKU-004,2024-03-02,8.0
SKU-004,2024-03-03,11.0
SKU-004,2024-03-04,9.0
SKU-004,2024-03-05,6.0
SKU-004,2024-03-06,1.0
SKU-004,2024-03-07,8.0
SKU-004,2024-03-08,8.0
SKU-004,2024-03-09,5.0
SKU-004,2024-03-10,10.0
SKU-004,2024-03-11,3.0
SKU-004,2024-03-12,7.0
SKU-004,2024-03-13,5.0
SKU-004,2024-03-14,9.0
SKU-004,2024-03-15,10.0
SKU-004,2024-03-16,4.0
SKU-004,2024-03-17,8.0
SKU-004,2024-03-18,5.0
SKU-004,2024-03-19,10.0
SKU-004,2024-03-20,8.0
SKU-004,2024-03-21,5.0
SKU-004,2024-03-22,9.0
SKU-004,2024-03-23,17.0
SKU-004,2024-03-24,11.0
SKU-004,2024-03-25,8.0
SKU-004,2024-03-26,7.0
SKU-004,2024-03-27,6.0
SKU-004,2024-03-28,10.0
SKU-004,2024-03-29,13.0
SKU-004,2024-03-30,4.0
SKU-004,2024-03-31,4.0
SKU-004,2024-04-01,7.0
SKU-004,2024-04-02,10.0
SKU-004,2024-04-03,9.0
SKU-004,2024-04-04,8.0
SKU-004,2024-04-05,9.0
SKU-004,2024-04-06,16.0
SKU-004,2024-04-07,10.0
SKU-004,2024-04-08,9.0
SKU-004,2024-04-09,3.0
SKU-004,2024-04-10,7.0
SKU-004,2024-04-11,7.0
SKU-004,2024-04-12,11.0
SKU-004,2024-04-13,9.0
SKU-004,2024-04-14,8.0
SKU-004,2024-04-15,9.0
SKU-004,2024-04-16,11.0
SKU-004,2024-04-17,6.0
SKU-004,2024-04-18,6.0
SKU-004,2024-04-19,8.0
SKU-004,2024-04-20,11.0
SKU-004,2024-04-21,7.0
SKU-004,2024-04-22,8.0
SKU-004,2024-04-23,13.0
SKU-004,2024-04-24,9.0
SKU-004,2024-04-25,9.0
SKU-004,2024-04-26,5.0
SKU-004,2024-04-27,13.0
SKU-004,2024-04-28,13.0
SKU-004,2024-04-29,5.0
SKU-004,2024-04-30,8.0
SKU-004,2024-05-01,10.0
SKU-004,2024-05-02,7.0
SKU-004,2024-05-03,7.0
SKU-004,2024-05-04,12.0
SKU-004,2024-05-05,9.0
SKU-004,2024-05-06,7.0
SKU-004,2024-05-07,7.0
SKU-004,2024-05-08,11.0
SKU-004,2024-05-09,17.0
SKU-004,2024-05-10,5.0
SKU-004,2024-05-11,6.0
SKU-004,2024-05-12,12.0
SKU-004,2024-05-13,9.0
SKU-004,2024-05-14,9.0
SKU-004,2024-05-15,10.0
SKU-004,2024-05-16,5.0
SKU-004,2024-05-17,7.0
SKU-004,2024-05-18,10.0
SKU-004,2024-05-19,7.0
SKU-004,2024-05-20,9.0
SKU-004,2024-05-21,4.0
SKU-004,2024-05-22,9.0
SKU-004,2024-05-23,3.0
SKU-004,2024-05-24,7.0
SKU-004,2024-05-25,10.0
SKU-004,2024-05-26,10.0
SKU-004,2024-05-27,5.0
SKU-004,2024-05-28,7.0
SKU-004,2024-05-29,5.0
SKU-004,2024-05-30,9.0
SKU-004,2024-05-31,12.0
SKU-004,2024-06-01,8.0
SKU-004,2024-06-02,6.0
SKU-004,2024-06-03,7.0
SKU-004,2024-06-04,6.0
SKU-004,2024-06-05,14.0
SKU-004,2024-06-06,13.0
SKU-004,2024-06-07,7.0
SKU-004,2024-06-08,7.0
SKU-004,2024-06-09,8.0
SKU-004,2024-06-10,3.0
SKU-004,2024-06-11,6.0
SKU-004,2024-06-12,4.0
SKU-004,2024-06-13,9.0
SKU-004,2024-06-14,8.0
SKU-004,2024-06-15,8.0
SKU-004,2024-06-16,6.0
SKU-004,2024-06-17,7.0
SKU-004,2024-06-18,5.0
SKU-004,2024-06-19,5.0
SKU-004,2024-06-20,7.0
SKU-004,2024-06-21,5.0
SKU-004,2024-06-22,8.0
SKU-004,2024-06-23,12.0
SKU-004,2024-06-24,9.0
SKU-004,2024-06-25,6.0
SKU-004,2024-06-26,7.0
SKU-004,2024-06-27,4.0
SKU-004,2024-06-28,5.0
SKU-004,2024-06-29,12.0
SKU-004,2024-06-30,9.0
SKU-004,2024-07-01,7.0
SKU-004,2024-07-02,5.0
SKU-004,2024-07-03,8.0
SKU-004,2024-07-04,6.0
SKU-004,2024-07-05,6.0
SKU-004,2024-07-06,11.0
SKU-004,2024-07-07,4.0
SKU-004,2024-07-08,11.0
SKU-004,2024-07-09,3.0
SKU-004,2024-07-10,11.0
SKU-004,2024-07-11,7.0
SKU-004,2024-07-12,7.0
SKU-004,2024-07-13,6.0
SKU-004,2024-07-14,9.0
SKU-004,2024-07-15,5.0
SKU-004,2024-07-16,9.0
SKU-004,2024-07-17,3.0
SKU-004,2024-07-18,4.0
SKU-004,2024-07-19,10.0
SKU-004,2024-07-20,6.0
SKU-004,2024-07-21,7.0
SKU-004,2024-07-22,7.0
SKU-004,2024-07-23,1.0
SKU-004,2024-07-24,6.0
SKU-004,2024-07-25,4.0
SKU-004,2024-07-26,6.0
SKU-004,2024-07-27,5.0
SKU-004,2024-07-28,7.0
SKU-004,2024-07-29,5.0
SKU-004,2024-07-30,4.0
SKU-004,2024-07-31,5.0
SKU-004,2024-08-01,7.0
SKU-004,2024-08-02,4.0
SKU-004,2024-08-03,6.0
SKU-004,2024-08-04,11.0
SKU-004,2024-08-05,3.0
SKU-004,2024-08-06,7.0
SKU-004,2024-08-07,9.0
SKU-004,2024-08-08,6.0
SKU-004,2024-08-09,3.0
SKU-004,2024-08-10,3.0
SKU-004,2024-08-11,5.0
SKU-004,2024-08-12,7.0
SKU-004,2024-08-13,5.0
SKU-004,2024-08-14,5.0
SKU-004,2024-08-15,2.0
SKU-004,2024-08-16,7.0
SKU-004,2024-08-17,9.0
SKU-004,2024-08-18,7.0
SKU-004,2024-08-19,2.0
SKU-004,2024-08-20,6.0
SKU-004,2024-08-21,9.0
SKU-004,2024-08-22,6.0
SKU-004,2024-08-23,3.0
SKU-004,2024-08-24,4.0
SKU-004,2024-08-25,5.0
SKU-004,2024-08-26,4.0
SKU-004,2024-08-27,2.0
SKU-004,2024-08-28,10.0
SKU-004,2024-08-29,1.0
SKU-004,2024-08-30,7.0
SKU-004,2024-08-31,4.0
SKU-004,2024-09-01,6.0
SKU-004,2024-09-02,6.0
SKU-004,2024-09-03,7.0
SKU-004,2024-09-04,6.0
SKU-004,2024-09-05,4.0
SKU-004,2024-09-06,7.0
SKU-004,2024-09-07,12.0
SKU-004,2024-09-08,7.0
SKU-004,2024-09-09,3.0
SKU-004,2024-09-10,7.0
SKU-004,2024-09-11,4.0
SKU-004,2024-09-12,5.0
SKU-004,2024-09-13,8.0
SKU-004,2024-09-14,7.0
SKU-004,2024-09-15,9.0
SKU-004,2024-09-16,4.0
SKU-004,2024-09-17,4.0
SKU-004,2024-09-18,6.0
SKU-004,2024-09-19,1.0
SKU-004,2024-09-20,5.0
SKU-004,2024-09-21,3.0
SKU-004,2024-09-22,11.0
SKU-004,2024-09-23,6.0
SKU-004,2024-09-24,4.0
SKU-004,2024-09-25,7.0
SKU-004,2024-09-26,4.0
SKU-004,2024-09-27,4.0
SKU-004,2024-09-28,6.0
SKU-004,2024-09-29,6.0
SKU-004,2024-09-30,3.0
SKU-004,2024-10-01,6.0
SKU-004,2024-10-02,6.0
SKU-004,2024-10-03,3.0
SKU-004,2024-10-04,6.0
SKU-004,2024-10-05,8.0
SKU-004,2024-10-06,10.0
SKU-004,2024-10-07,6.0
SKU-004,2024-10-08,5.0
SKU-004,2024-10-09,10.0
SKU-004,2024-10-10,4.0
SKU-004,2024-10-11,3.0
SKU-004,2024-10-12,2.0
SKU-004,2024-10-13,9.0
SKU-004,2024-10-14,1.0
SKU-004,2024-10-15,5.0
SKU-004,2024-10-16,3.0
SKU-004,2024-10-17,3.0
SKU-004,2024-10-18,8.0
SKU-004,2024-10-19,11.0
SKU-004,2024-10-20,10.0
SKU-004,2024-10-21,7.0
SKU-004,2024-10-22,7.0
SKU-004,2024-10-23,4.0
SKU-004,2024-10-24,6.0
SKU-004,2024-10-25,7.0
SKU-004,2024-10-26,16.0
SKU-004,2024-10-27,3.0
SKU-004,2024-10-28,5.0
SKU-004,2024-10-29,7.0
SKU-004,2024-10-30,6.0
SKU-004,2024-10-31,4.0
SKU-004,2024-11-01,4.0
SKU-004,2024-11-02,5.0
SKU-004,2024-11-03,6.0
SKU-004,2024-11-04,10.0
SKU-004,2024-11-05,8.0
SKU-004,2024-11-06,5.0
SKU-004,2024-11-07,4.0
SKU-004,2024-11-08,6.0
SKU-004,2024-11-09,8.0
SKU-004,2024-11-10,8.0
SKU-004,2024-11-11,10.0
SKU-004,2024-11-12,2.0
SKU-004,2024-11-13,5.0
SKU-004,2024-11-14,4.0
SKU-004,2024-11-15,6.0
SKU-004,2024-11-16,11.0
SKU-004,2024-11-17,6.0
SKU-004,2024-11-18,8.0
SKU-004,2024-11-19,8.0
SKU-004,2024-11-20,3.0
SKU-004,2024-11-21,4.0
SKU-004,2024-11-22,4.0
SKU-004,2024-11-23,9.0
SKU-004,2024-11-24,11.0
SKU-004,2024-11-25,5.0
SKU-004,2024-11-26,4.0
SKU-004,2024-11-27,6.0
SKU-004,2024-11-28,2.0
SKU-004,2024-11-29,2.0
SKU-004,2024-11-30,6.0
SKU-004,2024-12-01,4.0
SKU-004,2024-12-02,9.0
SKU-004,2024-12-03,7.0
SKU-004,2024-12-04,6.0
SKU-004,2024-12-05,7.0
SKU-004,2024-12-06,4.0
SKU-004,2024-12-07,8.0
SKU-004,2024-12-08,5.0
SKU-004,2024-12-09,8.0
SKU-004,2024-12-10,8.0
SKU-004,2024-12-11,6.0
SKU-004,2024-12-12,14.0
SKU-004,2024-12-13,10.0
SKU-004,2024-12-14,9.0
SKU-004,2024-12-15,8.0
SKU-004,2024-12-16,7.0
SKU-004,2024-12-17,7.0
SKU-004,2024-12-18,12.0
SKU-004,2024-12-19,5.0
SKU-004,2024-12-20,4.0
SKU-004,2024-12-21,11.0
SKU-004,2024-12-22,9.0
SKU-004,2024-12-23,6.0
SKU-004,2024-12-24,9.0
SKU-004,2024-12-25,10.0
SKU-004,2024-12-26,7.0
SKU-004,2024-12-27,8.0
SKU-004,2024-12-28,8.0
SKU-004,2024-12-29,8.0
SKU-004,2024-12-30,7.0
SKU-004,2024-12-31,5.0
SKU-004,2025-01-01,10.0
SKU-004,2025-01-02,7.0
SKU-004,2025-01-03,4.0
SKU-004,2025-01-04,2.0
SKU-004,2025-01-05,6.0
SKU-004,2025-01-06,4.0
SKU-004,2025-01-07,10.0
SKU-004,2025-01-08,6.0
SKU-004,2025-01-09,10.0
SKU-004,2025-01-10,7.0
SKU-004,2025-01-11,8.0
SKU-004,2025-01-12,8.0
SKU-004,2025-01-13,7.0
SKU-004,2025-01-14,10.0
SKU-004,2025-01-15,6.0
SKU-004,2025-01-16,10.0
SKU-004,2025-01-17,7.0
SKU-004,2025-01-18,6.0
SKU-004,2025-01-19,6.0
SKU-004,2025-01-20,10.0
SKU-004,2025-01-21,9.0
SKU-004,2025-01-22,12.0
SKU-004,2025-01-23,10.0
SKU-004,2025-01-24,4.0
SKU-004,2025-01-25,12.0
SKU-004,2025-01-26,9.0
SKU-004,2025-01-27,7.0
SKU-004,2025-01-28,4.0
SKU-004,2025-01-29,4.0
SKU-004,2025-01-30,12.0
SKU-004,2025-01-31,6.0
SKU-004,2025-02-01,5.0
SKU-004,2025-02-02,12.0
SKU-004,2025-02-03,13.0
SKU-004,2025-02-04,6.0
SKU-004,2025-02-05,6.0
SKU-004,2025-02-06,9.0
SKU-004,2025-02-07,11.0
SKU-004,2025-02-08,7.0
SKU-004,2025-02-09,5.0
SKU-004,2025-02-10,6.0
SKU-004,2025-02-11,13.0
SKU-004,2025-02-12,8.0
SKU-004,2025-02-13,8.0
SKU-004,2025-02-14,11.0
SKU-004,2025-02-15,11.0
SKU-004,2025-02-16,13.0
SKU-004,2025-02-17,2.0
SKU-004,2025-02-18,9.0
SKU-004,2025-02-19,7.0
SKU-004,2025-02-20,11.0
SKU-004,2025-02-21,5.0
SKU-004,2025-02-22,11.0
SKU-004,2025-02-23,15.0
SKU-004,2025-02-24,9.0
SKU-004,2025-02-25,5.0
SKU-004,2025-02-26,6.0
SKU-004,2025-02-27,9.0
SKU-004,2025-02-28,10.0
SKU-004,2025-03-01,6.0
SKU-004,2025-03-02,8.0
SKU-004,2025-03-03,5.0
SKU-004,2025-03-04,17.0
SKU-004,2025-03-05,9.0
SKU-004,2025-03-06,8.0
SKU-004,2025-03-07,9.0
SKU-004,2025-03-08,7.0
SKU-004,2025-03-09,11.0
SKU-004,2025-03-10,15.0
SKU-004,2025-03-11,12.0
SKU-004,2025-03-12,4.0
SKU-004,2025-03-13,9.0
SKU-004,2025-03-14,7.0
SKU-004,2025-03-15,11.0
SKU-004,2025-03-16,9.0
SKU-004,2025-03-17,10.0
SKU-004,2025-03-18,6.0
SKU-004,2025-03-19,7.0
SKU-004,2025-03-20,6.0
SKU-004,2025-03-21,7.0
SKU-004,2025-03-22,14.0
SKU-004,2025-03-23,8.0
SKU-004,2025-03-24,9.0
SKU-004,2025-03-25,7.0
SKU-004,2025-03-26,4.0
SKU-004,2025-03-27,6.0
SKU-004,2025-03-28,11.0
SKU-004,2025-03-29,8.0
SKU-004,2025-03-30,11.0
SKU-004,2025-03-31,9.0
SKU-004,2025-04-01,6.0
SKU-004,2025-04-02,5.0
SKU-004,2025-04-03,3.0
SKU-004,2025-04-04,6.0
SKU-004,2025-04-05,7.0
SKU-004,2025-04-06,8.0
SKU-004,2025-04-07,9.0
SKU-004,2025-04-08,10.0
SKU-004,2025-04-09,6.0
SKU-004,2025-04-10,6.0
SKU-004,2025-04-11,7.0
SKU-004,2025-04-12,12.0
SKU-004,2025-04-13,10.0
SKU-004,2025-04-14,7.0
SKU-004,2025-04-15,7.0
SKU-004,2025-04-16,8.0
SKU-004,2025-04-17,5.0
SKU-004,2025-04-18,10.0
SKU-004,2025-04-19,16.0
SKU-004,2025-04-20,5.0
SKU-004,2025-04-21,9.0
SKU-004,2025-04-22,15.0
SKU-004,2025-04-23,8.0
SKU-004,2025-04-24,6.0
SKU-004,2025-04-25,9.0
SKU-004,2025-04-26,9.0
SKU-004,2025-04-27,3.0
SKU-004,2025-04-28,3.0
SKU-004,2025-04-29,7.0
SKU-004,2025-04-30,8.0
SKU-004,2025-05-01,5.0
SKU-004,2025-05-02,7.0
SKU-004,2025-05-03,8.0
SKU-004,2025-05-04,11.0
SKU-004,2025-05-05,7.0
SKU-004,2025-05-06,4.0
SKU-004,2025-05-07,7.0
SKU-004,2025-05-08,6.0
SKU-004,2025-05-09,8.0
SKU-004,2025-05-10,10.0
SKU-004,2025-05-11,10.0
SKU-004,2025-05-12,7.0
SKU-004,2025-05-13,16.0
SKU-004,2025-05-14,7.0
SKU-004,2025-05-15,13.0
SKU-004,2025-05-16,6.0
SKU-004,2025-05-17,10.0
SKU-004,2025-05-18,14.0
SKU-004,2025-05-19,11.0
SKU-004,2025-05-20,7.0
SKU-004,2025-05-21,8.0
SKU-004,2025-05-22,5.0
SKU-004,2025-05-23,11.0
SKU-004,2025-05-24,5.0
SKU-004,2025-05-25,5.0
SKU-004,2025-05-26,7.0
SKU-004,2025-05-27,9.0
SKU-004,2025-05-28,7.0
SKU-004,2025-05-29,8.0
SKU-004,2025-05-30,2.0
SKU-004,2025-05-31,8.0
SKU-004,2025-06-01,6.0
SKU-004,2025-06-02,5.0
SKU-004,2025-06-03,3.0
SKU-004,2025-06-04,8.0
SKU-004,2025-06-05,4.0
SKU-004,2025-06-06,8.0
SKU-004,2025-06-07,8.0
SKU-004,2025-06-08,13.0
SKU-004,2025-06-09,7.0
SKU-004,2025-06-10,4.0
SKU-004,2025-06-11,8.0
SKU-004,2025-06-12,5.0
SKU-004,2025-06-13,4.0
SKU-004,2025-06-14,8.0
SKU-004,2025-06-15,11.0
SKU-004,2025-06-16,5.0
SKU-004,2025-06-17,8.0
SKU-004,2025-06-18,8.0
SKU-004,2025-06-19,4.0
SKU-004,2025-06-20,4.0
SKU-004,2025-06-21,6.0
SKU-004,2025-06-22,10.0
SKU-004,2025-06-23,4.0
SKU-005,2024-01-01,31.0
SKU-005,2024-01-02,23.0
SKU-005,2024-01-03,20.0
SKU-005,2024-01-04,25.0
SKU-005,2024-01-05,27.0
SKU-005,2024-01-06,32.0
SKU-005,2024-01-07,36.0
SKU-005,2024-01-08,31.0
SKU-005,2024-01-09,16.0
SKU-005,2024-01-10,28.0
SKU-005,2024-01-11,26.0
SKU-005,2024-01-12,25.0
SKU-005,2024-01-13,34.0
SKU-005,2024-01-14,32.0
SKU-005,2024-01-15,31.0
SKU-005,2024-01-16,22.0
SKU-005,2024-01-17,40.0
SKU-005,2024-01-18,24.0
SKU-005,2024-01-19,32.0
SKU-005,2024-01-20,20.0
SKU-005,2024-01-21,33.0
SKU-005,2024-01-22,28.0
SKU-005,2024-01-23,34.0
SKU-005,2024-01-24,19.0
SKU-005,2024-01-25,22.0
SKU-005,2024-01-26,28.0
SKU-005,2024-01-27,23.0
SKU-005,2024-01-28,38.0
SKU-005,2024-01-29,27.0
SKU-005,2024-01-30,24.0
SKU-005,2024-01-31,22.0
SKU-005,2024-02-01,22.0
SKU-005,2024-02-02,17.0
SKU-005,2024-02-03,27.0
SKU-005,2024-02-04,28.0
SKU-005,2024-02-05,31.0
SKU-005,2024-02-06,28.0
SKU-005,2024-02-07,31.0
SKU-005,2024-02-08,25.0
SKU-005,2024-02-09,20.0
SKU-005,2024-02-10,35.0
SKU-005,2024-02-11,35.0
SKU-005,2024-02-12,25.0
SKU-005,2024-02-13,29.0
SKU-005,2024-02-14,24.0
SKU-005,2024-02-15,21.0
SKU-005,2024-02-16,39.0
SKU-005,2024-02-17,29.0
SKU-005,2024-02-18,41.0
SKU-005,2024-02-19,31.0
SKU-005,2024-02-20,17.0
SKU-005,2024-02-21,35.0
SKU-005,2024-02-22,30.0
SKU-005,2024-02-23,29.0
SKU-005,2024-02-24,38.0
SKU-005,2024-02-25,39.0
SKU-005,2024-02-26,28.0
SKU-005,2024-02-27,18.0
SKU-005,2024-02-28,31.0
SKU-005,2024-02-29,39.0
SKU-005,2024-03-01,30.0
SKU-005,2024-03-02,41.0
SKU-005,2024-03-03,36.0
SKU-005,2024-03-04,32.0
SKU-005,2024-03-05,34.0
SKU-005,2024-03-06,24.0
SKU-005,2024-03-07,30.0
SKU-005,2024-03-08,32.0
SKU-005,2024-03-09,37.0
SKU-005,2024-03-10,45.0
SKU-005,2024-03-11,23.0
SKU-005,2024-03-12,16.0
SKU-005,2024-03-13,27.0
SKU-005,2024-03-14,22.0
SKU-005,2024-03-15,23.0
SKU-005,2024-03-16,31.0
SKU-005,2024-03-17,34.0
SKU-005,2024-03-18,26.0
SKU-005,2024-03-19,28.0
SKU-005,2024-03-20,29.0
SKU-005,2024-03-21,23.0
SKU-005,2024-03-22,29.0
SKU-005,2024-03-23,34.0
SKU-005,2024-03-24,38.0
SKU-005,2024-03-25,35.0
SKU-005,2024-03-26,24.0
SKU-005,2024-03-27,35.0
SKU-005,2024-03-28,39.0
SKU-005,2024-03-29,38.0
SKU-005,2024-03-30,38.0
SKU-005,2024-03-31,34.0
SKU-005,2024-04-01,34.0
SKU-005,2024-04-02,24.0
SKU-005,2024-04-03,33.0
SKU-005,2024-04-04,39.0
SKU-005,2024-04-05,23.0
SKU-005,2024-04-06,43.0
SKU-005,2024-04-07,33.0
SKU-005,2024-04-08,27.0
SKU-005,2024-04-09,37.0
SKU-005,2024-04-10,33.0
SKU-005,2024-04-11,33.0
SKU-005,2024-04-12,34.0
SKU-005,2024-04-13,35.0
SKU-005,2024-04-14,34.0
SKU-005,2024-04-15,30.0
SKU-005,2024-04-16,31.0
SKU-005,2024-04-17,17.0
SKU-005,2024-04-18,23.0
SKU-005,2024-04-19,28.0
SKU-005,2024-04-20,29.0
SKU-005,2024-04-21,27.0
SKU-005,2024-04-22,29.0
SKU-005,2024-04-23,27.0
SKU-005,2024-04-24,40.0
SKU-005,2024-04-25,25.0
SKU-005,2024-04-26,30.0
SKU-005,2024-04-27,40.0
SKU-005,2024-04-28,52.0
SKU-005,2024-04-29,38.0
SKU-005,2024-04-30,27.0
SKU-005,2024-05-01,17.0
SKU-005,2024-05-02,30.0
SKU-005,2024-05-03,19.0
SKU-005,2024-05-04,24.0
SKU-005,2024-05-05,35.0
SKU-005,2024-05-06,25.0
SKU-005,2024-05-07,27.0
SKU-005,2024-05-08,25.0
SKU-005,2024-05-09,30.0
SKU-005,2024-05-10,26.0
SKU-005,2024-05-11,41.0
SKU-005,2024-05-12,26.0
SKU-005,2024-05-13,31.0
SKU-005,2024-05-14,43.0
SKU-005,2024-05-15,16.0
SKU-005,2024-05-16,27.0
SKU-005,2024-05-17,29.0
SKU-005,2024-05-18,30.0
SKU-005,2024-05-19,23.0
SKU-005,2024-05-20,47.0
SKU-005,2024-05-21,24.0
SKU-005,2024-05-22,32.0
SKU-005,2024-05-23,21.0
SKU-005,2024-05-24,21.0
SKU-005,2024-05-25,41.0
SKU-005,2024-05-26,38.0
SKU-005,2024-05-27,28.0
SKU-005,2024-05-28,28.0
SKU-005,2024-05-29,24.0
SKU-005,2024-05-30,28.0
SKU-005,2024-05-31,37.0
SKU-005,2024-06-01,29.0
SKU-005,2024-06-02,26.0
SKU-005,2024-06-03,23.0
SKU-005,2024-06-04,29.0
SKU-005,2024-06-05,22.0
SKU-005,2024-06-06,31.0
SKU-005,2024-06-07,30.0
SKU-005,2024-06-08,34.0
SKU-005,2024-06-09,36.0
SKU-005,2024-06-10,22.0
SKU-005,2024-06-11,34.0
SKU-005,2024-06-12,33.0
SKU-005,2024-06-13,21.0
SKU-005,2024-06-14,31.0
SKU-005,2024-06-15,33.0
SKU-005,2024-06-16,32.0
SKU-005,2024-06-17,29.0
SKU-005,2024-06-18,20.0
SKU-005,2024-06-19,28.0
SKU-005,2024-06-20,23.0
SKU-005,2024-06-21,22.0
SKU-005,2024-06-22,33.0
SKU-005,2024-06-23,29.0
SKU-005,2024-06-24,37.0
SKU-005,2024-06-25,27.0
SKU-005,2024-06-26,21.0
SKU-005,2024-06-27,29.0
SKU-005,2024-06-28,27.0
SKU-005,2024-06-29,27.0
SKU-005,2024-06-30,36.0
SKU-005,2024-07-01,26.0
SKU-005,2024-07-02,23.0
SKU-005,2024-07-03,31.0
SKU-005,2024-07-04,26.0
SKU-005,2024-07-05,18.0
SKU-005,2024-07-06,26.0
SKU-005,2024-07-07,30.0
SKU-005,2024-07-08,28.0
SKU-005,2024-07-09,27.0
SKU-005,2024-07-10,26.0
SKU-005,2024-07-11,29.0
SKU-005,2024-07-12,27.0
SKU-005,2024-07-13,27.0
SKU-005,2024-07-14,29.0
SKU-005,2024-07-15,18.0
SKU-005,2024-07-16,25.0
SKU-005,2024-07-17,30.0
SKU-005,2024-07-18,27.0
SKU-005,2024-07-19,23.0
SKU-005,2024-07-20,27.0
SKU-005,2024-07-21,29.0
SKU-005,2024-07-22,17.0
SKU-005,2024-07-23,15.0
SKU-005,2024-07-24,30.0
SKU-005,2024-07-25,21.0
SKU-005,2024-07-26,29.0
SKU-005,2024-07-27,32.0
SKU-005,2024-07-28,29.0
SKU-005,2024-07-29,27.0
SKU-005,2024-07-30,18.0
SKU-005,2024-07-31,27.0
SKU-005,2024-08-01,24.0
SKU-005,2024-08-02,18.0
SKU-005,2024-08-03,24.0
SKU-005,2024-08-04,24.0
SKU-005,2024-08-05,21.0
SKU-005,2024-08-06,31.0
SKU-005,2024-08-07,20.0
SKU-005,2024-08-08,30.0
SKU-005,2024-08-09,20.0
SKU-005,2024-08-10,31.0
SKU-005,2024-08-11,41.0
SKU-005,2024-08-12,22.0
SKU-005,2024-08-13,25.0
SKU-005,2024-08-14,23.0
SKU-005,2024-08-15,22.0
SKU-005,2024-08-16,30.0
SKU-005,2024-08-17,14.0
SKU-005,2024-08-18,29.0
SKU-005,2024-08-19,17.0
SKU-005,2024-08-20,18.0
SKU-005,2024-08-21,24.0
SKU-005,2024-08-22,23.0
SKU-005,2024-08-23,17.0
SKU-005,2024-08-24,24.0
SKU-005,2024-08-25,34.0
SKU-005,2024-08-26,17.0
SKU-005,2024-08-27,21.0
SKU-005,2024-08-28,22.0
SKU-005,2024-08-29,27.0
SKU-005,2024-08-30,23.0
SKU-005,2024-08-31,24.0
SKU-005,2024-09-01,25.0
SKU-005,2024-09-02,28.0
SKU-005,2024-09-03,25.0
SKU-005,2024-09-04,18.0
SKU-005,2024-09-05,17.0
SKU-005,2024-09-06,22.0
SKU-005,2024-09-07,29.0
SKU-005,2024-09-08,15.0
SKU-005,2024-09-09,16.0
SKU-005,2024-09-10,21.0
SKU-005,2024-09-11,22.0
SKU-005,2024-09-12,15.0
SKU-005,2024-09-13,22.0
SKU-005,2024-09-14,23.0
SKU-005,2024-09-15,21.0
SKU-005,2024-09-16,15.0
SKU-005,2024-09-17,24.0
SKU-005,2024-09-18,23.0
SKU-005,2024-09-19,15.0
SKU-005,2024-09-20,17.0
SKU-005,2024-09-21,27.0
SKU-005,2024-09-22,23.0
SKU-005,2024-09-23,20.0
SKU-005,2024-09-24,24.0
SKU-005,2024-09-25,16.0
SKU-005,2024-09-26,22.0
SKU-005,2024-09-27,19.0
SKU-005,2024-09-28,29.0
SKU-005,2024-09-29,19.0
SKU-005,2024-09-30,14.0
SKU-005,2024-10-01,18.0
SKU-005,2024-10-02,30.0
SKU-005,2024-10-03,18.0
SKU-005,2024-10-04,19.0
SKU-005,2024-10-05,22.0
SKU-005,2024-10-06,35.0
SKU-005,2024-10-07,20.0
SKU-005,2024-10-08,17.0
SKU-005,2024-10-09,25.0
SKU-005,2024-10-10,26.0
SKU-005,2024-10-11,20.0
SKU-005,2024-10-12,30.0
SKU-005,2024-10-13,21.0
SKU-005,2024-10-14,29.0
SKU-005,2024-10-15,17.0
SKU-005,2024-10-16,18.0
SKU-005,2024-10-17,24.0
SKU-005,2024-10-18,17.0
SKU-005,2024-10-19,24.0
SKU-005,2024-10-20,25.0
SKU-005,2024-10-21,25.0
SKU-005,2024-10-22,22.0
SKU-005,2024-10-23,19.0
SKU-005,2024-10-24,22.0
SKU-005,2024-10-25,21.0
SKU-005,2024-10-26,24.0
SKU-005,2024-10-27,26.0
SKU-005,2024-10-28,34.0
SKU-005,2024-10-29,12.0
SKU-005,2024-10-30,22.0
SKU-005,2024-10-31,20.0
SKU-005,2024-11-01,25.0
SKU-005,2024-11-02,20.0
SKU-005,2024-11-03,29.0
SKU-005,2024-11-04,16.0
SKU-005,2024-11-05,29.0
SKU-005,2024-11-06,18.0
SKU-005,2024-11-07,22.0
SKU-005,2024-11-08,18.0
SKU-005,2024-11-09,24.0
SKU-005,2024-11-10,23.0
SKU-005,2024-11-11,20.0
SKU-005,2024-11-12,23.0
SKU-005,2024-11-13,24.0
SKU-005,2024-11-14,21.0
SKU-005,2024-11-15,15.0
SKU-005,2024-11-16,24.0
SKU-005,2024-11-17,44.0
SKU-005,2024-11-18,21.0
SKU-005,2024-11-19,28.0
SKU-005,2024-11-20,27.0
SKU-005,2024-11-21,25.0
SKU-005,2024-11-22,18.0
SKU-005,2024-11-23,26.0
SKU-005,2024-11-24,26.0
SKU-005,2024-11-25,24.0
SKU-005,2024-11-26,24.0
SKU-005,2024-11-27,22.0
SKU-005,2024-11-28,21.0
SKU-005,2024-11-29,16.0
SKU-005,2024-11-30,30.0
SKU-005,2024-12-01,21.0
SKU-005,2024-12-02,15.0
SKU-005,2024-12-03,29.0
SKU-005,2024-12-04,27.0
SKU-005,2024-12-05,20.0
SKU-005,2024-12-06,21.0
SKU-005,2024-12-07,35.0
SKU-005,2024-12-08,31.0
SKU-005,2024-12-09,22.0
SKU-005,2024-12-10,17.0
SKU-005,2024-12-11,19.0
SKU-005,2024-12-12,23.0
SKU-005,2024-12-13,21.0
SKU-005,2024-12-14,31.0
SKU-005,2024-12-15,37.0
SKU-005,2024-12-16,22.0
SKU-005,2024-12-17,22.0
SKU-005,2024-12-18,18.0
SKU-005,2024-12-19,26.0
SKU-005,2024-12-20,16.0
SKU-005,2024-12-21,34.0
SKU-005,2024-12-22,36.0
SKU-005,2024-12-23,22.0
SKU-005,2024-12-24,26.0
SKU-005,2024-12-25,15.0
SKU-005,2024-12-26,29.0
SKU-005,2024-12-27,20.0
SKU-005,2024-12-28,37.0
SKU-005,2024-12-29,37.0
SKU-005,2024-12-30,18.0
SKU-005,2024-12-31,20.0
SKU-005,2025-01-01,26.0
SKU-005,2025-01-02,21.0
SKU-005,2025-01-03,17.0
SKU-005,2025-01-04,33.0
SKU-005,2025-01-05,26.0
SKU-005,2025-01-06,28.0
SKU-005,2025-01-07,26.0
SKU-005,2025-01-08,24.0
SKU-005,2025-01-09,23.0
SKU-005,2025-01-10,18.0
SKU-005,2025-01-11,34.0
SKU-005,2025-01-12,33.0
SKU-005,2025-01-13,30.0
SKU-005,2025-01-14,27.0
SKU-005,2025-01-15,29.0
SKU-005,2025-01-16,21.0
SKU-005,2025-01-17,31.0
SKU-005,2025-01-18,35.0
SKU-005,2025-01-19,35.0
SKU-005,2025-01-20,14.0
SKU-005,2025-01-21,12.0
SKU-005,2025-01-22,28.0
SKU-005,2025-01-23,22.0
SKU-005,2025-01-24,29.0
SKU-005,2025-01-25,40.0
SKU-005,2025-01-26,31.0
SKU-005,2025-01-27,20.0
SKU-005,2025-01-28,28.0
SKU-005,2025-01-29,28.0
SKU-005,2025-01-30,19.0
SKU-005,2025-01-31,21.0
SKU-005,2025-02-01,35.0
SKU-005,2025-02-02,34.0
SKU-005,2025-02-03,27.0
SKU-005,2025-02-04,24.0
SKU-005,2025-02-05,25.0
SKU-005,2025-02-06,19.0
SKU-005,2025-02-07,30.0
SKU-005,2025-02-08,33.0
SKU-005,2025-02-09,44.0
SKU-005,2025-02-10,31.0
SKU-005,2025-02-11,25.0
SKU-005,2025-02-12,29.0
SKU-005,2025-02-13,27.0
SKU-005,2025-02-14,25.0
SKU-005,2025-02-15,31.0
SKU-005,2025-02-16,45.0
SKU-005,2025-02-17,25.0
SKU-005,2025-02-18,26.0
SKU-005,2025-02-19,25.0
SKU-005,2025-02-20,25.0
SKU-005,2025-02-21,31.0
SKU-005,2025-02-22,44.0
SKU-005,2025-02-23,41.0
SKU-005,2025-02-24,28.0
SKU-005,2025-02-25,30.0
SKU-005,2025-02-26,33.0
SKU-005,2025-02-27,33.0
SKU-005,2025-02-28,44.0
SKU-005,2025-03-01,42.0
SKU-005,2025-03-02,46.0
SKU-005,2025-03-03,20.0
SKU-005,2025-03-04,37.0
SKU-005,2025-03-05,29.0
SKU-005,2025-03-06,26.0
SKU-005,2025-03-07,23.0
SKU-005,2025-03-08,42.0
SKU-005,2025-03-09,37.0
SKU-005,2025-03-10,26.0
SKU-005,2025-03-11,21.0
SKU-005,2025-03-12,29.0
SKU-005,2025-03-13,19.0
SKU-005,2025-03-14,33.0
SKU-005,2025-03-15,40.0
SKU-005,2025-03-16,40.0
SKU-005,2025-03-17,27.0
SKU-005,2025-03-18,33.0
SKU-005,2025-03-19,27.0
SKU-005,2025-03-20,37.0
SKU-005,2025-03-21,33.0
SKU-005,2025-03-22,41.0
SKU-005,2025-03-23,42.0
SKU-005,2025-03-24,27.0
SKU-005,2025-03-25,20.0
SKU-005,2025-03-26,26.0
SKU-005,2025-03-27,30.0
SKU-005,2025-03-28,33.0
SKU-005,2025-03-29,48.0
SKU-005,2025-03-30,36.0
SKU-005,2025-03-31,25.0
SKU-005,2025-04-01,27.0
SKU-005,2025-04-02,30.0
SKU-005,2025-04-03,33.0
SKU-005,2025-04-04,36.0
SKU-005,2025-04-05,29.0
SKU-005,2025-04-06,46.0
SKU-005,2025-04-07,29.0
SKU-005,2025-04-08,18.0
SKU-005,2025-04-09,30.0
SKU-005,2025-04-10,28.0
SKU-005,2025-04-11,30.0
SKU-005,2025-04-12,35.0
SKU-005,2025-04-13,33.0
SKU-005,2025-04-14,29.0
SKU-005,2025-04-15,22.0
SKU-005,2025-04-16,29.0
SKU-005,2025-04-17,26.0
SKU-005,2025-04-18,25.0
SKU-005,2025-04-19,38.0
SKU-005,2025-04-20,36.0
SKU-005,2025-04-21,31.0
SKU-005,2025-04-22,30.0
SKU-005,2025-04-23,21.0
SKU-005,2025-04-24,31.0
SKU-005,2025-04-25,20.0
SKU-005,2025-04-26,37.0
SKU-005,2025-04-27,27.0
SKU-005,2025-04-28,33.0
SKU-005,2025-04-29,31.0
SKU-005,2025-04-30,26.0
SKU-005,2025-05-01,27.0
SKU-005,2025-05-02,33.0
SKU-005,2025-05-03,35.0
SKU-005,2025-05-04,31.0
SKU-005,2025-05-05,33.0
SKU-005,2025-05-06,23.0
SKU-005,2025-05-07,32.0
SKU-005,2025-05-08,23.0
SKU-005,2025-05-09,27.0
SKU-005,2025-05-10,39.0
SKU-005,2025-05-11,43.0
SKU-005,2025-05-12,21.0
SKU-005,2025-05-13,28.0
SKU-005,2025-05-14,31.0
SKU-005,2025-05-15,24.0
SKU-005,2025-05-16,21.0
SKU-005,2025-05-17,27.0
SKU-005,2025-05-18,28.0
SKU-005,2025-05-19,24.0
SKU-005,2025-05-20,28.0
SKU-005,2025-05-21,27.0
SKU-005,2025-05-22,34.0
SKU-005,2025-05-23,31.0
SKU-005,2025-05-24,44.0
SKU-005,2025-05-25,28.0
SKU-005,2025-05-26,31.0
SKU-005,2025-05-27,14.0
SKU-005,2025-05-28,30.0
SKU-005,2025-05-29,22.0
SKU-005,2025-05-30,29.0
SKU-005,2025-05-31,51.0
SKU-005,2025-06-01,26.0
SKU-005,2025-06-02,27.0
SKU-005,2025-06-03,24.0
SKU-005,2025-06-04,20.0
SKU-005,2025-06-05,27.0
SKU-005,2025-06-06,31.0
SKU-005,2025-06-07,45.0
SKU-005,2025-06-08,27.0
SKU-005,2025-06-09,25.0
SKU-005,2025-06-10,29.0
SKU-005,2025-06-11,29.0
SKU-005,2025-06-12,26.0
SKU-005,2025-06-13,33.0
SKU-005,2025-06-14,29.0
SKU-005,2025-06-15,33.0
SKU-005,2025-06-16,23.0
SKU-005,2025-06-17,37.0
SKU-005,2025-06-18,28.0
SKU-005,2025-06-19,20.0
SKU-005,2025-06-20,24.0
SKU-005,2025-06-21,38.0
SKU-005,2025-06-22,36.0
SKU-005,2025-06-23,28.0
SKU-006,2024-01-01,6.0
SKU-006,2024-01-02,7.0
SKU-006,2024-01-03,8.0
SKU-006,2024-01-04,4.0
SKU-006,2024-01-05,4.0
SKU-006,2024-01-06,9.0
SKU-006,2024-01-07,7.0
SKU-006,2024-01-08,3.0
SKU-006,2024-01-09,4.0
SKU-006,2024-01-10,8.0
SKU-006,2024-01-11,2.0
SKU-006,2024-01-12,4.0
SKU-006,2024-01-13,4.0
SKU-006,2024-01-14,1.0
SKU-006,2024-01-15,4.0
SKU-006,2024-01-16,6.0
SKU-006,2024-01-17,5.0
SKU-006,2024-01-18,2.0
SKU-006,2024-01-19,5.0
SKU-006,2024-01-20,11.0
SKU-006,2024-01-21,9.0
SKU-006,2024-01-22,6.0
SKU-006,2024-01-23,6.0
SKU-006,2024-01-24,6.0
SKU-006,2024-01-25,3.0
SKU-006,2024-01-26,9.0
SKU-006,2024-01-27,12.0
SKU-006,2024-01-28,13.0
SKU-006,2024-01-29,9.0
SKU-006,2024-01-30,5.0
SKU-006,2024-01-31,9.0
SKU-006,2024-02-01,7.0
SKU-006,2024-02-02,3.0
SKU-006,2024-02-03,11.0
SKU-006,2024-02-04,3.0
SKU-006,2024-02-05,6.0
SKU-006,2024-02-06,7.0
SKU-006,2024-02-07,6.0
SKU-006,2024-02-08,7.0
SKU-006,2024-02-09,4.0
SKU-006,2024-02-10,13.0
SKU-006,2024-02-11,9.0
SKU-006,2024-02-12,3.0
SKU-006,2024-02-13,6.0
SKU-006,2024-02-14,9.0
SKU-006,2024-02-15,3.0
SKU-006,2024-02-16,10.0
SKU-006,2024-02-17,7.0
SKU-006,2024-02-18,7.0
SKU-006,2024-02-19,9.0
SKU-006,2024-02-20,5.0
SKU-006,2024-02-21,9.0
SKU-006,2024-02-22,6.0
SKU-006,2024-02-23,8.0
SKU-006,2024-02-24,8.0
SKU-006,2024-02-25,11.0
SKU-006,2024-02-26,5.0
SKU-006,2024-02-27,8.0
SKU-006,2024-02-28,6.0
SKU-006,2024-02-29,3.0
SKU-006,2024-03-01,5.0
SKU-006,2024-03-02,12.0
SKU-006,2024-03-03,9.0
SKU-006,2024-03-04,8.0
SKU-006,2024-03-05,8.0
SKU-006,2024-03-06,5.0
SKU-006,2024-03-07,5.0
SKU-006,2024-03-08,6.0
SKU-006,2024-03-09,7.0
SKU-006,2024-03-10,9.0
SKU-006,2024-03-11,8.0
SKU-006,2024-03-12,10.0
SKU-006,2024-03-13,10.0
SKU-006,2024-03-14,10.0
SKU-006,2024-03-15,6.0
SKU-006,2024-03-16,9.0
SKU-006,2024-03-17,5.0
SKU-006,2024-03-18,9.0
SKU-006,2024-03-19,9.0
SKU-006,2024-03-20,5.0
SKU-006,2024-03-21,10.0
SKU-006,2024-03-22,9.0
SKU-006,2024-03-23,5.0
SKU-006,2024-03-24,3.0
SKU-006,2024-03-25,7.0
SKU-006,2024-03-26,10.0
SKU-006,2024-03-27,8.0
SKU-006,2024-03-28,7.0
SKU-006,2024-03-29,6.0
SKU-006,2024-03-30,6.0
SKU-006,2024-03-31,8.0
SKU-006,2024-04-01,7.0
SKU-006,2024-04-02,7.0
SKU-006,2024-04-03,7.0
SKU-006,2024-04-04,9.0
SKU-006,2024-04-05,10.0
SKU-006,2024-04-06,7.0
SKU-006,2024-04-07,12.0
SKU-006,2024-04-08,6.0
SKU-006,2024-04-09,7.0
SKU-006,2024-04-10,12.0
SKU-006,2024-04-11,5.0
SKU-006,2024-04-12,4.0
SKU-006,2024-04-13,3.0
SKU-006,2024-04-14,5.0
SKU-006,2024-04-15,10.0
SKU-006,2024-04-16,5.0
SKU-006,2024-04-17,5.0
SKU-006,2024-04-18,4.0
SKU-006,2024-04-19,10.0
SKU-006,2024-04-20,6.0
SKU-006,2024-04-21,13.0
SKU-006,2024-04-22,5.0
SKU-006,2024-04-23,8.0
SKU-006,2024-04-24,5.0
SKU-006,2024-04-25,5.0
SKU-006,2024-04-26,6.0
SKU-006,2024-04-27,6.0
SKU-006,2024-04-28,9.0
SKU-006,2024-04-29,10.0
SKU-006,2024-04-30,10.0
SKU-006,2024-05-01,5.0
SKU-006,2024-05-02,4.0
SKU-006,2024-05-03,5.0
SKU-006,2024-05-04,9.0
SKU-006,2024-05-05,8.0
SKU-006,2024-05-06,5.0
SKU-006,2024-05-07,4.0
SKU-006,2024-05-08,7.0
SKU-006,2024-05-09,11.0
SKU-006,2024-05-10,7.0
SKU-006,2024-05-11,8.0
SKU-006,2024-05-12,6.0
SKU-006,2024-05-13,10.0
SKU-006,2024-05-14,5.0
SKU-006,2024-05-15,4.0
SKU-006,2024-05-16,5.0
SKU-006,2024-05-17,7.0
SKU-006,2024-05-18,5.0
SKU-006,2024-05-19,7.0
SKU-006,2024-05-20,5.0
SKU-006,2024-05-21,7.0
SKU-006,2024-05-22,5.0
SKU-006,2024-05-23,7.0
SKU-006,2024-05-24,9.0
SKU-006,2024-05-25,8.0
SKU-006,2024-05-26,6.0
SKU-006,2024-05-27,9.0
SKU-006,2024-05-28,6.0
SKU-006,2024-05-29,7.0
SKU-006,2024-05-30,8.0
SKU-006,2024-05-31,5.0
SKU-006,2024-06-01,8.0
SKU-006,2024-06-02,8.0
SKU-006,2024-06-03,8.0
SKU-006,2024-06-04,8.0
SKU-006,2024-06-05,5.0
SKU-006,2024-06-06,7.0
SKU-006,2024-06-07,4.0
SKU-006,2024-06-08,9.0
SKU-006,2024-06-09,12.0
SKU-006,2024-06-10,7.0
SKU-006,2024-06-11,6.0
SKU-006,2024-06-12,6.0
SKU-006,2024-06-13,7.0
SKU-006,2024-06-14,6.0
SKU-006,2024-06-15,3.0
SKU-006,2024-06-16,6.0
SKU-006,2024-06-17,6.0
SKU-006,2024-06-18,5.0
SKU-006,2024-06-19,4.0
SKU-006,2024-06-20,9.0
SKU-006,2024-06-21,12.0
SKU-006,2024-06-22,9.0
SKU-006,2024-06-23,4.0
SKU-006,2024-06-24,7.0
SKU-006,2024-06-25,7.0
SKU-006,2024-06-26,9.0
SKU-006,2024-06-27,9.0
SKU-006,2024-06-28,8.0
SKU-006,2024-06-29,6.0
SKU-006,2024-06-30,14.0
SKU-006,2024-07-01,6.0
SKU-006,2024-07-02,8.0
SKU-006,2024-07-03,2.0
SKU-006,2024-07-04,3.0
SKU-006,2024-07-05,6.0
SKU-006,2024-07-06,11.0
SKU-006,2024-07-07,5.0
SKU-006,2024-07-08,5.0
SKU-006,2024-07-09,4.0
SKU-006,2024-07-10,9.0
SKU-006,2024-07-11,4.0
SKU-006,2024-07-12,5.0
SKU-006,2024-07-13,4.0
SKU-006,2024-07-14,4.0
SKU-006,2024-07-15,3.0
SKU-006,2024-07-16,4.0
SKU-006,2024-07-17,3.0
SKU-006,2024-07-18,7.0
SKU-006,2024-07-19,4.0
SKU-006,2024-07-20,6.0
SKU-006,2024-07-21,9.0
SKU-006,2024-07-22,4.0
SKU-006,2024-07-23,9.0
SKU-006,2024-07-24,4.0
SKU-006,2024-07-25,9.0
SKU-006,2024-07-26,5.0
SKU-006,2024-07-27,14.0
SKU-006,2024-07-28,8.0
SKU-006,2024-07-29,6.0
SKU-006,2024-07-30,5.0
SKU-006,2024-07-31,4.0
SKU-006,2024-08-01,5.0
SKU-006,2024-08-02,4.0
SKU-006,2024-08-03,6.0
SKU-006,2024-08-04,11.0
SKU-006,2024-08-05,9.0
SKU-006,2024-08-06,8.0
SKU-006,2024-08-07,4.0
SKU-006,2024-08-08,6.0
SKU-006,2024-08-09,7.0
SKU-006,2024-08-10,4.0
SKU-006,2024-08-11,7.0
SKU-006,2024-08-12,3.0
SKU-006,2024-08-13,8.0
SKU-006,2024-08-14,3.0
SKU-006,2024-08-15,5.0
SKU-006,2024-08-16,6.0
SKU-006,2024-08-17,8.0
SKU-006,2024-08-18,9.0
SKU-006,2024-08-19,5.0
SKU-006,2024-08-20,3.0
SKU-006,2024-08-21,2.0
SKU-006,2024-08-22,7.0
SKU-006,2024-08-23,4.0
SKU-006,2024-08-24,6.0
SKU-006,2024-08-25,9.0
SKU-006,2024-08-26,5.0
SKU-006,2024-08-27,3.0
SKU-006,2024-08-28,5.0
SKU-006,2024-08-29,8.0
SKU-006,2024-08-30,4.0
SKU-006,2024-08-31,6.0
SKU-006,2024-09-01,6.0
SKU-006,2024-09-02,3.0
SKU-006,2024-09-03,2.0
SKU-006,2024-09-04,3.0
SKU-006,2024-09-05,5.0
SKU-006,2024-09-06,3.0
SKU-006,2024-09-07,9.0
SKU-006,2024-09-08,5.0
SKU-006,2024-09-09,5.0
SKU-006,2024-09-10,5.0
SKU-006,2024-09-11,1.0
SKU-006,2024-09-12,7.0
SKU-006,2024-09-13,5.0
SKU-006,2024-09-14,4.0
SKU-006,2024-09-15,9.0
SKU-006,2024-09-16,6.0
SKU-006,2024-09-17,4.0
SKU-006,2024-09-18,8.0
SKU-006,2024-09-19,8.0
SKU-006,2024-09-20,3.0
SKU-006,2024-09-21,5.0
SKU-006,2024-09-22,4.0
SKU-006,2024-09-23,3.0
SKU-006,2024-09-24,7.0
SKU-006,2024-09-25,3.0
SKU-006,2024-09-26,6.0
SKU-006,2024-09-27,3.0
SKU-006,2024-09-28,7.0
SKU-006,2024-09-29,8.0
SKU-006,2024-09-30,5.0
SKU-006,2024-10-01,7.0
SKU-006,2024-10-02,1.0
SKU-006,2024-10-03,3.0
SKU-006,2024-10-04,2.0
SKU-006,2024-10-05,3.0
SKU-006,2024-10-06,1.0
SKU-006,2024-10-07,5.0
SKU-006,2024-10-08,5.0
SKU-006,2024-10-09,8.0
SKU-006,2024-10-10,5.0
SKU-006,2024-10-11,2.0
SKU-006,2024-10-12,1.0
SKU-006,2024-10-13,3.0
SKU-006,2024-10-14,4.0
SKU-006,2024-10-15,3.0
SKU-006,2024-10-16,6.0
SKU-006,2024-10-17,9.0
SKU-006,2024-10-18,4.0
SKU-006,2024-10-19,2.0
SKU-006,2024-10-20,7.0
SKU-006,2024-10-21,3.0
SKU-006,2024-10-22,4.0
SKU-006,2024-10-23,4.0
SKU-006,2024-10-24,5.0
SKU-006,2024-10-25,3.0
SKU-006,2024-10-26,1.0
SKU-006,2024-10-27,9.0
SKU-006,2024-10-28,5.0
SKU-006,2024-10-29,2.0
SKU-006,2024-10-30,5.0
SKU-006,2024-10-31,6.0
SKU-006,2024-11-01,6.0
SKU-006,2024-11-02,8.0
SKU-006,2024-11-03,5.0
SKU-006,2024-11-04,8.0
SKU-006,2024-11-05,7.0
SKU-006,2024-11-06,4.0
SKU-006,2024-11-07,3.0
SKU-006,2024-11-08,3.0
SKU-006,2024-11-09,7.0
SKU-006,2024-11-10,8.0
SKU-006,2024-11-11,6.0
SKU-006,2024-11-12,4.0
SKU-006,2024-11-13,7.0
SKU-006,2024-11-14,9.0
SKU-006,2024-11-15,6.0
SKU-006,2024-11-16,5.0
SKU-006,2024-11-17,6.0
SKU-006,2024-11-18,7.0
SKU-006,2024-11-19,5.0
SKU-006,2024-11-20,1.0
SKU-006,2024-11-21,2.0
SKU-006,2024-11-22,3.0
SKU-006,2024-11-23,9.0
SKU-006,2024-11-24,6.0
SKU-006,2024-11-25,11.0
SKU-006,2024-11-26,5.0
SKU-006,2024-11-27,6.0
SKU-006,2024-11-28,4.0
SKU-006,2024-11-29,4.0
SKU-006,2024-11-30,10.0
SKU-006,2024-12-01,6.0
SKU-006,2024-12-02,6.0
SKU-006,2024-12-03,4.0
SKU-006,2024-12-04,7.0
SKU-006,2024-12-05,2.0
SKU-006,2024-12-06,3.0
SKU-006,2024-12-07,7.0
SKU-006,2024-12-08,7.0
SKU-006,2024-12-09,4.0
SKU-006,2024-12-10,11.0
SKU-006,2024-12-11,5.0
SKU-006,2024-12-12,6.0
SKU-006,2024-12-13,10.0
SKU-006,2024-12-14,10.0
SKU-006,2024-12-15,9.0
SKU-006,2024-12-16,7.0
SKU-006,2024-12-17,5.0
SKU-006,2024-12-18,9.0
SKU-006,2024-12-19,3.0
SKU-006,2024-12-20,2.0
SKU-006,2024-12-21,8.0
SKU-006,2024-12-22,6.0
SKU-006,2024-12-23,4.0
SKU-006,2024-12-24,9.0
SKU-006,2024-12-25,7.0
SKU-006,2024-12-26,4.0
SKU-006,2024-12-27,9.0
SKU-006,2024-12-28,4.0
SKU-006,2024-12-29,11.0
SKU-006,2024-12-30,5.0
SKU-006,2024-12-31,4.0
SKU-006,2025-01-01,2.0
SKU-006,2025-01-02,5.0
SKU-006,2025-01-03,12.0
SKU-006,2025-01-04,10.0
SKU-006,2025-01-05,5.0
SKU-006,2025-01-06,8.0
SKU-006,2025-01-07,3.0
SKU-006,2025-01-08,6.0
SKU-006,2025-01-09,5.0
SKU-006,2025-01-10,6.0
SKU-006,2025-01-11,11.0
SKU-006,2025-01-12,4.0
SKU-006,2025-01-13,9.0
SKU-006,2025-01-14,9.0
SKU-006,2025-01-15,9.0
SKU-006,2025-01-16,5.0
SKU-006,2025-01-17,7.0
SKU-006,2025-01-18,11.0
SKU-006,2025-01-19,12.0
SKU-006,2025-01-20,5.0
SKU-006,2025-01-21,3.0
SKU-006,2025-01-22,7.0
SKU-006,2025-01-23,3.0
SKU-006,2025-01-24,4.0
SKU-006,2025-01-25,4.0
SKU-006,2025-01-26,7.0
SKU-006,2025-01-27,5.0
SKU-006,2025-01-28,7.0
SKU-006,2025-01-29,6.0
SKU-006,2025-01-30,4.0
SKU-006,2025-01-31,2.0
SKU-006,2025-02-01,5.0
SKU-006,2025-02-02,7.0
SKU-006,2025-02-03,7.0
SKU-006,2025-02-04,2.0
SKU-006,2025-02-05,5.0
SKU-006,2025-02-06,9.0
SKU-006,2025-02-07,8.0
SKU-006,2025-02-08,8.0
SKU-006,2025-02-09,12.0
SKU-006,2025-02-10,9.0
SKU-006,2025-02-11,9.0
SKU-006,2025-02-12,10.0
SKU-006,2025-02-13,5.0
SKU-006,2025-02-14,6.0
SKU-006,2025-02-15,8.0
SKU-006,2025-02-16,9.0
SKU-006,2025-02-17,6.0
SKU-006,2025-02-18,4.0
SKU-006,2025-02-19,5.0
SKU-006,2025-02-20,3.0
SKU-006,2025-02-21,8.0
SKU-006,2025-02-22,15.0
SKU-006,2025-02-23,4.0
SKU-006,2025-02-24,8.0
SKU-006,2025-02-25,6.0
SKU-006,2025-02-26,4.0
SKU-006,2025-02-27,9.0
SKU-006,2025-02-28,9.0
SKU-006,2025-03-01,7.0
SKU-006,2025-03-02,8.0
SKU-006,2025-03-03,7.0
SKU-006,2025-03-04,4.0
SKU-006,2025-03-05,9.0
SKU-006,2025-03-06,6.0
SKU-006,2025-03-07,8.0
SKU-006,2025-03-08,8.0
SKU-006,2025-03-09,8.0
SKU-006,2025-03-10,7.0
SKU-006,2025-03-11,9.0
SKU-006,2025-03-12,7.0
SKU-006,2025-03-13,8.0
SKU-006,2025-03-14,8.0
SKU-006,2025-03-15,8.0
SKU-006,2025-03-16,7.0
SKU-006,2025-03-17,7.0
SKU-006,2025-03-18,4.0
SKU-006,2025-03-19,6.0
SKU-006,2025-03-20,13.0
SKU-006,2025-03-21,3.0
SKU-006,2025-03-22,1.0
SKU-006,2025-03-23,8.0
SKU-006,2025-03-24,11.0
SKU-006,2025-03-25,5.0
SKU-006,2025-03-26,6.0
SKU-006,2025-03-27,7.0
SKU-006,2025-03-28,5.0
SKU-006,2025-03-29,9.0
SKU-006,2025-03-30,7.0
SKU-006,2025-03-31,7.0
SKU-006,2025-04-01,8.0
SKU-006,2025-04-02,10.0
SKU-006,2025-04-03,9.0
SKU-006,2025-04-04,5.0
SKU-006,2025-04-05,7.0
SKU-006,2025-04-06,3.0
SKU-006,2025-04-07,6.0
SKU-006,2025-04-08,9.0
SKU-006,2025-04-09,3.0
SKU-006,2025-04-10,8.0
SKU-006,2025-04-11,3.0
SKU-006,2025-04-12,7.0
SKU-006,2025-04-13,8.0
SKU-006,2025-04-14,10.0
SKU-006,2025-04-15,9.0
SKU-006,2025-04-16,7.0
SKU-006,2025-04-17,7.0
SKU-006,2025-04-18,7.0
SKU-006,2025-04-19,7.0
SKU-006,2025-04-20,7.0
SKU-006,2025-04-21,3.0
SKU-006,2025-04-22,5.0
SKU-006,2025-04-23,6.0
SKU-006,2025-04-24,4.0
SKU-006,2025-04-25,8.0
SKU-006,2025-04-26,7.0
SKU-006,2025-04-27,11.0
SKU-006,2025-04-28,6.0
SKU-006,2025-04-29,5.0
SKU-006,2025-04-30,6.0
SKU-006,2025-05-01,8.0
SKU-006,2025-05-02,7.0
SKU-006,2025-05-03,2.0
SKU-006,2025-05-04,8.0
SKU-006,2025-05-05,4.0
SKU-006,2025-05-06,11.0
SKU-006,2025-05-07,7.0
SKU-006,2025-05-08,9.0
SKU-006,2025-05-09,7.0
SKU-006,2025-05-10,9.0
SKU-006,2025-05-11,12.0
SKU-006,2025-05-12,12.0
SKU-006,2025-05-13,3.0
SKU-006,2025-05-14,6.0
SKU-006,2025-05-15,9.0
SKU-006,2025-05-16,6.0
SKU-006,2025-05-17,4.0
SKU-006,2025-05-18,11.0
SKU-006,2025-05-19,3.0
SKU-006,2025-05-20,12.0
SKU-006,2025-05-21,13.0
SKU-006,2025-05-22,9.0
SKU-006,2025-05-23,4.0
SKU-006,2025-05-24,5.0
SKU-006,2025-05-25,7.0
SKU-006,2025-05-26,8.0
SKU-006,2025-05-27,8.0
SKU-006,2025-05-28,2.0
SKU-006,2025-05-29,5.0
SKU-006,2025-05-30,3.0
SKU-006,2025-05-31,7.0
SKU-006,2025-06-01,5.0
SKU-006,2025-06-02,6.0
SKU-006,2025-06-03,9.0
SKU-006,2025-06-04,13.0
SKU-006,2025-06-05,7.0
SKU-006,2025-06-06,8.0
SKU-006,2025-06-07,12.0
SKU-006,2025-06-08,7.0
SKU-006,2025-06-09,12.0
SKU-006,2025-06-10,8.0
SKU-006,2025-06-11,7.0
SKU-006,2025-06-12,4.0
SKU-006,2025-06-13,5.0
SKU-006,2025-06-14,9.0
SKU-006,2025-06-15,6.0
SKU-006,2025-06-16,1.0
SKU-006,2025-06-17,7.0
SKU-006,2025-06-18,6.0
SKU-006,2025-06-19,9.0
SKU-006,2025-06-20,4.0
SKU-006,2025-06-21,7.0
SKU-006,2025-06-22,6.0
SKU-006,2025-06-23,3.0
SKU-007,2024-01-01,8.0
SKU-007,2024-01-02,14.0
SKU-007,2024-01-03,13.0
SKU-007,2024-01-04,10.0
SKU-007,2024-01-05,17.0
SKU-007,2024-01-06,13.0
SKU-007,2024-01-07,22.0
SKU-007,2024-01-08,4.0
SKU-007,2024-01-09,14.0
SKU-007,2024-01-10,9.0
SKU-007,2024-01-11,12.0
SKU-007,2024-01-12,14.0
SKU-007,2024-01-13,14.0
SKU-007,2024-01-14,8.0
SKU-007,2024-01-15,9.0
SKU-007,2024-01-16,10.0
SKU-007,2024-01-17,8.0
SKU-007,2024-01-18,12.0
SKU-007,2024-01-19,6.0
SKU-007,2024-01-20,11.0
SKU-007,2024-01-21,14.0
SKU-007,2024-01-22,7.0
SKU-007,2024-01-23,6.0
SKU-007,2024-01-24,11.0
SKU-007,2024-01-25,3.0
SKU-007,2024-01-26,15.0
SKU-007,2024-01-27,10.0
SKU-007,2024-01-28,9.0
SKU-007,2024-01-29,13.0
SKU-007,2024-01-30,12.0
SKU-007,2024-01-31,12.0
SKU-007,2024-02-01,14.0
SKU-007,2024-02-02,14.0
SKU-007,2024-02-03,20.0
SKU-007,2024-02-04,21.0
SKU-007,2024-02-05,8.0
SKU-007,2024-02-06,13.0
SKU-007,2024-02-07,10.0
SKU-007,2024-02-08,5.0
SKU-007,2024-02-09,6.0
SKU-007,2024-02-10,13.0
SKU-007,2024-02-11,7.0
SKU-007,2024-02-12,14.0
SKU-007,2024-02-13,12.0
SKU-007,2024-02-14,7.0
SKU-007,2024-02-15,11.0
SKU-007,2024-02-16,14.0
SKU-007,2024-02-17,19.0
SKU-007,2024-02-18,11.0
SKU-007,2024-02-19,14.0
SKU-007,2024-02-20,12.0
SKU-007,2024-02-21,11.0
SKU-007,2024-02-22,16.0
SKU-007,2024-02-23,14.0
SKU-007,2024-02-24,9.0
SKU-007,2024-02-25,13.0
SKU-007,2024-02-26,6.0
SKU-007,2024-02-27,14.0
SKU-007,2024-02-28,10.0
SKU-007,2024-02-29,14.0
SKU-007,2024-03-01,16.0
SKU-007,2024-03-02,14.0
SKU-007,2024-03-03,16.0
SKU-007,2024-03-04,10.0
SKU-007,2024-03-05,5.0
SKU-007,2024-03-06,10.0
SKU-007,2024-03-07,7.0
SKU-007,2024-03-08,17.0
SKU-007,2024-03-09,12.0
SKU-007,2024-03-10,19.0
SKU-007,2024-03-11,14.0
SKU-007,2024-03-12,12.0
SKU-007,2024-03-13,15.0
SKU-007,2024-03-14,15.0
SKU-007,2024-03-15,15.0
SKU-007,2024-03-16,16.0
SKU-007,2024-03-17,12.0
SKU-007,2024-03-18,11.0
SKU-007,2024-03-19,14.0
SKU-007,2024-03-20,14.0
SKU-007,2024-03-21,10.0
SKU-007,2024-03-22,13.0
SKU-007,2024-03-23,14.0
SKU-007,2024-03-24,9.0
SKU-007,2024-03-25,9.0
SKU-007,2024-03-26,13.0
SKU-007,2024-03-27,12.0
SKU-007,2024-03-28,9.0
SKU-007,2024-03-29,8.0
SKU-007,2024-03-30,18.0
SKU-007,2024-03-31,13.0
SKU-007,2024-04-01,10.0
SKU-007,2024-04-02,8.0
SKU-007,2024-04-03,11.0
SKU-007,2024-04-04,9.0
SKU-007,2024-04-05,11.0
SKU-007,2024-04-06,17.0
SKU-007,2024-04-07,16.0
SKU-007,2024-04-08,18.0
SKU-007,2024-04-09,20.0
SKU-007,2024-04-10,9.0
SKU-007,2024-04-11,13.0
SKU-007,2024-04-12,14.0
SKU-007,2024-04-13,14.0
SKU-007,2024-04-14,20.0
SKU-007,2024-04-15,18.0
SKU-007,2024-04-16,12.0
SKU-007,2024-04-17,12.0
SKU-007,2024-04-18,10.0
SKU-007,2024-04-19,9.0
SKU-007,2024-04-20,13.0
SKU-007,2024-04-21,11.0
SKU-007,2024-04-22,12.0
SKU-007,2024-04-23,17.0
SKU-007,2024-04-24,8.0
SKU-007,2024-04-25,15.0
SKU-007,2024-04-26,11.0
SKU-007,2024-04-27,13.0
SKU-007,2024-04-28,20.0
SKU-007,2024-04-29,10.0
SKU-007,2024-04-30,11.0
SKU-007,2024-05-01,9.0
SKU-007,2024-05-02,17.0
SKU-007,2024-05-03,10.0
SKU-007,2024-05-04,17.0
SKU-007,2024-05-05,15.0
SKU-007,2024-05-06,6.0
SKU-007,2024-05-07,12.0
SKU-007,2024-05-08,14.0
SKU-007,2024-05-09,12.0
SKU-007,2024-05-10,5.0
SKU-007,2024-05-11,17.0
SKU-007,2024-05-12,11.0
SKU-007,2024-05-13,12.0
SKU-007,2024-05-14,5.0
SKU-007,2024-05-15,12.0
SKU-007,2024-05-16,17.0
SKU-007,2024-05-17,12.0
SKU-007,2024-05-18,17.0
SKU-007,2024-05-19,12.0
SKU-007,2024-05-20,12.0
SKU-007,2024-05-21,13.0
SKU-007,2024-05-22,11.0
SKU-007,2024-05-23,8.0
SKU-007,2024-05-24,18.0
SKU-007,2024-05-25,9.0
SKU-007,2024-05-26,15.0
SKU-007,2024-05-27,10.0
SKU-007,2024-05-28,10.0
SKU-007,2024-05-29,14.0
SKU-007,2024-05-30,12.0
SKU-007,2024-05-31,10.0
SKU-007,2024-06-01,20.0
SKU-007,2024-06-02,20.0
SKU-007,2024-06-03,13.0
SKU-007,2024-06-04,10.0
SKU-007,2024-06-05,10.0
SKU-007,2024-06-06,10.0
SKU-007,2024-06-07,11.0
SKU-007,2024-06-08,11.0
SKU-007,2024-06-09,12.0
SKU-007,2024-06-10,14.0
SKU-007,2024-06-11,14.0
SKU-007,2024-06-12,10.0
SKU-007,2024-06-13,10.0
SKU-007,2024-06-14,13.0
SKU-007,2024-06-15,16.0
SKU-007,2024-06-16,9.0
SKU-007,2024-06-17,8.0
SKU-007,2024-06-18,10.0
SKU-007,2024-06-19,20.0
SKU-007,2024-06-20,14.0
SKU-007,2024-06-21,11.0
SKU-007,2024-06-22,12.0
SKU-007,2024-06-23,8.0
SKU-007,2024-06-24,10.0
SKU-007,2024-06-25,9.0
SKU-007,2024-06-26,12.0
SKU-007,2024-06-27,11.0
SKU-007,2024-06-28,7.0
SKU-007,2024-06-29,11.0
SKU-007,2024-06-30,11.0
SKU-007,2024-07-01,13.0
SKU-007,2024-07-02,14.0
SKU-007,2024-07-03,6.0
SKU-007,2024-07-04,8.0
SKU-007,2024-07-05,9.0
SKU-007,2024-07-06,16.0
SKU-007,2024-07-07,13.0
SKU-007,2024-07-08,5.0
SKU-007,2024-07-09,9.0
SKU-007,2024-07-10,15.0
SKU-007,2024-07-11,9.0
SKU-007,2024-07-12,6.0
SKU-007,2024-07-13,12.0
SKU-007,2024-07-14,8.0
SKU-007,2024-07-15,7.0
SKU-007,2024-07-16,16.0
SKU-007,2024-07-17,7.0
SKU-007,2024-07-18,3.0
SKU-007,2024-07-19,13.0
SKU-007,2024-07-20,11.0
SKU-007,2024-07-21,11.0
SKU-007,2024-07-22,10.0
SKU-007,2024-07-23,16.0
SKU-007,2024-07-24,9.0
SKU-007,2024-07-25,12.0
SKU-007,2024-07-26,13.0
SKU-007,2024-07-27,12.0
SKU-007,2024-07-28,13.0
SKU-007,2024-07-29,10.0
SKU-007,2024-07-30,13.0
SKU-007,2024-07-31,11.0
SKU-007,2024-08-01,10.0
SKU-007,2024-08-02,6.0
SKU-007,2024-08-03,14.0
SKU-007,2024-08-04,15.0
SKU-007,2024-08-05,4.0
SKU-007,2024-08-06,8.0
SKU-007,2024-08-07,8.0
SKU-007,2024-08-08,9.0
SKU-007,2024-08-09,10.0
SKU-007,2024-08-10,10.0
SKU-007,2024-08-11,7.0
SKU-007,2024-08-12,14.0
SKU-007,2024-08-13,10.0
SKU-007,2024-08-14,6.0
SKU-007,2024-08-15,7.0
SKU-007,2024-08-16,8.0
SKU-007,2024-08-17,9.0
SKU-007,2024-08-18,14.0
SKU-007,2024-08-19,16.0
SKU-007,2024-08-20,8.0
SKU-007,2024-08-21,9.0
SKU-007,2024-08-22,12.0
SKU-007,2024-08-23,11.0
SKU-007,2024-08-24,11.0
SKU-007,2024-08-25,13.0
SKU-007,2024-08-26,7.0
SKU-007,2024-08-27,8.0
SKU-007,2024-08-28,7.0
SKU-007,2024-08-29,4.0
SKU-007,2024-08-30,9.0
SKU-007,2024-08-31,13.0
SKU-007,2024-09-01,8.0
SKU-007,2024-09-02,6.0
SKU-007,2024-09-03,5.0
SKU-007,2024-09-04,9.0
SKU-007,2024-09-05,8.0
SKU-007,2024-09-06,9.0
SKU-007,2024-09-07,11.0
SKU-007,2024-09-08,19.0
SKU-007,2024-09-09,8.0
SKU-007,2024-09-10,7.0
SKU-007,2024-09-11,5.0
SKU-007,2024-09-12,10.0
SKU-007,2024-09-13,5.0
SKU-007,2024-09-14,11.0
SKU-007,2024-09-15,7.0
SKU-007,2024-09-16,6.0
SKU-007,2024-09-17,7.0
SKU-007,2024-09-18,6.0
SKU-007,2024-09-19,8.0
SKU-007,2024-09-20,9.0
SKU-007,2024-09-21,11.0
SKU-007,2024-09-22,10.0
SKU-007,2024-09-23,6.0
SKU-007,2024-09-24,9.0
SKU-007,2024-09-25,7.0
SKU-007,2024-09-26,9.0
SKU-007,2024-09-27,9.0
SKU-007,2024-09-28,8.0
SKU-007,2024-09-29,8.0
SKU-007,2024-09-30,12.0
SKU-007,2024-10-01,4.0
SKU-007,2024-10-02,12.0
SKU-007,2024-10-03,14.0
SKU-007,2024-10-04,6.0
SKU-007,2024-10-05,4.0
SKU-007,2024-10-06,2.0
SKU-007,2024-10-07,8.0
SKU-007,2024-10-08,9.0
SKU-007,2024-10-09,11.0
SKU-007,2024-10-10,6.0
SKU-007,2024-10-11,6.0
SKU-007,2024-10-12,7.0
SKU-007,2024-10-13,7.0
SKU-007,2024-10-14,10.0
SKU-007,2024-10-15,6.0
SKU-007,2024-10-16,12.0
SKU-007,2024-10-17,6.0
SKU-007,2024-10-18,8.0
SKU-007,2024-10-19,12.0
SKU-007,2024-10-20,15.0
SKU-007,2024-10-21,12.0
SKU-007,2024-10-22,5.0
SKU-007,2024-10-23,8.0
SKU-007,2024-10-24,8.0
SKU-007,2024-10-25,7.0
SKU-007,2024-10-26,13.0
SKU-007,2024-10-27,12.0
SKU-007,2024-10-28,7.0
SKU-007,2024-10-29,5.0
SKU-007,2024-10-30,11.0
SKU-007,2024-10-31,7.0
SKU-007,2024-11-01,6.0
SKU-007,2024-11-02,11.0
SKU-007,2024-11-03,6.0
SKU-007,2024-11-04,5.0
SKU-007,2024-11-05,4.0
SKU-007,2024-11-06,9.0
SKU-007,2024-11-07,6.0
SKU-007,2024-11-08,9.0
SKU-007,2024-11-09,11.0
SKU-007,2024-11-10,6.0
SKU-007,2024-11-11,6.0
SKU-007,2024-11-12,14.0
SKU-007,2024-11-13,7.0
SKU-007,2024-11-14,4.0
SKU-007,2024-11-15,10.0
SKU-007,2024-11-16,11.0
SKU-007,2024-11-17,12.0
SKU-007,2024-11-18,10.0
SKU-007,2024-11-19,10.0
SKU-007,2024-11-20,15.0
SKU-007,2024-11-21,12.0
SKU-007,2024-11-22,12.0
SKU-007,2024-11-23,7.0
SKU-007,2024-11-24,12.0
SKU-007,2024-11-25,12.0
SKU-007,2024-11-26,11.0
SKU-007,2024-11-27,5.0
SKU-007,2024-11-28,10.0
SKU-007,2024-11-29,13.0
SKU-007,2024-11-30,7.0
SKU-007,2024-12-01,11.0
SKU-007,2024-12-02,8.0
SKU-007,2024-12-03,10.0
SKU-007,2024-12-04,7.0
SKU-007,2024-12-05,4.0
SKU-007,2024-12-06,13.0
SKU-007,2024-12-07,11.0
SKU-007,2024-12-08,18.0
SKU-007,2024-12-09,14.0
SKU-007,2024-12-10,6.0
SKU-007,2024-12-11,12.0
SKU-007,2024-12-12,13.0
SKU-007,2024-12-13,5.0
SKU-007,2024-12-14,12.0
SKU-007,2024-12-15,20.0
SKU-007,2024-12-16,10.0
SKU-007,2024-12-17,6.0
SKU-007,2024-12-18,10.0
SKU-007,2024-12-19,11.0
SKU-007,2024-12-20,8.0
SKU-007,2024-12-21,15.0
SKU-007,2024-12-22,13.0
SKU-007,2024-12-23,14.0
SKU-007,2024-12-24,13.0
SKU-007,2024-12-25,11.0
SKU-007,2024-12-26,10.0
SKU-007,2024-12-27,8.0
SKU-007,2024-12-28,8.0
SKU-007,2024-12-29,18.0
SKU-007,2024-12-30,12.0
SKU-007,2024-12-31,9.0
SKU-007,2025-01-01,12.0
SKU-007,2025-01-02,4.0
SKU-007,2025-01-03,7.0
SKU-007,2025-01-04,14.0
SKU-007,2025-01-05,16.0
SKU-007,2025-01-06,7.0
SKU-007,2025-01-07,13.0
SKU-007,2025-01-08,12.0
SKU-007,2025-01-09,14.0
SKU-007,2025-01-10,12.0
SKU-007,2025-01-11,13.0
SKU-007,2025-01-12,8.0
SKU-007,2025-01-13,10.0
SKU-007,2025-01-14,14.0
SKU-007,2025-01-15,13.0
SKU-007,2025-01-16,14.0
SKU-007,2025-01-17,12.0
SKU-007,2025-01-18,13.0
SKU-007,2025-01-19,14.0
SKU-007,2025-01-20,15.0
SKU-007,2025-01-21,16.0
SKU-007,2025-01-22,13.0
SKU-007,2025-01-23,7.0
SKU-007,2025-01-24,6.0
SKU-007,2025-01-25,9.0
SKU-007,2025-01-26,15.0
SKU-007,2025-01-27,14.0
SKU-007,2025-01-28,12.0
SKU-007,2025-01-29,8.0
SKU-007,2025-01-30,8.0
SKU-007,2025-01-31,11.0
SKU-007,2025-02-01,12.0
SKU-007,2025-02-02,13.0
SKU-007,2025-02-03,7.0
SKU-007,2025-02-04,12.0
SKU-007,2025-02-05,11.0
SKU-007,2025-02-06,13.0
SKU-007,2025-02-07,11.0
SKU-007,2025-02-08,18.0
SKU-007,2025-02-09,13.0
SKU-007,2025-02-10,11.0
SKU-007,2025-02-11,11.0
SKU-007,2025-02-12,11.0
SKU-007,2025-02-13,11.0
SKU-007,2025-02-14,11.0
SKU-007,2025-02-15,17.0
SKU-007,2025-02-16,16.0
SKU-007,2025-02-17,14.0
SKU-007,2025-02-18,17.0
SKU-007,2025-02-19,8.0
SKU-007,2025-02-20,10.0
SKU-007,2025-02-21,10.0
SKU-007,2025-02-22,13.0
SKU-007,2025-02-23,6.0
SKU-007,2025-02-24,8.0
SKU-007,2025-02-25,17.0
SKU-007,2025-02-26,10.0
SKU-007,2025-02-27,15.0
SKU-007,2025-02-28,15.0
SKU-007,2025-03-01,13.0
SKU-007,2025-03-02,15.0
SKU-007,2025-03-03,10.0
SKU-007,2025-03-04,13.0
SKU-007,2025-03-05,18.0
SKU-007,2025-03-06,13.0
SKU-007,2025-03-07,13.0
SKU-007,2025-03-08,14.0
SKU-007,2025-03-09,14.0
SKU-007,2025-03-10,6.0
SKU-007,2025-03-11,12.0
SKU-007,2025-03-12,9.0
SKU-007,2025-03-13,13.0
SKU-007,2025-03-14,15.0
SKU-007,2025-03-15,21.0
SKU-007,2025-03-16,18.0
SKU-007,2025-03-17,12.0
SKU-007,2025-03-18,12.0
SKU-007,2025-03-19,11.0
SKU-007,2025-03-20,12.0
SKU-007,2025-03-21,13.0
SKU-007,2025-03-22,14.0
SKU-007,2025-03-23,16.0
SKU-007,2025-03-24,15.0
SKU-007,2025-03-25,12.0
SKU-007,2025-03-26,15.0
SKU-007,2025-03-27,15.0
SKU-007,2025-03-28,9.0
SKU-007,2025-03-29,31.0
SKU-007,2025-03-30,17.0
SKU-007,2025-03-31,9.0
SKU-007,2025-04-01,15.0
SKU-007,2025-04-02,7.0
SKU-007,2025-04-03,11.0
SKU-007,2025-04-04,7.0
SKU-007,2025-04-05,18.0
SKU-007,2025-04-06,20.0
SKU-007,2025-04-07,14.0
SKU-007,2025-04-08,14.0
SKU-007,2025-04-09,18.0
SKU-007,2025-04-10,13.0
SKU-007,2025-04-11,16.0
SKU-007,2025-04-12,23.0
SKU-007,2025-04-13,9.0
SKU-007,2025-04-14,13.0
SKU-007,2025-04-15,10.0
SKU-007,2025-04-16,14.0
SKU-007,2025-04-17,14.0
SKU-007,2025-04-18,9.0
SKU-007,2025-04-19,17.0
SKU-007,2025-04-20,17.0
SKU-007,2025-04-21,9.0
SKU-007,2025-04-22,12.0
SKU-007,2025-04-23,12.0
SKU-007,2025-04-24,11.0
SKU-007,2025-04-25,13.0
SKU-007,2025-04-26,16.0
SKU-007,2025-04-27,12.0
SKU-007,2025-04-28,17.0
SKU-007,2025-04-29,17.0
SKU-007,2025-04-30,9.0
SKU-007,2025-05-01,10.0
SKU-007,2025-05-02,14.0
SKU-007,2025-05-03,10.0
SKU-007,2025-05-04,22.0
SKU-007,2025-05-05,10.0
SKU-007,2025-05-06,15.0
SKU-007,2025-05-07,12.0
SKU-007,2025-05-08,7.0
SKU-007,2025-05-09,10.0
SKU-007,2025-05-10,17.0
SKU-007,2025-05-11,13.0
SKU-007,2025-05-12,8.0
SKU-007,2025-05-13,6.0
SKU-007,2025-05-14,14.0
SKU-007,2025-05-15,5.0
SKU-007,2025-05-16,19.0
SKU-007,2025-05-17,16.0
SKU-007,2025-05-18,13.0
SKU-007,2025-05-19,14.0
SKU-007,2025-05-20,12.0
SKU-007,2025-05-21,12.0
SKU-007,2025-05-22,13.0
SKU-007,2025-05-23,9.0
SKU-007,2025-05-24,22.0
SKU-007,2025-05-25,12.0
SKU-007,2025-05-26,13.0
SKU-007,2025-05-27,14.0
SKU-007,2025-05-28,16.0
SKU-007,2025-05-29,12.0
SKU-007,2025-05-30,8.0
SKU-007,2025-05-31,6.0
SKU-007,2025-06-01,19.0
SKU-007,2025-06-02,13.0
SKU-007,2025-06-03,9.0
SKU-007,2025-06-04,11.0
SKU-007,2025-06-05,14.0
SKU-007,2025-06-06,13.0
SKU-007,2025-06-07,18.0
SKU-007,2025-06-08,17.0
SKU-007,2025-06-09,9.0
SKU-007,2025-06-10,10.0
SKU-007,2025-06-11,10.0
SKU-007,2025-06-12,9.0
SKU-007,2025-06-13,9.0
SKU-007,2025-06-14,13.0
SKU-007,2025-06-15,13.0
SKU-007,2025-06-16,11.0
SKU-007,2025-06-17,1.0
SKU-007,2025-06-18,7.0
SKU-007,2025-06-19,8.0
SKU-007,2025-06-20,10.0
SKU-007,2025-06-21,16.0
SKU-007,2025-06-22,14.0
SKU-007,2025-06-23,13.0
SKU-008,2024-01-01,12.0
SKU-008,2024-01-02,9.0
SKU-008,2024-01-03,18.0
SKU-008,2024-01-04,15.0
SKU-008,2024-01-05,17.0
SKU-008,2024-01-06,30.0
SKU-008,2024-01-07,17.0
SKU-008,2024-01-08,5.0
SKU-008,2024-01-09,17.0
SKU-008,2024-01-10,23.0
SKU-008,2024-01-11,17.0
SKU-008,2024-01-12,18.0
SKU-008,2024-01-13,24.0
SKU-008,2024-01-14,23.0
SKU-008,2024-01-15,15.0
SKU-008,2024-01-16,23.0
SKU-008,2024-01-17,19.0
SKU-008,2024-01-18,18.0
SKU-008,2024-01-19,21.0
SKU-008,2024-01-20,31.0
SKU-008,2024-01-21,19.0
SKU-008,2024-01-22,21.0
SKU-008,2024-01-23,17.0
SKU-008,2024-01-24,14.0
SKU-008,2024-01-25,19.0
SKU-008,2024-01-26,12.0
SKU-008,2024-01-27,26.0
SKU-008,2024-01-28,25.0
SKU-008,2024-01-29,31.0
SKU-008,2024-01-30,17.0
SKU-008,2024-01-31,16.0
SKU-008,2024-02-01,16.0
SKU-008,2024-02-02,19.0
SKU-008,2024-02-03,32.0
SKU-008,2024-02-04,16.0
SKU-008,2024-02-05,18.0
SKU-008,2024-02-06,27.0
SKU-008,2024-02-07,30.0
SKU-008,2024-02-08,26.0
SKU-008,2024-02-09,15.0
SKU-008,2024-02-10,26.0
SKU-008,2024-02-11,24.0
SKU-008,2024-02-12,19.0
SKU-008,2024-02-13,17.0
SKU-008,2024-02-14,16.0
SKU-008,2024-02-15,13.0
SKU-008,2024-02-16,17.0
SKU-008,2024-02-17,27.0
SKU-008,2024-02-18,37.0
SKU-008,2024-02-19,18.0
SKU-008,2024-02-20,13.0
SKU-008,2024-02-21,23.0
SKU-008,2024-02-22,25.0
SKU-008,2024-02-23,24.0
SKU-008,2024-02-24,22.0
SKU-008,2024-02-25,21.0
SKU-008,2024-02-26,33.0
SKU-008,2024-02-27,14.0
SKU-008,2024-02-28,20.0
SKU-008,2024-02-29,20.0
SKU-008,2024-03-01,25.0
SKU-008,2024-03-02,30.0
SKU-008,2024-03-03,32.0
SKU-008,2024-03-04,20.0
SKU-008,2024-03-05,17.0
SKU-008,2024-03-06,15.0
SKU-008,2024-03-07,21.0
SKU-008,2024-03-08,21.0
SKU-008,2024-03-09,22.0
SKU-008,2024-03-10,24.0
SKU-008,2024-03-11,19.0
SKU-008,2024-03-12,21.0
SKU-008,2024-03-13,25.0
SKU-008,2024-03-14,20.0
SKU-008,2024-03-15,21.0
SKU-008,2024-03-16,25.0
SKU-008,2024-03-17,26.0
SKU-008,2024-03-18,27.0
SKU-008,2024-03-19,27.0
SKU-008,2024-03-20,25.0
SKU-008,2024-03-21,17.0
SKU-008,2024-03-22,26.0
SKU-008,2024-03-23,31.0
SKU-008,2024-03-24,29.0
SKU-008,2024-03-25,24.0
SKU-008,2024-03-26,29.0
SKU-008,2024-03-27,20.0
SKU-008,2024-03-28,21.0
SKU-008,2024-03-29,25.0
SKU-008,2024-03-30,26.0
SKU-008,2024-03-31,21.0
SKU-008,2024-04-01,26.0
SKU-008,2024-04-02,23.0
SKU-008,2024-04-03,14.0
SKU-008,2024-04-04,22.0
SKU-008,2024-04-05,19.0
SKU-008,2024-04-06,29.0
SKU-008,2024-04-07,24.0
SKU-008,2024-04-08,21.0
SKU-008,2024-04-09,16.0
SKU-008,2024-04-10,18.0
SKU-008,2024-04-11,16.0
SKU-008,2024-04-12,31.0
SKU-008,2024-04-13,30.0
SKU-008,2024-04-14,20.0
SKU-008,2024-04-15,17.0
SKU-008,2024-04-16,26.0
SKU-008,2024-04-17,17.0
SKU-008,2024-04-18,23.0
SKU-008,2024-04-19,26.0
SKU-008,2024-04-20,19.0
SKU-008,2024-04-21,27.0
SKU-008,2024-04-22,22.0
SKU-008,2024-04-23,17.0
SKU-008,2024-04-24,14.0
SKU-008,2024-04-25,19.0
SKU-008,2024-04-26,18.0
SKU-008,2024-04-27,27.0
SKU-008,2024-04-28,36.0
SKU-008,2024-04-29,18.0
SKU-008,2024-04-30,15.0
SKU-008,2024-05-01,23.0
SKU-008,2024-05-02,19.0
SKU-008,2024-05-03,14.0
SKU-008,2024-05-04,28.0
SKU-008,2024-05-05,26.0
SKU-008,2024-05-06,15.0
SKU-008,2024-05-07,31.0
SKU-008,2024-05-08,12.0
SKU-008,2024-05-09,19.0
SKU-008,2024-05-10,14.0
SKU-008,2024-05-11,28.0
SKU-008,2024-05-12,24.0
SKU-008,2024-05-13,15.0
SKU-008,2024-05-14,24.0
SKU-008,2024-05-15,29.0
SKU-008,2024-05-16,14.0
SKU-008,2024-05-17,21.0
SKU-008,2024-05-18,18.0
SKU-008,2024-05-19,34.0
SKU-008,2024-05-20,26.0
SKU-008,2024-05-21,15.0
SKU-008,2024-05-22,17.0
SKU-008,2024-05-23,18.0
SKU-008,2024-05-24,19.0
SKU-008,2024-05-25,32.0
SKU-008,2024-05-26,22.0
SKU-008,2024-05-27,22.0
SKU-008,2024-05-28,21.0
SKU-008,2024-05-29,21.0
SKU-008,2024-05-30,27.0
SKU-008,2024-05-31,14.0
SKU-008,2024-06-01,25.0
SKU-008,2024-06-02,32.0
SKU-008,2024-06-03,20.0
SKU-008,2024-06-04,18.0
SKU-008,2024-06-05,13.0
SKU-008,2024-06-06,16.0
SKU-008,2024-06-07,22.0
SKU-008,2024-06-08,35.0
SKU-008,2024-06-09,21.0
SKU-008,2024-06-10,23.0
SKU-008,2024-06-11,19.0
SKU-008,2024-06-12,17.0
SKU-008,2024-06-13,15.0
SKU-008,2024-06-14,23.0
SKU-008,2024-06-15,22.0
SKU-008,2024-06-16,20.0
SKU-008,2024-06-17,24.0
SKU-008,2024-06-18,17.0
SKU-008,2024-06-19,14.0
SKU-008,2024-06-20,13.0
SKU-008,2024-06-21,21.0
SKU-008,2024-06-22,18.0
SKU-008,2024-06-23,23.0
SKU-008,2024-06-24,17.0
SKU-008,2024-06-25,18.0
SKU-008,2024-06-26,18.0
SKU-008,2024-06-27,19.0
SKU-008,2024-06-28,21.0
SKU-008,2024-06-29,14.0
SKU-008,2024-06-30,21.0
SKU-008,2024-07-01,16.0
SKU-008,2024-07-02,16.0
SKU-008,2024-07-03,20.0
SKU-008,2024-07-04,23.0
SKU-008,2024-07-05,21.0
SKU-008,2024-07-06,21.0
SKU-008,2024-07-07,18.0
SKU-008,2024-07-08,13.0
SKU-008,2024-07-09,23.0
SKU-008,2024-07-10,16.0
SKU-008,2024-07-11,24.0
SKU-008,2024-07-12,22.0
SKU-008,2024-07-13,26.0
SKU-008,2024-07-14,24.0
SKU-008,2024-07-15,17.0
SKU-008,2024-07-16,17.0
SKU-008,2024-07-17,17.0
SKU-008,2024-07-18,18.0
SKU-008,2024-07-19,17.0
SKU-008,2024-07-20,21.0
SKU-008,2024-07-21,20.0
SKU-008,2024-07-22,13.0
SKU-008,2024-07-23,15.0
SKU-008,2024-07-24,16.0
SKU-008,2024-07-25,13.0
SKU-008,2024-07-26,17.0
SKU-008,2024-07-27,16.0
SKU-008,2024-07-28,25.0
SKU-008,2024-07-29,15.0
SKU-008,2024-07-30,15.0
SKU-008,2024-07-31,14.0
SKU-008,2024-08-01,11.0
SKU-008,2024-08-02,13.0
SKU-008,2024-08-03,18.0
SKU-008,2024-08-04,27.0
SKU-008,2024-08-05,17.0
SKU-008,2024-08-06,12.0
SKU-008,2024-08-07,11.0
SKU-008,2024-08-08,11.0
SKU-008,2024-08-09,14.0
SKU-008,2024-08-10,17.0
SKU-008,2024-08-11,16.0
SKU-008,2024-08-12,14.0
SKU-008,2024-08-13,21.0
SKU-008,2024-08-14,15.0
SKU-008,2024-08-15,11.0
SKU-008,2024-08-16,13.0
SKU-008,2024-08-17,20.0
SKU-008,2024-08-18,16.0
SKU-008,2024-08-19,14.0
SKU-008,2024-08-20,18.0
SKU-008,2024-08-21,17.0
SKU-008,2024-08-22,15.0
SKU-008,2024-08-23,15.0
SKU-008,2024-08-24,25.0
SKU-008,2024-08-25,21.0
SKU-008,2024-08-26,13.0
SKU-008,2024-08-27,14.0
SKU-008,2024-08-28,14.0
SKU-008,2024-08-29,11.0
SKU-008,2024-08-30,9.0
SKU-008,2024-08-31,33.0
SKU-008,2024-09-01,22.0
SKU-008,2024-09-02,13.0
SKU-008,2024-09-03,16.0
SKU-008,2024-09-04,21.0
SKU-008,2024-09-05,11.0
SKU-008,2024-09-06,24.0
SKU-008,2024-09-07,20.0
SKU-008,2024-09-08,19.0
SKU-008,2024-09-09,19.0
SKU-008,2024-09-10,15.0
SKU-008,2024-09-11,8.0
SKU-008,2024-09-12,16.0
SKU-008,2024-09-13,16.0
SKU-008,2024-09-14,22.0
SKU-008,2024-09-15,23.0
SKU-008,2024-09-16,18.0
SKU-008,2024-09-17,15.0
SKU-008,2024-09-18,19.0
SKU-008,2024-09-19,7.0
SKU-008,2024-09-20,15.0
SKU-008,2024-09-21,15.0
SKU-008,2024-09-22,19.0
SKU-008,2024-09-23,9.0
SKU-008,2024-09-24,18.0
SKU-008,2024-09-25,19.0
SKU-008,2024-09-26,16.0
SKU-008,2024-09-27,13.0
SKU-008,2024-09-28,29.0
SKU-008,2024-09-29,16.0
SKU-008,2024-09-30,12.0
SKU-008,2024-10-01,13.0
SKU-008,2024-10-02,18.0
SKU-008,2024-10-03,17.0
SKU-008,2024-10-04,18.0
SKU-008,2024-10-05,18.0
SKU-008,2024-10-06,17.0
SKU-008,2024-10-07,8.0
SKU-008,2024-10-08,5.0
SKU-008,2024-10-09,18.0
SKU-008,2024-10-10,12.0
SKU-008,2024-10-11,17.0
SKU-008,2024-10-12,11.0
SKU-008,2024-10-13,15.0
SKU-008,2024-10-14,21.0
SKU-008,2024-10-15,15.0
SKU-008,2024-10-16,14.0
SKU-008,2024-10-17,15.0
SKU-008,2024-10-18,14.0
SKU-008,2024-10-19,26.0
SKU-008,2024-10-20,20.0
SKU-008,2024-10-21,23.0
SKU-008,2024-10-22,17.0
SKU-008,2024-10-23,10.0
SKU-008,2024-10-24,9.0
SKU-008,2024-10-25,15.0
SKU-008,2024-10-26,23.0
SKU-008,2024-10-27,15.0
SKU-008,2024-10-28,13.0
SKU-008,2024-10-29,9.0
SKU-008,2024-10-30,14.0
SKU-008,2024-10-31,13.0
SKU-008,2024-11-01,13.0
SKU-008,2024-11-02,19.0
SKU-008,2024-11-03,18.0
SKU-008,2024-11-04,18.0
SKU-008,2024-11-05,26.0
SKU-008,2024-11-06,14.0
SKU-008,2024-11-07,8.0
SKU-008,2024-11-08,16.0
SKU-008,2024-11-09,19.0
SKU-008,2024-11-10,12.0
SKU-008,2024-11-11,19.0
SKU-008,2024-11-12,16.0
SKU-008,2024-11-13,10.0
SKU-008,2024-11-14,13.0
SKU-008,2024-11-15,13.0
SKU-008,2024-11-16,21.0
SKU-008,2024-11-17,25.0
SKU-008,2024-11-18,15.0
SKU-008,2024-11-19,11.0
SKU-008,2024-11-20,30.0
SKU-008,2024-11-21,8.0
SKU-008,2024-11-22,14.0
SKU-008,2024-11-23,24.0
SKU-008,2024-11-24,19.0
SKU-008,2024-11-25,15.0
SKU-008,2024-11-26,16.0
SKU-008,2024-11-27,15.0
SKU-008,2024-11-28,16.0
SKU-008,2024-11-29,11.0
SKU-008,2024-11-30,20.0
SKU-008,2024-12-01,20.0
SKU-008,2024-12-02,14.0
SKU-008,2024-12-03,18.0
SKU-008,2024-12-04,13.0
SKU-008,2024-12-05,16.0
SKU-008,2024-12-06,15.0
SKU-008,2024-12-07,28.0
SKU-008,2024-12-08,19.0
SKU-008,2024-12-09,22.0
SKU-008,2024-12-10,22.0
SKU-008,2024-12-11,14.0
SKU-008,2024-12-12,14.0
SKU-008,2024-12-13,12.0
SKU-008,2024-12-14,18.0
SKU-008,2024-12-15,18.0
SKU-008,2024-12-16,16.0
SKU-008,2024-12-17,12.0
SKU-008,2024-12-18,18.0
SKU-008,2024-12-19,22.0
SKU-008,2024-12-20,22.0
SKU-008,2024-12-21,31.0
SKU-008,2024-12-22,16.0
SKU-008,2024-12-23,12.0
SKU-008,2024-12-24,18.0
SKU-008,2024-12-25,19.0
SKU-008,2024-12-26,17.0
SKU-008,2024-12-27,20.0
SKU-008,2024-12-28,31.0
SKU-008,2024-12-29,30.0
SKU-008,2024-12-30,21.0
SKU-008,2024-12-31,18.0
SKU-008,2025-01-01,19.0
SKU-008,2025-01-02,19.0
SKU-008,2025-01-03,14.0
SKU-008,2025-01-04,40.0
SKU-008,2025-01-05,19.0
SKU-008,2025-01-06,18.0
SKU-008,2025-01-07,17.0
SKU-008,2025-01-08,21.0
SKU-008,2025-01-09,20.0
SKU-008,2025-01-10,22.0
SKU-008,2025-01-11,22.0
SKU-008,2025-01-12,18.0
SKU-008,2025-01-13,16.0
SKU-008,2025-01-14,22.0
SKU-008,2025-01-15,18.0
SKU-008,2025-01-16,29.0
SKU-008,2025-01-17,17.0
SKU-008,2025-01-18,20.0
SKU-008,2025-01-19,19.0
SKU-008,2025-01-20,15.0
SKU-008,2025-01-21,19.0
SKU-008,2025-01-22,19.0
SKU-008,2025-01-23,17.0
SKU-008,2025-01-24,19.0
SKU-008,2025-01-25,27.0
SKU-008,2025-01-26,21.0
SKU-008,2025-01-27,18.0
SKU-008,2025-01-28,19.0
SKU-008,2025-01-29,24.0
SKU-008,2025-01-30,16.0
SKU-008,2025-01-31,12.0
SKU-008,2025-02-01,23.0
SKU-008,2025-02-02,26.0
SKU-008,2025-02-03,25.0
SKU-008,2025-02-04,18.0
SKU-008,2025-02-05,18.0
SKU-008,2025-02-06,21.0
SKU-008,2025-02-07,11.0
SKU-008,2025-02-08,30.0
SKU-008,2025-02-09,29.0
SKU-008,2025-02-10,10.0
SKU-008,2025-02-11,24.0
SKU-008,2025-02-12,10.0
SKU-008,2025-02-13,17.0
SKU-008,2025-02-14,30.0
SKU-008,2025-02-15,23.0
SKU-008,2025-02-16,25.0
SKU-008,2025-02-17,19.0
SKU-008,2025-02-18,26.0
SKU-008,2025-02-19,26.0
SKU-008,2025-02-20,20.0
SKU-008,2025-02-21,16.0
SKU-008,2025-02-22,17.0
SKU-008,2025-02-23,31.0
SKU-008,2025-02-24,17.0
SKU-008,2025-02-25,16.0
SKU-008,2025-02-26,23.0
SKU-008,2025-02-27,14.0
SKU-008,2025-02-28,20.0
SKU-008,2025-03-01,33.0
SKU-008,2025-03-02,34.0
SKU-008,2025-03-03,20.0
SKU-008,2025-03-04,17.0
SKU-008,2025-03-05,20.0
SKU-008,2025-03-06,15.0
SKU-008,2025-03-07,31.0
SKU-008,2025-03-08,27.0
SKU-008,2025-03-09,26.0
SKU-008,2025-03-10,15.0
SKU-008,2025-03-11,32.0
SKU-008,2025-03-12,21.0
SKU-008,2025-03-13,25.0
SKU-008,2025-03-14,18.0
SKU-008,2025-03-15,25.0
SKU-008,2025-03-16,27.0
SKU-008,2025-03-17,20.0
SKU-008,2025-03-18,19.0
SKU-008,2025-03-19,25.0
SKU-008,2025-03-20,18.0
SKU-008,2025-03-21,30.0
SKU-008,2025-03-22,30.0
SKU-008,2025-03-23,29.0
SKU-008,2025-03-24,17.0
SKU-008,2025-03-25,23.0
SKU-008,2025-03-26,23.0
SKU-008,2025-03-27,17.0
SKU-008,2025-03-28,21.0
SKU-008,2025-03-29,36.0
SKU-008,2025-03-30,22.0
SKU-008,2025-03-31,23.0
SKU-008,2025-04-01,20.0
SKU-008,2025-04-02,17.0
SKU-008,2025-04-03,16.0
SKU-008,2025-04-04,23.0
SKU-008,2025-04-05,28.0
SKU-008,2025-04-06,21.0
SKU-008,2025-04-07,19.0
SKU-008,2025-04-08,22.0
SKU-008,2025-04-09,18.0
SKU-008,2025-04-10,27.0
SKU-008,2025-04-11,17.0
SKU-008,2025-04-12,26.0
SKU-008,2025-04-13,27.0
SKU-008,2025-04-14,18.0
SKU-008,2025-04-15,25.0
SKU-008,2025-04-16,21.0
SKU-008,2025-04-17,27.0
SKU-008,2025-04-18,23.0
SKU-008,2025-04-19,34.0
SKU-008,2025-04-20,24.0
SKU-008,2025-04-21,29.0
SKU-008,2025-04-22,29.0
SKU-008,2025-04-23,26.0
SKU-008,2025-04-24,19.0
SKU-008,2025-04-25,18.0
SKU-008,2025-04-26,20.0
SKU-008,2025-04-27,26.0
SKU-008,2025-04-28,20.0
SKU-008,2025-04-29,15.0
SKU-008,2025-04-30,22.0
SKU-008,2025-05-01,27.0
SKU-008,2025-05-02,27.0
SKU-008,2025-05-03,30.0
SKU-008,2025-05-04,24.0
SKU-008,2025-05-05,12.0
SKU-008,2025-05-06,23.0
SKU-008,2025-05-07,20.0
SKU-008,2025-05-08,19.0
SKU-008,2025-05-09,18.0
SKU-008,2025-05-10,23.0
SKU-008,2025-05-11,32.0
SKU-008,2025-05-12,19.0
SKU-008,2025-05-13,21.0
SKU-008,2025-05-14,18.0
SKU-008,2025-05-15,18.0
SKU-008,2025-05-16,20.0
SKU-008,2025-05-17,21.0
SKU-008,2025-05-18,25.0
SKU-008,2025-05-19,18.0
SKU-008,2025-05-20,20.0
SKU-008,2025-05-21,15.0
SKU-008,2025-05-22,22.0
SKU-008,2025-05-23,18.0
SKU-008,2025-05-24,31.0
SKU-008,2025-05-25,18.0
SKU-008,2025-05-26,11.0
SKU-008,2025-05-27,24.0
SKU-008,2025-05-28,15.0
SKU-008,2025-05-29,17.0
SKU-008,2025-05-30,15.0
SKU-008,2025-05-31,37.0
SKU-008,2025-06-01,24.0
SKU-008,2025-06-02,11.0
SKU-008,2025-06-03,30.0
SKU-008,2025-06-04,14.0
SKU-008,2025-06-05,28.0
SKU-008,2025-06-06,22.0
SKU-008,2025-06-07,23.0
SKU-008,2025-06-08,20.0
SKU-008,2025-06-09,24.0
SKU-008,2025-06-10,26.0
SKU-008,2025-06-11,12.0
SKU-008,2025-06-12,18.0
SKU-008,2025-06-13,16.0
SKU-008,2025-06-14,25.0
SKU-008,2025-06-15,19.0
SKU-008,2025-06-16,18.0
SKU-008,2025-06-17,13.0
SKU-008,2025-06-18,18.0
SKU-008,2025-06-19,22.0
SKU-008,2025-06-20,15.0
SKU-008,2025-06-21,29.0
SKU-008,2025-06-22,15.0
SKU-008,2025-06-23,10.0
